bpm_gt,bpm_pred,failure_reason,level,method,n_tones,n_valid_tones,outlier_frac,quality,quality_pr,quality_snr,quality_stability,rel_err_pct,scenario,segment,selected_variable,valid,variable,variables_used,window_index
8.675,8.178471338109029,,channel,best_tone,72,72,0.0,0.5111492469789839,1.4160762562489393,12.619077016122867,0.37723894916649636,5.723673335918984,cs_091339,1a,,True,local_amplitudes,,0
8.675,9.141268553241163,,channel,equal_average,72,72,0.0,0.5111492469789839,1.4160762562489393,9.474598995761081,0.37723894916649636,5.374853639667579,cs_091339,1a,,True,local_amplitudes,,0
8.675,9.876067399507244,,channel,liu_weighted_median,72,72,0.0,1.4160762562489393,1.4160762562489393,4.223790380785984,0.37723894916649636,13.845157343022976,cs_091339,1a,,True,local_amplitudes,,0
8.675,9.126712808288268,,channel,snr_mrc,72,72,0.0,0.5111492469789839,1.4160762562489393,13.724896497292578,0.37723894916649636,5.207064072487229,cs_091339,1a,,True,local_amplitudes,,0
8.675,9.169110644324093,,channel,quality_mrc,72,72,0.0,0.5111492469789839,1.4160762562489393,10.37678807540857,0.37723894916649636,5.695799934571665,cs_091339,1a,,True,local_amplitudes,,0
8.675,10.497337152759222,,channel,best_tone,72,72,0.0,0.5508886145259085,1.6130697066799589,6.215946035335023,0.41457035760042954,21.0067683315184,cs_091339,1a,,True,remote_amplitudes,,0
8.675,14.53837286952499,,channel,equal_average,72,72,0.0,0.5406501314000711,1.6130697066799589,5.6716418564405044,0.41457035760042954,67.58931261700275,cs_091339,1a,,True,remote_amplitudes,,0
8.675,11.582362744325739,,channel,liu_weighted_median,72,72,0.0,1.6130697066799589,1.6130697066799589,4.495993871221289,0.41457035760042954,33.51426794611802,cs_091339,1a,,True,remote_amplitudes,,0
8.675,14.624855328884758,,channel,snr_mrc,72,72,0.0,0.5291774677142755,1.6130697066799589,5.318190519159654,0.41457035760042954,68.58622857504042,cs_091339,1a,,True,remote_amplitudes,,0
8.675,14.48530828437561,,channel,quality_mrc,72,72,0.0,0.5225414143092851,1.6130697066799589,5.120613648867731,0.41457035760042954,66.97761711095802,cs_091339,1a,,True,remote_amplitudes,,0
8.675,11.27807259063904,,channel,best_tone,72,72,0.0,0.5260839495624984,1.3580301099178325,11.16720658480327,0.4288602043383132,30.006600468461542,cs_091339,1a,,True,phases,,0
8.675,11.967727117455068,,channel,equal_average,72,72,0.0,0.39357176802981864,1.3580301099178325,2.5122213821266324,0.4288602043383132,37.95650855855985,cs_091339,1a,,True,phases,,0
8.675,11.297438834571128,,channel,liu_weighted_median,72,72,0.0,1.3580301099178325,1.3580301099178325,3.7590230922992824,0.4288602043383132,30.229842473442393,cs_091339,1a,,True,phases,,0
8.675,11.717022515918424,,channel,snr_mrc,72,72,0.0,0.49804403099065075,1.3580301099178325,5.090838418262501,0.4288602043383132,35.0665419702412,cs_091339,1a,,True,phases,,0
8.675,11.851675026623077,,channel,quality_mrc,72,72,0.0,0.42458386562524675,1.3580301099178325,3.1541079618117513,0.4288602043383132,36.618732295366875,cs_091339,1a,,True,phases,,0
8.675,9.901282538550104,,channel,best_tone,72,72,0.0,0.5046002132484141,1.3970092525555708,6.522649131918069,0.3678773064498207,14.13582177003001,cs_091339,1a,,True,local_amplitudes,,1
8.675,9.353199092462333,,channel,equal_average,72,72,0.0,0.5046002132484141,1.3970092525555708,12.127583046457111,0.3678773064498207,7.817856973629189,cs_091339,1a,,True,local_amplitudes,,1
8.675,9.901282538550104,,channel,liu_weighted_median,72,72,0.0,1.3970092525555708,1.3970092525555708,3.9520968926937283,0.3678773064498207,14.13582177003001,cs_091339,1a,,True,local_amplitudes,,1
8.675,9.199692446290367,,channel,snr_mrc,72,72,0.0,0.5046002132484141,1.3970092525555708,15.351421270187291,0.3678773064498207,6.048327911128142,cs_091339,1a,,True,local_amplitudes,,1
8.675,9.354587397221987,,channel,quality_mrc,72,72,0.0,0.5046002132484141,1.3970092525555708,12.783038080702854,0.3678773064498207,7.833860486708779,cs_091339,1a,,True,local_amplitudes,,1
8.675,10.566713732767289,,channel,best_tone,72,72,0.0,0.5533210870934137,1.593203847440184,6.236423377847219,0.42532441109063335,21.80649836042983,cs_091339,1a,,True,remote_amplitudes,,1
8.675,14.472240195073091,,channel,equal_average,72,72,0.0,0.5533210870934137,1.593203847440184,6.23034941727945,0.42532441109063335,66.82697631208173,cs_091339,1a,,True,remote_amplitudes,,1
8.675,11.309073014892814,,channel,liu_weighted_median,72,72,0.0,1.593203847440184,1.593203847440184,4.042796728396841,0.42532441109063335,30.36395406216499,cs_091339,1a,,True,remote_amplitudes,,1
8.675,14.279289408215192,,channel,snr_mrc,72,72,0.0,0.5533210870934137,1.593203847440184,6.024057126121678,0.42532441109063335,64.60275974887828,cs_091339,1a,,True,remote_amplitudes,,1
8.675,14.247761902405967,,channel,quality_mrc,72,72,0.0,0.5368544499096145,1.593203847440184,5.48010976849098,0.42532441109063335,64.23933028710047,cs_091339,1a,,True,remote_amplitudes,,1
8.675,11.426207138192186,,channel,best_tone,72,72,0.0,0.5192563783617131,1.3095507411769356,17.099043699399413,0.42764478519791055,31.714203322100122,cs_091339,1a,,True,phases,,1
8.675,12.43346038375848,,channel,equal_average,72,72,0.0,0.374573129290762,1.3095507411769356,2.252244775553505,0.42764478519791055,43.32519174361359,cs_091339,1a,,True,phases,,1
8.675,11.393689687348402,,channel,liu_weighted_median,72,72,0.0,1.3095507411769356,1.3095507411769356,3.9198867968687003,0.42764478519791055,31.3393623901833,cs_091339,1a,,True,phases,,1
8.675,12.243798357131412,,channel,snr_mrc,72,72,0.0,0.41259689940207367,1.3095507411769356,3.0101186219896126,0.42764478519791055,41.13888596116901,cs_091339,1a,,True,phases,,1
8.675,12.31762847339777,,channel,quality_mrc,72,72,0.0,0.38708999398480826,1.3095507411769356,2.485659099507688,0.42764478519791055,41.989953583835955,cs_091339,1a,,True,phases,,1
8.675,9.751832589421193,,channel,best_tone,72,72,0.0,0.5107891717572488,1.472843766179926,5.666502326341781,0.38323444423988384,12.413055785835068,cs_091339,1a,,True,local_amplitudes,,2
8.675,9.579260276586691,,channel,equal_average,72,72,0.0,0.5043428782366972,1.472843766179926,5.454660221951409,0.38323444423988384,10.42374958601372,cs_091339,1a,,True,local_amplitudes,,2
8.675,10.212251191338577,,channel,liu_weighted_median,72,72,0.0,1.472843766179926,1.472843766179926,3.4449419128070606,0.38323444423988384,17.72047482811039,cs_091339,1a,,True,local_amplitudes,,2
8.675,9.469483582436256,,channel,snr_mrc,72,72,0.0,0.5206194732035749,1.472843766179926,6.194751832604446,0.38323444423988384,9.158312189466919,cs_091339,1a,,True,local_amplitudes,,2
8.675,9.55233519198128,,channel,quality_mrc,72,72,0.0,0.508289383897418,1.472843766179926,5.5837137069878,0.38323444423988384,10.113373970965753,cs_091339,1a,,True,local_amplitudes,,2
8.675,10.560625631241344,,channel,best_tone,72,72,0.0,0.559699985774568,1.6377335536511535,6.299251926228449,0.4282354658079274,21.736318515750348,cs_091339,1a,,True,remote_amplitudes,,2
8.675,14.40292064781193,,channel,equal_average,72,72,0.0,0.559699985774568,1.6377335536511535,6.826640886714734,0.4282354658079274,66.02790372117498,cs_091339,1a,,True,remote_amplitudes,,2
8.675,11.064189976993665,,channel,liu_weighted_median,72,72,0.0,1.6377335536511535,1.6377335536511535,3.7455673438980597,0.4282354658079274,27.541094835661838,cs_091339,1a,,True,remote_amplitudes,,2
8.675,13.833021299273703,,channel,snr_mrc,72,72,0.0,0.5163697931046329,1.6377335536511535,4.711593879718435,0.4282354658079274,59.45845878125306,cs_091339,1a,,True,remote_amplitudes,,2
8.675,14.027800874272327,,channel,quality_mrc,72,72,0.0,0.5213895751187392,1.6377335536511535,4.850342347772241,0.4282354658079274,61.70375647576167,cs_091339,1a,,True,remote_amplitudes,,2
8.675,13.156308285459271,,channel,best_tone,72,72,0.0,0.5250079650427043,1.36040822377296,10.202809643351278,0.42548908089793885,51.65773239722502,cs_091339,1a,,True,phases,,2
8.675,12.441215897975814,,channel,equal_average,72,72,0.0,0.34343499564139524,1.36040822377296,1.6795278712059174,0.42548908089793885,43.41459248387105,cs_091339,1a,,True,phases,,2
8.675,11.067356371159214,,channel,liu_weighted_median,72,72,0.0,1.36040822377296,1.36040822377296,4.014326371546551,0.42548908089793885,27.577595056590347,cs_091339,1a,,True,phases,,2
8.675,12.63439465772877,,channel,snr_mrc,72,72,0.0,0.37058758447555595,1.36040822377296,2.1102123953035123,0.42548908089793885,45.6414369767005,cs_091339,1a,,True,phases,,2
8.675,12.324874552048527,,channel,quality_mrc,72,72,0.0,0.3491343727966512,1.36040822377296,1.7645395507520036,0.42548908089793885,42.07348186799454,cs_091339,1a,,True,phases,,2
8.675,8.58656211581734,,channel,best_tone,72,72,0.0,0.5109812770640426,1.3906098951474404,14.090609346029542,0.38376877698867434,1.0194568781862858,cs_091339,1a,,True,local_amplitudes,,3
8.675,9.889691248075343,,channel,equal_average,72,72,0.0,0.46742326034823767,1.3906098951474404,4.59269123896157,0.38376877698867434,14.002204588764746,cs_091339,1a,,True,local_amplitudes,,3
8.675,10.261435821390009,,channel,liu_weighted_median,72,72,0.0,1.3906098951474404,1.3906098951474404,3.3590564506294425,0.38376877698867434,18.287444626974157,cs_091339,1a,,True,local_amplitudes,,3
8.675,9.813764335334113,,channel,snr_mrc,72,72,0.0,0.4654841449058347,1.3906098951474404,4.535769399920885,0.38376877698867434,13.126966401545964,cs_091339,1a,,True,local_amplitudes,,3
8.675,9.878020337609323,,channel,quality_mrc,72,72,0.0,0.47482270092760903,1.3906098951474404,4.814272962068364,0.38376877698867434,13.867669597801985,cs_091339,1a,,True,local_amplitudes,,3
8.675,10.581656908194338,,channel,best_tone,72,72,0.0,0.5685786977953514,1.6665611718179782,6.675179737396569,0.44117458476630955,21.978753984949133,cs_091339,1a,,True,remote_amplitudes,,3
8.675,14.29596131778906,,channel,equal_average,72,72,0.0,0.5685786977953514,1.6665611718179782,6.532349847043044,0.44117458476630955,64.79494314454246,cs_091339,1a,,True,remote_amplitudes,,3
8.675,11.242870319151548,,channel,liu_weighted_median,72,72,0.0,1.6665611718179782,1.6665611718179782,3.6265004566257724,0.44117458476630955,29.60081059540688,cs_091339,1a,,True,remote_amplitudes,,3
8.675,13.70653861264403,,channel,snr_mrc,72,72,0.0,0.51540009917856,1.6665611718179782,4.469027120640142,0.44117458476630955,58.00044510252482,cs_091339,1a,,True,remote_amplitudes,,3
8.675,13.905841634210397,,channel,quality_mrc,72,72,0.0,0.5438921348155199,1.6665611718179782,5.251916740604372,0.44117458476630955,60.29788627331868,cs_091339,1a,,True,remote_amplitudes,,3
8.675,13.013251806013571,,channel,best_tone,72,72,0.0,0.5333112912158771,1.4303257105891356,7.875300926691719,0.4241967940161279,50.00866635174144,cs_091339,1a,,True,phases,,3
8.675,11.713093658344176,,channel,equal_average,72,72,0.0,0.30942367747000366,1.4303257105891356,1.1718433089852247,0.4241967940161279,35.02125254575418,cs_091339,1a,,True,phases,,3
8.675,10.699099100123869,,channel,liu_weighted_median,72,72,0.0,1.4303257105891356,1.4303257105891356,4.074305607595294,0.4241967940161279,23.33255446828666,cs_091339,1a,,True,phases,,3
8.675,12.261568531958915,,channel,snr_mrc,72,72,0.0,0.3130987159834621,1.4303257105891356,1.2140952898945365,0.4241967940161279,41.343729475030706,cs_091339,1a,,True,phases,,3
8.675,11.880975410963314,,channel,quality_mrc,72,72,0.0,0.31781340893289906,1.4303257105891356,1.2697714690339248,0.4241967940161279,36.95648888718517,cs_091339,1a,,True,phases,,3
8.675,9.538534510859108,,channel,best_tone,72,72,0.0,0.501622581454058,1.343666994962787,10.184544601736015,0.37575050958796324,9.954288309615071,cs_091339,1a,,True,local_amplitudes,,4
8.675,10.288047152504397,,channel,equal_average,72,72,0.0,0.4318839587054808,1.343666994962787,3.8293162479983924,0.37575050958796324,18.594203487082382,cs_091339,1a,,True,local_amplitudes,,4
8.675,10.441223419698973,,channel,liu_weighted_median,72,72,0.0,1.343666994962787,1.343666994962787,3.502098406886146,0.37575050958796324,20.35992414638585,cs_091339,1a,,True,local_amplitudes,,4
8.675,10.095995272634726,,channel,snr_mrc,72,72,0.0,0.4445506128755372,1.343666994962787,4.1762227404773595,0.37575050958796324,16.38034896408905,cs_091339,1a,,True,local_amplitudes,,4
8.675,10.23659005140096,,channel,quality_mrc,72,72,0.0,0.4461049051952961,1.343666994962787,4.220180337674322,0.37575050958796324,18.001038056495204,cs_091339,1a,,True,local_amplitudes,,4
8.675,9.682771130531016,,channel,best_tone,72,72,0.0,0.5756615345530985,1.7046070435993834,11.750023757913837,0.44764871880389245,11.616958277014584,cs_091339,1a,,True,remote_amplitudes,,4
8.675,14.070499278950841,,channel,equal_average,72,72,0.0,0.5541730900330101,1.7046070435993834,5.352860391466386,0.44764871880389245,62.19595710606155,cs_091339,1a,,True,remote_amplitudes,,4
8.675,11.089439623874451,,channel,liu_weighted_median,72,72,0.0,1.7046070435993834,1.7046070435993834,3.411976575662289,0.44764871880389245,27.832157047544097,cs_091339,1a,,True,remote_amplitudes,,4
8.675,13.5201896303359,,channel,snr_mrc,72,72,0.0,0.502695182961684,1.7046070435993834,3.9954324098042626,0.44764871880389245,55.85233003269047,cs_091339,1a,,True,remote_amplitudes,,4
8.675,13.755144201664107,,channel,quality_mrc,72,72,0.0,0.5379119194819925,1.7046070435993834,4.895342931900175,0.44764871880389245,58.56074007681966,cs_091339,1a,,True,remote_amplitudes,,4
8.675,12.84634449467319,,channel,best_tone,72,72,0.0,0.5440674426397746,1.496704664635475,7.0691636188651055,0.43040974306853685,48.084662762803326,cs_091339,1a,,True,phases,,4
8.675,8.218164278164412,,channel,equal_average,72,72,0.0,0.3488497574502192,1.496704664635475,1.581642447265982,0.43040974306853685,5.266117830957792,cs_091339,1a,,True,phases,,4
8.675,10.232094652743008,,channel,liu_weighted_median,72,72,0.0,1.496704664635475,1.496704664635475,4.142006474789309,0.43040974306853685,17.94921789905484,cs_091339,1a,,True,phases,,4
8.675,8.361311527774772,,channel,snr_mrc,72,72,0.0,0.39341638940569634,1.496704664635475,2.2685605772197146,0.43040974306853685,3.616005443518486,cs_091339,1a,,True,phases,,4
8.675,8.865648380622153,,channel,quality_mrc,72,72,0.0,0.34213546715433996,1.496704664635475,1.4920635723183262,0.43040974306853685,2.1976758573158723,cs_091339,1a,,True,phases,,4
8.675,12.591804689692161,,channel,best_tone,72,72,0.0,0.5044144290399668,1.3642294574071643,6.79493680940121,0.37630073997806857,45.15048633650905,cs_091339,1a,,True,local_amplitudes,,5
8.675,10.54194355523123,,channel,equal_average,72,72,0.0,0.42413422326205763,1.3642294574071643,3.5669637632964255,0.37630073997806857,21.52096317269428,cs_091339,1a,,True,local_amplitudes,,5
8.675,10.66508453913852,,channel,liu_weighted_median,72,72,0.0,1.3642294574071643,1.3642294574071643,3.5901992826697846,0.37630073997806857,22.940455782576596,cs_091339,1a,,True,local_amplitudes,,5
8.675,10.091737609301767,,channel,snr_mrc,72,72,0.0,0.4119565958042166,1.3642294574071643,3.2684596555539205,0.37630073997806857,16.331269271490097,cs_091339,1a,,True,local_amplitudes,,5
8.675,10.477378589054439,,channel,quality_mrc,72,72,0.0,0.4360424804257672,1.3642294574071643,3.875923090995098,0.37630073997806857,20.776698432904183,cs_091339,1a,,True,local_amplitudes,,5
8.675,9.787607122098835,,channel,best_tone,72,72,0.0,0.5898298771054701,1.8725334703024314,8.243262739163471,0.438339597423416,12.825442329669565,cs_091339,1a,,True,remote_amplitudes,,5
8.675,13.583151784645196,,channel,equal_average,72,72,0.0,0.4905512677711836,1.8725334703024314,3.4516293672397373,0.438339597423416,56.57811855498783,cs_091339,1a,,True,remote_amplitudes,,5
8.675,10.832133836802527,,channel,liu_weighted_median,72,72,0.0,1.8725334703024314,1.8725334703024314,3.3634787660600773,0.438339597423416,24.866096101470035,cs_091339,1a,,True,remote_amplitudes,,5
8.675,12.822962916136744,,channel,snr_mrc,72,72,0.0,0.5123648798386929,1.8725334703024314,3.932864718733023,0.438339597423416,47.81513447996245,cs_091339,1a,,True,remote_amplitudes,,5
8.675,13.228478337677977,,channel,quality_mrc,72,72,0.0,0.5063562567568936,1.8725334703024314,3.7961161329826245,0.438339597423416,52.48966383490462,cs_091339,1a,,True,remote_amplitudes,,5
8.675,11.968003722456073,,channel,best_tone,72,72,0.027777777777777776,0.5514595052839568,1.5381946196161236,6.051432298934566,0.4361035119290389,37.9596970888308,cs_091339,1a,,True,phases,,5
8.675,7.8651143012496885,,channel,equal_average,72,72,0.027777777777777776,0.4022258034125182,1.5381946196161236,2.328199294037236,0.4361035119290389,9.335858198850861,cs_091339,1a,,True,phases,,5
8.675,9.57527654025429,,channel,liu_weighted_median,72,72,0.027777777777777776,1.5381946196161236,1.5381946196161236,4.338034974016926,0.4361035119290389,10.377827553363563,cs_091339,1a,,True,phases,,5
8.675,8.696438191326544,,channel,snr_mrc,72,72,0.027777777777777776,0.4965520432459209,1.5381946196161236,4.38030841116967,0.4361035119290389,0.24712612480165744,cs_091339,1a,,True,phases,,5
8.675,8.477765881006295,,channel,quality_mrc,72,72,0.027777777777777776,0.4167684183838968,1.5381946196161236,2.5899702484279326,0.4361035119290389,2.2735921497833482,cs_091339,1a,,True,phases,,5
8.675,12.41626791789473,,channel,best_tone,72,72,0.0,0.5025315421432567,1.339013407620965,7.644152394885497,0.3791098286772888,43.12700769907469,cs_091339,1a,,True,local_amplitudes,,6
8.675,10.74827857391443,,channel,equal_average,72,72,0.0,0.42017105729726084,1.339013407620965,3.507031548413017,0.3791098286772888,23.89946482898477,cs_091339,1a,,True,local_amplitudes,,6
8.675,11.055968554054015,,channel,liu_weighted_median,72,72,0.0,1.339013407620965,1.339013407620965,4.057132879380861,0.3791098286772888,27.446323389671633,cs_091339,1a,,True,local_amplitudes,,6
8.675,8.695549050923542,,channel,snr_mrc,72,72,0.0,0.4531166031587911,1.339013407620965,4.398364324892025,0.3791098286772888,0.23687666770653318,cs_091339,1a,,True,local_amplitudes,,6
8.675,10.741366258618289,,channel,quality_mrc,72,72,0.0,0.42663306110138166,1.339013407620965,3.671341587098752,0.3791098286772888,23.819783961017727,cs_091339,1a,,True,local_amplitudes,,6
8.675,9.955174936150023,,channel,best_tone,72,72,0.0,0.5989654028039404,1.9418267557527917,6.39108483720997,0.44264414420892095,14.757059782709186,cs_091339,1a,,True,remote_amplitudes,,6
8.675,12.586861873317906,,channel,equal_average,72,72,0.0,0.4363192783035453,1.9418267557527917,2.319312370654245,0.44264414420892095,45.093508626143,cs_091339,1a,,True,remote_amplitudes,,6
8.675,10.807434241341072,,channel,liu_weighted_median,72,72,0.0,1.9418267557527917,1.9418267557527917,3.5064152514749187,0.44264414420892095,24.581374539954712,cs_091339,1a,,True,remote_amplitudes,,6
8.675,12.065291109714366,,channel,snr_mrc,72,72,0.0,0.5669918164223767,1.9418267557527917,5.089515127368729,0.44264414420892095,39.08116552984859,cs_091339,1a,,True,remote_amplitudes,,6
8.675,12.323124848261271,,channel,quality_mrc,72,72,0.0,0.46498496844125237,1.9418267557527917,2.807131636436821,0.44264414420892095,42.053312371887834,cs_091339,1a,,True,remote_amplitudes,,6
8.675,9.59790103530239,,channel,best_tone,72,72,0.027777777777777776,0.5566450834617841,1.532456778634029,15.090170456413823,0.4502014499745192,10.638628649018903,cs_091339,1a,,True,phases,,6
8.675,7.353143478360292,,channel,equal_average,72,72,0.027777777777777776,0.46664370738699246,1.532456778634029,3.5348611492885387,0.4502014499745192,15.237539154348227,cs_091339,1a,,True,phases,,6
8.675,9.524136686039949,,channel,liu_weighted_median,72,72,0.027777777777777776,1.532456778634029,1.532456778634029,4.452815660704679,0.4502014499745192,9.788319147434558,cs_091339,1a,,True,phases,,6
8.675,8.78303070532123,,channel,snr_mrc,72,72,0.027777777777777776,0.5566450834617841,1.532456778634029,7.407005386963779,0.4502014499745192,1.2453107241640364,cs_091339,1a,,True,phases,,6
8.675,7.9988116992966285,,channel,quality_mrc,72,72,0.027777777777777776,0.48886234519790006,1.532456778634029,4.064207550529739,0.4502014499745192,7.794677817906308,cs_091339,1a,,True,phases,,6
8.675,12.309704217461526,,channel,best_tone,72,72,0.0,0.4925771891384143,1.2869355433036989,6.740095243348367,0.3714720000532454,41.89860769408098,cs_091339,1a,,True,local_amplitudes,,7
8.675,10.93018971223537,,channel,equal_average,72,72,0.0,0.4200132942423032,1.2869355433036989,3.719781863761155,0.3714720000532454,25.99642319579676,cs_091339,1a,,True,local_amplitudes,,7
8.675,12.260443970064276,,channel,liu_weighted_median,72,72,0.0,1.2869355433036989,1.2869355433036989,3.779222208305492,0.3714720000532454,41.33076622552479,cs_091339,1a,,True,local_amplitudes,,7
8.675,8.225078320550839,,channel,snr_mrc,72,72,0.0,0.4672738702890664,1.2869355433036989,5.122038641470598,0.3714720000532454,5.186417054169009,cs_091339,1a,,True,local_amplitudes,,7
8.675,10.945217766909138,,channel,quality_mrc,72,72,0.0,0.4211046163479704,1.2869355433036989,3.748852636971363,0.3714720000532454,26.169657255436746,cs_091339,1a,,True,local_amplitudes,,7
8.675,10.895202665692953,,channel,best_tone,72,72,0.013888888888888888,0.6005548884561804,1.9831551878263072,8.93836177235635,0.43687924224097585,25.593114301936044,cs_091339,1a,,True,remote_amplitudes,,7
8.675,11.480862249648254,,channel,equal_average,72,72,0.013888888888888888,0.4651322324305798,1.9831551878263072,2.7875485435759924,0.43687924224097585,32.34423342534009,cs_091339,1a,,True,remote_amplitudes,,7
8.675,10.895202665692953,,channel,liu_weighted_median,72,72,0.013888888888888888,1.9831551878263072,1.9831551878263072,3.8138887313476206,0.43687924224097585,25.593114301936044,cs_091339,1a,,True,remote_amplitudes,,7
8.675,11.260382225115674,,channel,snr_mrc,72,72,0.013888888888888888,0.6005548884561804,1.9831551878263072,7.871469283203014,0.43687924224097585,29.80267694657836,cs_091339,1a,,True,remote_amplitudes,,7
8.675,11.382505543847682,,channel,quality_mrc,72,72,0.013888888888888888,0.5494066962368989,1.9831551878263072,4.593830598185058,0.43687924224097585,31.210438545794588,cs_091339,1a,,True,remote_amplitudes,,7
8.675,9.638551325113838,,channel,best_tone,72,72,0.013888888888888888,0.5717791685127057,1.5756033242989762,13.779677058669373,0.4745676051883457,11.107219886038466,cs_091339,1a,,True,phases,,7
8.675,6.863303172571086,,channel,equal_average,72,72,0.013888888888888888,0.5717791685127057,1.5756033242989762,6.19322707137737,0.4745676051883457,20.88411328448317,cs_091339,1a,,True,phases,,7
8.675,9.012463017180455,,channel,liu_weighted_median,72,72,0.013888888888888888,1.5756033242989762,1.5756033242989762,4.353845251796511,0.4745676051883457,3.8900635986219476,cs_091339,1a,,True,phases,,7
8.675,8.905670613448992,,channel,snr_mrc,72,72,0.013888888888888888,0.5717791685127057,1.5756033242989762,11.029481690173917,0.4745676051883457,2.6590272443687732,cs_091339,1a,,True,phases,,7
8.675,7.309419670563679,,channel,quality_mrc,72,72,0.013888888888888888,0.5717791685127057,1.5756033242989762,6.0255828459997876,0.4745676051883457,15.741559993502264,cs_091339,1a,,True,phases,,7
8.675,12.2591302727742,,channel,best_tone,72,72,0.0,0.48566160833278776,1.2367023885944564,6.884793326598699,0.370506740173453,41.31562274091296,cs_091339,1a,,True,local_amplitudes,,8
8.675,11.009919226436695,,channel,equal_average,72,72,0.0,0.4721087219960863,1.2367023885944564,5.51157854450628,0.370506740173453,26.915495405610308,cs_091339,1a,,True,local_amplitudes,,8
8.675,11.881123199895775,,channel,liu_weighted_median,72,72,0.0,1.2367023885944564,1.2367023885944564,3.066415402916183,0.370506740173453,36.958192506003165,cs_091339,1a,,True,local_amplitudes,,8
8.675,10.764326413109183,,channel,snr_mrc,72,72,0.0,0.31972775970236794,1.2367023885944564,1.7119495534326916,0.370506740173453,24.084454329788844,cs_091339,1a,,True,local_amplitudes,,8
8.675,11.050923410608785,,channel,quality_mrc,72,72,0.0,0.459052370916491,1.2367023885944564,5.066833502418226,0.370506740173453,27.388166116527774,cs_091339,1a,,True,local_amplitudes,,8
8.675,11.024837030062592,,channel,best_tone,72,72,0.013888888888888888,0.5968221113459028,2.0071781200859355,9.872866273795056,0.4236515418146407,27.08745855979932,cs_091339,1a,,True,remote_amplitudes,,8
8.675,10.765769665248186,,channel,equal_average,72,72,0.013888888888888888,0.539550000811615,2.0071781200859355,4.43314185946936,0.4236515418146407,24.101091242054007,cs_091339,1a,,True,remote_amplitudes,,8
8.675,11.024837030062592,,channel,liu_weighted_median,72,72,0.013888888888888888,2.0071781200859355,2.0071781200859355,4.13967273080215,0.4236515418146407,27.08745855979932,cs_091339,1a,,True,remote_amplitudes,,8
8.675,10.939568837178452,,channel,snr_mrc,72,72,0.013888888888888888,0.5968221113459028,2.0071781200859355,11.405570169464271,0.4236515418146407,26.10453990983806,cs_091339,1a,,True,remote_amplitudes,,8
8.675,10.827837663009648,,channel,quality_mrc,72,72,0.013888888888888888,0.5968221113459028,2.0071781200859355,6.863881503727474,0.4236515418146407,24.81657248426106,cs_091339,1a,,True,remote_amplitudes,,8
8.675,9.706046718898916,,channel,best_tone,72,72,0.027777777777777776,0.5683273002950715,1.639998734066263,8.94663281582437,0.4477257099172603,11.885264771169053,cs_091339,1a,,True,phases,,8
8.675,6.328124999999999,,channel,equal_average,72,72,0.027777777777777776,0.5683273002950715,1.639998734066263,13.420642808988301,0.4477257099172603,27.05331412103748,cs_091339,1a,,True,phases,,8
8.675,8.843338522974024,,channel,liu_weighted_median,72,72,0.027777777777777776,1.639998734066263,1.639998734066263,4.027069269592211,0.4477257099172603,1.9405017057524323,cs_091339,1a,,True,phases,,8
8.675,7.605052575458532,,channel,snr_mrc,72,72,0.027777777777777776,0.5683273002950715,1.639998734066263,11.960008556077218,0.4477257099172603,12.333687890967937,cs_091339,1a,,True,phases,,8
8.675,6.674069249254109,,channel,quality_mrc,72,72,0.027777777777777776,0.5683273002950715,1.639998734066263,10.735168278476749,0.4477257099172603,23.06548415845408,cs_091339,1a,,True,phases,,8
8.675,12.245961536650311,,channel,best_tone,72,72,0.0,0.47525278839494967,1.1966085952452066,7.906697411310795,0.3588243395474988,41.163821748130374,cs_091339,1a,,True,local_amplitudes,,9
8.675,10.958776445966873,,channel,equal_average,72,72,0.0,0.47525278839494967,1.1966085952452066,8.076838902010419,0.3588243395474988,26.325953267629643,cs_091339,1a,,True,local_amplitudes,,9
8.675,12.245961536650311,,channel,liu_weighted_median,72,72,0.0,1.1966085952452066,1.1966085952452066,2.808630846814783,0.3588243395474988,41.163821748130374,cs_091339,1a,,True,local_amplitudes,,9
8.675,11.15487102413876,,channel,snr_mrc,72,72,0.0,0.40539862269633115,1.1966085952452066,3.7241231694687857,0.3588243395474988,28.58640950015861,cs_091339,1a,,True,local_amplitudes,,9
8.675,10.960629980513579,,channel,quality_mrc,72,72,0.0,0.47525278839494967,1.1966085952452066,9.003545810605027,0.3588243395474988,26.34731966009888,cs_091339,1a,,True,local_amplitudes,,9
8.675,11.157359116390928,,channel,best_tone,72,72,0.013888888888888888,0.6023103033193605,1.9947610128069906,8.497134270350092,0.4381572449353687,28.615090678857957,cs_091339,1a,,True,remote_amplitudes,,9
8.675,10.339349121810915,,channel,equal_average,72,72,0.013888888888888888,0.6023103033193605,1.9947610128069906,6.1864623250078425,0.4381572449353687,19.18558065488086,cs_091339,1a,,True,remote_amplitudes,,9
8.675,11.097935494071534,,channel,liu_weighted_median,72,72,0.013888888888888888,1.9947610128069906,1.9947610128069906,4.482060460039264,0.4381572449353687,27.93009215068049,cs_091339,1a,,True,remote_amplitudes,,9
8.675,10.662611289783177,,channel,snr_mrc,72,72,0.013888888888888888,0.6023103033193605,1.9947610128069906,13.66853308009442,0.4381572449353687,22.911945703552465,cs_091339,1a,,True,remote_amplitudes,,9
8.675,10.509875158474955,,channel,quality_mrc,72,72,0.013888888888888888,0.6023103033193605,1.9947610128069906,9.675203469354074,0.4381572449353687,21.151298656771804,cs_091339,1a,,True,remote_amplitudes,,9
8.675,9.779008451805966,,channel,best_tone,72,72,0.041666666666666664,0.5641599662940188,1.697748488645328,6.019598420315186,0.4230516885556604,12.726322211019772,cs_091339,1a,,True,phases,,9
8.675,6.328124999999999,,channel,equal_average,72,72,0.041666666666666664,0.5641599662940188,1.697748488645328,27.191819440008718,0.4230516885556604,27.05331412103748,cs_091339,1a,,True,phases,,9
8.675,9.284849431444643,,channel,liu_weighted_median,72,72,0.041666666666666664,1.697748488645328,1.697748488645328,3.872996226360105,0.4230516885556604,7.0299646276039445,cs_091339,1a,,True,phases,,9
8.675,6.328124999999999,,channel,snr_mrc,72,72,0.041666666666666664,0.5641599662940188,1.697748488645328,15.119377286697487,0.4230516885556604,27.05331412103748,cs_091339,1a,,True,phases,,9
8.675,6.328124999999999,,channel,quality_mrc,72,72,0.041666666666666664,0.5641599662940188,1.697748488645328,13.79899719339214,0.4230516885556604,27.05331412103748,cs_091339,1a,,True,phases,,9
8.675,10.699538412876192,,channel,best_tone,72,72,0.0,0.4786330207259903,1.2241408453409384,6.6948021383333645,0.3582915564641071,23.337618592232754,cs_091339,1a,,True,local_amplitudes,,10
8.675,10.703216953536304,,channel,equal_average,72,72,0.0,0.4786330207259903,1.2241408453409384,7.908453683939474,0.3582915564641071,23.38002251915046,cs_091339,1a,,True,local_amplitudes,,10
8.675,12.275858207674993,,channel,liu_weighted_median,72,72,0.0,1.2241408453409384,1.2241408453409384,2.87216500855549,0.3582915564641071,41.508451961671376,cs_091339,1a,,True,local_amplitudes,,10
8.675,10.90205669846369,,channel,snr_mrc,72,72,0.0,0.41252700501629147,1.2241408453409384,3.84149639819381,0.3582915564641071,25.67212332522985,cs_091339,1a,,True,local_amplitudes,,10
8.675,10.656556696457029,,channel,quality_mrc,72,72,0.0,0.4786330207259903,1.2241408453409384,6.469504543902035,0.3582915564641071,22.84215212054211,cs_091339,1a,,True,local_amplitudes,,10
8.675,11.118883344390014,,channel,best_tone,72,72,0.0,0.6132827355695485,2.022112552451741,8.086268380015033,0.4562857266050363,28.171565929567873,cs_091339,1a,,True,remote_amplitudes,,10
8.675,10.106069807755535,,channel,equal_average,72,72,0.0,0.6132827355695485,2.022112552451741,8.70455610010855,0.4562857266050363,16.496481933781375,cs_091339,1a,,True,remote_amplitudes,,10
8.675,10.972249063524679,,channel,liu_weighted_median,72,72,0.0,2.022112552451741,2.022112552451741,4.582156155767063,0.4562857266050363,26.481257216422797,cs_091339,1a,,True,remote_amplitudes,,10
8.675,10.5333109473925,,channel,snr_mrc,72,72,0.0,0.6132827355695485,2.022112552451741,7.418964823944842,0.4562857266050363,21.421451843141206,cs_091339,1a,,True,remote_amplitudes,,10
8.675,10.327425808287462,,channel,quality_mrc,72,72,0.0,0.6132827355695485,2.022112552451741,9.850078558052049,0.4562857266050363,19.048136118587443,cs_091339,1a,,True,remote_amplitudes,,10
8.675,9.820776700853195,,channel,best_tone,72,72,0.1111111111111111,0.5064985938370672,1.613086439722061,5.335180128783082,0.3623591618750617,13.207800586203962,cs_091339,1a,,True,phases,,10
8.675,6.328124999999999,,channel,equal_average,72,72,0.1111111111111111,0.5267189763475446,1.613086439722061,29.38159685984144,0.3623591618750617,27.05331412103748,cs_091339,1a,,True,phases,,10
8.675,9.546825369379262,,channel,liu_weighted_median,72,72,0.1111111111111111,1.613086439722061,1.613086439722061,3.7575461910838612,0.3623591618750617,10.049860165755167,cs_091339,1a,,True,phases,,10
8.675,6.328124999999999,,channel,snr_mrc,72,72,0.1111111111111111,0.5267189763475446,1.613086439722061,21.664815843864673,0.3623591618750617,27.05331412103748,cs_091339,1a,,True,phases,,10
8.675,6.328124999999999,,channel,quality_mrc,72,72,0.1111111111111111,0.5267189763475446,1.613086439722061,38.908051606762804,0.3623591618750617,27.05331412103748,cs_091339,1a,,True,phases,,10
8.675,10.721818728061118,,channel,best_tone,72,72,0.0,0.4742163378955736,1.1960103596911786,7.258314428434737,0.35666014929648976,23.594452196669938,cs_091339,1a,,True,local_amplitudes,,11
8.675,9.927118637917173,,channel,equal_average,72,72,0.0,0.3772491832692342,1.1960103596911786,3.0206933386904122,0.35666014929648976,14.433644241120144,cs_091339,1a,,True,local_amplitudes,,11
8.675,12.307454613748067,,channel,liu_weighted_median,72,72,0.0,1.1960103596911786,1.1960103596911786,2.9234942391294556,0.35666014929648976,41.87267566280192,cs_091339,1a,,True,local_amplitudes,,11
8.675,10.174632024198877,,channel,snr_mrc,72,72,0.0,0.35956646035391676,1.1960103596911786,2.615527181177086,0.35666014929648976,17.28682448644237,cs_091339,1a,,True,local_amplitudes,,11
8.675,9.856893175161058,,channel,quality_mrc,72,72,0.0,0.3711957870410218,1.1960103596911786,2.877602675506316,0.35666014929648976,13.624128820300378,cs_091339,1a,,True,local_amplitudes,,11
8.675,11.076556572838717,,channel,best_tone,72,72,0.0,0.6168233104489309,2.007602965869582,7.527618056053178,0.4675892264869994,27.68364925462497,cs_091339,1a,,True,remote_amplitudes,,11
8.675,9.960182862376453,,channel,equal_average,72,72,0.0,0.6168233104489309,2.007602965869582,7.4895508782936,0.4675892264869994,14.814788038921634,cs_091339,1a,,True,remote_amplitudes,,11
8.675,11.076556572838717,,channel,liu_weighted_median,72,72,0.0,2.007602965869582,2.007602965869582,4.478002164803921,0.4675892264869994,27.68364925462497,cs_091339,1a,,True,remote_amplitudes,,11
8.675,10.71571535874817,,channel,snr_mrc,72,72,0.0,0.5926658357179527,2.007602965869582,5.322290751250018,0.4675892264869994,23.524096354445756,cs_091339,1a,,True,remote_amplitudes,,11
8.675,10.2299747677724,,channel,quality_mrc,72,72,0.0,0.6022755070186955,2.007602965869582,5.58540311108527,0.4675892264869994,17.92478118469625,cs_091339,1a,,True,remote_amplitudes,,11
8.675,10.761497722316799,,channel,best_tone,72,72,0.1388888888888889,0.5231089122572863,1.60258754089688,6.287217629475954,0.3572848382812701,24.051846943133114,cs_091339,1a,,True,phases,,11
8.675,6.328124999999999,,channel,equal_average,72,72,0.1388888888888889,0.5231089122572863,1.60258754089688,10.157430946041508,0.3572848382812701,27.05331412103748,cs_091339,1a,,True,phases,,11
8.675,9.521830344033038,,channel,liu_weighted_median,72,72,0.1388888888888889,1.60258754089688,1.60258754089688,3.7413249484995834,0.3572848382812701,9.761733072426942,cs_091339,1a,,True,phases,,11
8.675,7.238602481614214,,channel,snr_mrc,72,72,0.1388888888888889,0.5231089122572863,1.60258754089688,41.44754893830589,0.3572848382812701,16.557896465542214,cs_091339,1a,,True,phases,,11
8.675,6.328124999999999,,channel,quality_mrc,72,72,0.1388888888888889,0.5231089122572863,1.60258754089688,7.829806489947785,0.3572848382812701,27.05331412103748,cs_091339,1a,,True,phases,,11
8.675,10.796997209412503,,channel,best_tone,72,72,0.0,0.47659160665942557,1.2202591038018278,6.552734114062789,0.35485187458661815,24.461062932708955,cs_091339,1a,,True,local_amplitudes,,12
8.675,8.720987778347114,,channel,equal_average,72,72,0.0,0.4205336912876131,1.2202591038018278,4.12206150216437,0.35485187458661815,0.5301184823874721,cs_091339,1a,,True,local_amplitudes,,12
8.675,12.035728411702275,,channel,liu_weighted_median,72,72,0.0,1.2202591038018278,1.2202591038018278,2.935588898202316,0.35485187458661815,38.74038514930575,cs_091339,1a,,True,local_amplitudes,,12
8.675,8.66638054888205,,channel,snr_mrc,72,72,0.0,0.4141363334347461,1.2202591038018278,3.9367885046625113,0.35485187458661815,0.09935966706572186,cs_091339,1a,,True,local_amplitudes,,12
8.675,8.50233457678469,,channel,quality_mrc,72,72,0.0,0.44155675172125375,1.2202591038018278,4.771683952949625,0.35485187458661815,1.9903795183321058,cs_091339,1a,,True,local_amplitudes,,12
8.675,10.974774370258121,,channel,best_tone,72,72,0.0,0.6198281742788073,2.0317178442163124,7.425145984713247,0.46882475569374005,26.510367380497062,cs_091339,1a,,True,remote_amplitudes,,12
8.675,9.879357351472597,,channel,equal_average,72,72,0.0,0.5667180889997043,2.0317178442163124,4.586047366024873,0.46882475569374005,13.883081861355581,cs_091339,1a,,True,remote_amplitudes,,12
8.675,11.207311427096695,,channel,liu_weighted_median,72,72,0.0,2.0317178442163124,2.0317178442163124,4.041134107648178,0.46882475569374005,29.190909822440275,cs_091339,1a,,True,remote_amplitudes,,12
8.675,10.439692223507809,,channel,snr_mrc,72,72,0.0,0.5330622477333337,2.0317178442163124,3.8165511696118393,0.46882475569374005,20.342273469830637,cs_091339,1a,,True,remote_amplitudes,,12
8.675,10.146934520749705,,channel,quality_mrc,72,72,0.0,0.5465534774904974,2.0317178442163124,4.113725382845821,0.46882475569374005,16.967544907777565,cs_091339,1a,,True,remote_amplitudes,,12
8.675,10.671521157081765,,channel,best_tone,72,72,0.16666666666666666,0.48339979099774294,1.531919443951867,4.922078448017385,0.35953912479343664,23.014653107570766,cs_091339,1a,,True,phases,,12
8.675,6.93908069800089,,channel,equal_average,72,72,0.16666666666666666,0.5142087110524817,1.531919443951867,5.9244419051355335,0.35953912479343664,20.010597141200126,cs_091339,1a,,True,phases,,12
8.675,9.13675383659126,,channel,liu_weighted_median,72,72,0.16666666666666666,1.531919443951867,1.531919443951867,3.626617303228258,0.35953912479343664,5.322810796441038,cs_091339,1a,,True,phases,,12
8.675,7.7414447313286985,,channel,snr_mrc,72,72,0.16666666666666666,0.5163854910783221,1.531919443951867,11.433092637002748,0.35953912479343664,10.761444019265731,cs_091339,1a,,True,phases,,12
8.675,6.935834504102608,,channel,quality_mrc,72,72,0.16666666666666666,0.47603120635672974,1.531919443951867,4.70040660801112,0.35953912479343664,20.048017243773973,cs_091339,1a,,True,phases,,12
8.675,10.910475888418162,,channel,best_tone,72,72,0.0,0.4574669380813127,1.2181631031820448,5.320103122973171,0.3545397115751498,25.769174506261223,cs_091339,1a,,True,local_amplitudes,,13
8.675,7.471871021449219,,channel,equal_average,72,72,0.0,0.4761788614325429,1.2181631031820448,7.884776903948446,0.3545397115751498,13.868921942948486,cs_091339,1a,,True,local_amplitudes,,13
8.675,11.154700308911401,,channel,liu_weighted_median,72,72,0.0,1.2181631031820448,1.2181631031820448,2.980021670779636,0.3545397115751498,28.584441601284155,cs_091339,1a,,True,local_amplitudes,,13
8.675,7.696821247393253,,channel,snr_mrc,72,72,0.0,0.4761788614325429,1.2181631031820448,10.29724113645406,0.3545397115751498,11.275835764919277,cs_091339,1a,,True,local_amplitudes,,13
8.675,7.686333289816548,,channel,quality_mrc,72,72,0.0,0.4761788614325429,1.2181631031820448,9.164016572654772,0.3545397115751498,11.396734411336631,cs_091339,1a,,True,local_amplitudes,,13
8.675,11.205686454817789,,channel,best_tone,72,72,0.0,0.6078649489459786,2.0106138219623486,6.3866751114911215,0.44684060613420007,29.17217815351917,cs_091339,1a,,True,remote_amplitudes,,13
8.675,9.817162004679824,,channel,equal_average,72,72,0.0,0.521655504110443,2.0106138219623486,3.792113503486377,0.44684060613420007,13.166132618787591,cs_091339,1a,,True,remote_amplitudes,,13
8.675,11.685240069135745,,channel,liu_weighted_median,72,72,0.0,2.0106138219623486,2.0106138219623486,3.7266079852051064,0.44684060613420007,34.700173707616635,cs_091339,1a,,True,remote_amplitudes,,13
8.675,10.135603885903405,,channel,snr_mrc,72,72,0.0,0.49276975173652904,2.0106138219623486,3.1964069712126304,0.44684060613420007,16.836932402344722,cs_091339,1a,,True,remote_amplitudes,,13
8.675,10.042510092585298,,channel,quality_mrc,72,72,0.0,0.5073766346090328,2.0106138219623486,3.4891636240933237,0.44684060613420007,15.763805101847803,cs_091339,1a,,True,remote_amplitudes,,13
8.675,8.630139479331085,,channel,best_tone,72,72,0.19444444444444445,0.5125126520997287,1.5084390609248555,8.45724405292403,0.35698173381417353,0.5171241575667537,cs_091339,1a,,True,phases,,13
8.675,7.45649976943997,,channel,equal_average,72,72,0.19444444444444445,0.4667694600215662,1.5084390609248555,4.532572678529965,0.35698173381417353,14.046112167838965,cs_091339,1a,,True,phases,,13
8.675,9.187663686276702,,channel,liu_weighted_median,72,72,0.19444444444444445,1.5084390609248555,1.5084390609248555,3.622146742812916,0.35698173381417353,5.90966785333373,cs_091339,1a,,True,phases,,13
8.675,8.132733335498598,,channel,snr_mrc,72,72,0.19444444444444445,0.5114145334398632,1.5084390609248555,5.961515457673153,0.35698173381417353,6.250912559093981,cs_091339,1a,,True,phases,,13
8.675,7.605098115005287,,channel,quality_mrc,72,72,0.19444444444444445,0.4607340979673989,1.5084390609248555,4.359016784566475,0.35698173381417353,12.333162939420331,cs_091339,1a,,True,phases,,13
8.675,9.49724628469739,,channel,best_tone,72,72,0.0,0.4857295799399103,1.2813732158749227,8.37811401699866,0.3577404140190635,9.47834333945117,cs_091339,1a,,True,local_amplitudes,,14
8.675,7.32543840759274,,channel,equal_average,72,72,0.0,0.4857295799399103,1.2813732158749227,7.28508281560584,0.3577404140190635,15.556905964348825,cs_091339,1a,,True,local_amplitudes,,14
8.675,11.009192593173399,,channel,liu_weighted_median,72,72,0.0,1.2813732158749227,1.2813732158749227,3.113237046675314,0.3577404140190635,26.907119229664527,cs_091339,1a,,True,local_amplitudes,,14
8.675,7.78113569980111,,channel,snr_mrc,72,72,0.0,0.4857295799399103,1.2813732158749227,12.460514128406926,0.3577404140190635,10.303911241485768,cs_091339,1a,,True,local_amplitudes,,14
8.675,7.674028464169169,,channel,quality_mrc,72,72,0.0,0.4857295799399103,1.2813732158749227,8.68406766967396,0.3577404140190635,11.538576781911607,cs_091339,1a,,True,local_amplitudes,,14
8.675,12.035791830471862,,channel,best_tone,72,72,0.0,0.5962713196459999,2.001301407790336,5.723057538026963,0.44422438024650396,38.741116201404736,cs_091339,1a,,True,remote_amplitudes,,14
8.675,9.717091971046509,,channel,equal_average,72,72,0.0,0.49113747203598207,2.001301407790336,3.198199582526016,0.44422438024650396,12.01258756249577,cs_091339,1a,,True,remote_amplitudes,,14
8.675,11.614006873638655,,channel,liu_weighted_median,72,72,0.0,2.001301407790336,2.001301407790336,3.913199374357436,0.44422438024650396,33.87904177105076,cs_091339,1a,,True,remote_amplitudes,,14
8.675,9.89268348723385,,channel,snr_mrc,72,72,0.0,0.4863634322215169,2.001301407790336,3.1058401109748326,0.44422438024650396,14.036697259179814,cs_091339,1a,,True,remote_amplitudes,,14
8.675,9.874501871262723,,channel,quality_mrc,72,72,0.0,0.5002502149272617,2.001301407790336,3.3795447570496653,0.44422438024650396,13.827110907927631,cs_091339,1a,,True,remote_amplitudes,,14
8.675,8.702430290445935,,channel,best_tone,72,72,0.09722222222222222,0.5138041061823295,1.5138139447560626,9.752189468144307,0.35841006894319716,0.31619931349780633,cs_091339,1a,,True,phases,,14
8.675,8.014932122024177,,channel,equal_average,72,72,0.09722222222222222,0.45529704343689037,1.5138139447560626,4.174870692236878,0.35841006894319716,7.608851619317848,cs_091339,1a,,True,phases,,14
8.675,9.236937100612984,,channel,liu_weighted_median,72,72,0.09722222222222222,1.5138139447560626,1.5138139447560626,3.60325026790161,0.35841006894319716,6.477661102166953,cs_091339,1a,,True,phases,,14
8.675,8.433853604149338,,channel,snr_mrc,72,72,0.09722222222222222,0.4901905569596068,1.5138139447560626,5.210187594315537,0.35841006894319716,2.7797855429471237,cs_091339,1a,,True,phases,,14
8.675,8.163908634663757,,channel,quality_mrc,72,72,0.09722222222222222,0.46267302998257626,1.5138139447560626,4.3810790720567505,0.35841006894319716,5.891543116267935,cs_091339,1a,,True,phases,,14
8.675,9.010271535314502,,channel,best_tone,72,72,0.0,0.4668861743893205,1.189087419250392,7.405356723091645,0.3423570282956057,3.864801559821335,cs_091339,1b,,True,local_amplitudes,,0
8.675,8.256096487324863,,channel,equal_average,72,72,0.0,0.4668861743893205,1.189087419250392,14.68180037629683,0.3423570282956057,4.828858935736462,cs_091339,1b,,True,local_amplitudes,,0
8.675,11.738226856059338,,channel,liu_weighted_median,72,72,0.0,1.189087419250392,1.189087419250392,2.5132624592768353,0.3423570282956057,35.31097240414221,cs_091339,1b,,True,local_amplitudes,,0
8.675,8.423019670025619,,channel,snr_mrc,72,72,0.0,0.4668861743893205,1.189087419250392,6.596406539241992,0.3423570282956057,2.9046723916355233,cs_091339,1b,,True,local_amplitudes,,0
8.675,8.246040990894084,,channel,quality_mrc,72,72,0.0,0.4668861743893205,1.189087419250392,10.715456166321063,0.3423570282956057,4.944772439261288,cs_091339,1b,,True,local_amplitudes,,0
8.675,10.225231147883466,,channel,best_tone,72,72,0.0,0.5466644757834815,1.3543931896957369,6.819194918634907,0.4824783034866491,17.870099687417472,cs_091339,1b,,True,remote_amplitudes,,0
8.675,10.121603706857469,,channel,equal_average,72,72,0.0,0.4001949429612244,1.3543931896957369,2.353983862152387,0.4824783034866491,16.675547053112023,cs_091339,1b,,True,remote_amplitudes,,0
8.675,10.854818703749352,,channel,liu_weighted_median,72,72,0.0,1.3543931896957369,1.3543931896957369,2.6686860213858528,0.4824783034866491,25.127593126793673,cs_091339,1b,,True,remote_amplitudes,,0
8.675,10.219142975519695,,channel,snr_mrc,72,72,0.0,0.4678177477449597,1.3543931896957369,3.760267778183413,0.4824783034866491,17.79991902616362,cs_091339,1b,,True,remote_amplitudes,,0
8.675,10.223076582176539,,channel,quality_mrc,72,72,0.0,0.4251489368693057,1.3543931896957369,2.822357243201373,0.4824783034866491,17.845263195118594,cs_091339,1b,,True,remote_amplitudes,,0
8.675,8.674301720810172,,channel,best_tone,72,72,0.0,0.524537743091851,1.3451833458611961,6.615958919413342,0.42914962696439246,0.008049327836639246,cs_091339,1b,,True,phases,,0
8.675,12.705946649308352,,channel,equal_average,72,72,0.0,0.5144216800923866,1.3451833458611961,5.659509729813503,0.42914962696439246,46.466243796061676,cs_091339,1b,,True,phases,,0
8.675,10.728956910345445,,channel,liu_weighted_median,72,72,0.0,1.3451833458611961,1.3451833458611961,3.1990504516249465,0.42914962696439246,23.676736718679475,cs_091339,1b,,True,phases,,0
8.675,12.248617973165912,,channel,snr_mrc,72,72,0.0,0.504952531858089,1.3451833458611961,5.352697281819771,0.42914962696439246,41.194443494707905,cs_091339,1b,,True,phases,,0
8.675,12.586899425259215,,channel,quality_mrc,72,72,0.0,0.524537743091851,1.3451833458611961,7.212789466115633,0.42914962696439246,45.093941501547135,cs_091339,1b,,True,phases,,0
8.675,12.089162085687624,,channel,best_tone,72,72,0.06944444444444445,0.4783025373264809,1.1373777149574076,8.100291440839333,0.3848250467955903,39.3563352817017,cs_091339,1b,,True,local_amplitudes,,1
8.675,8.389238224157213,,channel,equal_average,72,72,0.06944444444444445,0.4783025373264809,1.1373777149574076,8.370432348613381,0.3848250467955903,3.294083871386607,cs_091339,1b,,True,local_amplitudes,,1
8.675,15.058415871580243,,channel,liu_weighted_median,72,72,0.06944444444444445,1.1373777149574076,1.1373777149574076,2.7551273618973693,0.3848250467955903,73.58404462916704,cs_091339,1b,,True,local_amplitudes,,1
8.675,8.537411039474732,,channel,snr_mrc,72,72,0.06944444444444445,0.3648354516283145,1.1373777149574076,2.6627739186503745,0.3848250467955903,1.5860398907812003,cs_091339,1b,,True,local_amplitudes,,1
8.675,8.41643194290808,,channel,quality_mrc,72,72,0.06944444444444445,0.4783025373264809,1.1373777149574076,6.414527931761305,0.3848250467955903,2.9806116091287707,cs_091339,1b,,True,local_amplitudes,,1
8.675,9.941360674235936,,channel,best_tone,72,72,0.0,0.5547038189253573,1.3743900292729971,11.488694137462423,0.4967449526598817,14.597817570443056,cs_091339,1b,,True,remote_amplitudes,,1
8.675,9.888836090600636,,channel,equal_average,72,72,0.0,0.4117613386524079,1.3743900292729971,2.4541691035821,0.4967449526598817,13.992346865713372,cs_091339,1b,,True,remote_amplitudes,,1
8.675,10.714384104995801,,channel,liu_weighted_median,72,72,0.0,1.3743900292729971,1.3743900292729971,2.5799839666253384,0.4967449526598817,23.508750489865136,cs_091339,1b,,True,remote_amplitudes,,1
8.675,10.074199173119482,,channel,snr_mrc,72,72,0.0,0.4660772706796552,1.3743900292729971,3.55911118293784,0.4967449526598817,16.129097096478166,cs_091339,1b,,True,remote_amplitudes,,1
8.675,10.014188176961373,,channel,quality_mrc,72,72,0.0,0.42888718417673216,1.3743900292729971,2.773300883134044,0.4967449526598817,15.437327688315525,cs_091339,1b,,True,remote_amplitudes,,1
8.675,8.38328123142485,,channel,best_tone,72,72,0.0,0.46995038994806354,1.2376823990870056,4.921967760527344,0.40890206610932184,3.362752375506068,cs_091339,1b,,True,phases,,1
8.675,12.708709659208106,,channel,equal_average,72,72,0.0,0.46559782385883475,1.2376823990870056,4.78647227028383,0.40890206610932184,46.4980940542721,cs_091339,1b,,True,phases,,1
8.675,10.328851695070458,,channel,liu_weighted_median,72,72,0.0,1.2376823990870056,1.2376823990870056,3.1794576756072126,0.40890206610932184,19.064572853838126,cs_091339,1b,,True,phases,,1
8.675,12.208262841371319,,channel,snr_mrc,72,72,0.0,0.5020221078596862,1.2376823990870056,9.016536976596903,0.40890206610932184,40.72925465557715,cs_091339,1b,,True,phases,,1
8.675,12.603789499425693,,channel,quality_mrc,72,72,0.0,0.4878790301212082,1.2376823990870056,5.507051998338965,0.40890206610932184,45.288639762832176,cs_091339,1b,,True,phases,,1
8.675,12.114901409076438,,channel,best_tone,72,72,0.1111111111111111,0.49452500060915205,1.4457286510647431,4.938919297487453,0.4064969398635907,39.65304217955547,cs_091339,1b,,True,local_amplitudes,,2
8.675,8.448663018126986,,channel,equal_average,72,72,0.1111111111111111,0.5276687307998057,1.4457286510647431,6.899597892188495,0.4064969398635907,2.6090718371529076,cs_091339,1b,,True,local_amplitudes,,2
8.675,15.983030171079383,,channel,liu_weighted_median,72,72,0.1111111111111111,1.4457286510647431,1.4457286510647431,3.094734701446915,0.4064969398635907,84.24242272137616,cs_091339,1b,,True,local_amplitudes,,2
8.675,8.632665710192713,,channel,snr_mrc,72,72,0.1111111111111111,0.3631510437187123,1.4457286510647431,1.9558208130189516,0.4064969398635907,0.48800334071801516,cs_091339,1b,,True,local_amplitudes,,2
8.675,8.525816968783406,,channel,quality_mrc,72,72,0.1111111111111111,0.47550715877623245,1.4457286510647431,4.390746383129161,0.4064969398635907,1.7196891206523859,cs_091339,1b,,True,local_amplitudes,,2
8.675,9.947488549827439,,channel,best_tone,72,72,0.0,0.5587461107705195,1.4047863036691188,9.50680334865589,0.4966989781898475,14.668455905791788,cs_091339,1b,,True,remote_amplitudes,,2
8.675,9.704032752903638,,channel,equal_average,72,72,0.0,0.42662522089220706,1.4047863036691188,2.670836417314678,0.4966989781898475,11.862049024825788,cs_091339,1b,,True,remote_amplitudes,,2
8.675,10.814935270570388,,channel,liu_weighted_median,72,72,0.0,1.4047863036691188,1.4047863036691188,2.529853642752516,0.4966989781898475,24.66784173568169,cs_091339,1b,,True,remote_amplitudes,,2
8.675,9.932727172391665,,channel,snr_mrc,72,72,0.0,0.4541155531679048,1.4047863036691188,3.2211195241685617,0.4966989781898475,14.4982959353506,cs_091339,1b,,True,remote_amplitudes,,2
8.675,9.822492469285113,,channel,quality_mrc,72,72,0.0,0.4353825439018438,1.4047863036691188,2.8387081757388763,0.4966989781898475,13.227578896658349,cs_091339,1b,,True,remote_amplitudes,,2
8.675,11.19303072766585,,channel,best_tone,72,72,0.013888888888888888,0.5020562317509939,1.2889667587334508,6.524026740527269,0.39271307435485087,29.026290808828225,cs_091339,1b,,True,phases,,2
8.675,12.714551319302858,,channel,equal_average,72,72,0.013888888888888888,0.3788265128713004,1.2889667587334508,2.5775984560719394,0.39271307435485087,46.56543307553726,cs_091339,1b,,True,phases,,2
8.675,10.44319386196252,,channel,liu_weighted_median,72,72,0.013888888888888888,1.2889667587334508,1.2889667587334508,3.3125860852997837,0.39271307435485087,20.382638178242296,cs_091339,1b,,True,phases,,2
8.675,12.073614260780573,,channel,snr_mrc,72,72,0.013888888888888888,0.49994052561110097,1.2889667587334508,5.924465727374712,0.39271307435485087,39.17710963435818,cs_091339,1b,,True,phases,,2
8.675,12.637558868394773,,channel,quality_mrc,72,72,0.013888888888888888,0.40470463807619955,1.2889667587334508,3.142741850468915,0.39271307435485087,45.677912027605444,cs_091339,1b,,True,phases,,2
8.675,10.918824770161175,,channel,best_tone,72,72,0.1527777777777778,0.5473759445639438,1.543324620019984,8.448224928026434,0.42506938811596373,25.86541521799624,cs_091339,1b,,True,local_amplitudes,,3
8.675,8.55423743816534,,channel,equal_average,72,72,0.1527777777777778,0.5320166265187158,1.543324620019984,5.508961567293462,0.42506938811596373,1.3920756407453774,cs_091339,1b,,True,local_amplitudes,,3
8.675,15.94332586511402,,channel,liu_weighted_median,72,72,0.1527777777777778,1.543324620019984,1.543324620019984,3.3799501102270115,0.42506938811596373,83.78473619727974,cs_091339,1b,,True,local_amplitudes,,3
8.675,8.76262285726161,,channel,snr_mrc,72,72,0.1527777777777778,0.3625047238313959,1.543324620019984,1.7427501882438359,0.42506938811596373,1.0100617551770477,cs_091339,1b,,True,local_amplitudes,,3
8.675,8.67494541718774,,channel,quality_mrc,72,72,0.1527777777777778,0.4631451767003542,1.543324620019984,3.634507456650731,0.42506938811596373,0.0006291966831252673,cs_091339,1b,,True,local_amplitudes,,3
8.675,10.260215902958416,,channel,best_tone,72,72,0.0,0.5460306621267733,1.3181374100139507,7.931598307501287,0.49402667404836564,18.273382166667613,cs_091339,1b,,True,remote_amplitudes,,3
8.675,9.518608568390365,,channel,equal_average,72,72,0.0,0.42705982335864107,1.3181374100139507,2.870557863397965,0.49402667404836564,9.724594448303904,cs_091339,1b,,True,remote_amplitudes,,3
8.675,10.538425656527693,,channel,liu_weighted_median,72,72,0.0,1.3181374100139507,1.3181374100139507,2.5740684293960396,0.49402667404836564,21.480411026255815,cs_091339,1b,,True,remote_amplitudes,,3
8.675,9.726950539679569,,channel,snr_mrc,72,72,0.0,0.4606289975940653,1.3181374100139507,3.602085193187061,0.49402667404836564,12.126231004951796,cs_091339,1b,,True,remote_amplitudes,,3
8.675,9.622017444901664,,channel,quality_mrc,72,72,0.0,0.4385997458530344,1.3181374100139507,3.1096054186179374,0.49402667404836564,10.916627606935595,cs_091339,1b,,True,remote_amplitudes,,3
8.675,10.629095665878022,,channel,best_tone,72,72,0.013888888888888888,0.5017978681529047,1.3156608552105062,6.467460884849113,0.3841514472991317,22.525598453925323,cs_091339,1b,,True,phases,,3
8.675,12.565205939496545,,channel,equal_average,72,72,0.013888888888888888,0.3241606745957899,1.3156608552105062,1.6175056153453713,0.3841514472991317,44.84387250140108,cs_091339,1b,,True,phases,,3
8.675,10.281319689200659,,channel,liu_weighted_median,72,72,0.013888888888888888,1.3156608552105062,1.3156608552105062,3.316543146710362,0.3841514472991317,18.516653477817385,cs_091339,1b,,True,phases,,3
8.675,12.11374900794478,,channel,snr_mrc,72,72,0.013888888888888888,0.34575275364699437,1.3156608552105062,1.9627354088077924,0.3841514472991317,39.63975801665451,cs_091339,1b,,True,phases,,3
8.675,12.646545455121975,,channel,quality_mrc,72,72,0.013888888888888888,0.336247543501823,1.3156608552105062,1.805270042474711,0.3841514472991317,45.78150380544063,cs_091339,1b,,True,phases,,3
8.675,14.550804046845498,,channel,best_tone,72,72,0.1527777777777778,0.5498379979270813,1.6239144766597375,5.678265725189459,0.43264991690588933,67.73261149101437,cs_091339,1b,,True,local_amplitudes,,4
8.675,8.595793491743503,,channel,equal_average,72,72,0.1527777777777778,0.4923190923689586,1.6239144766597375,4.076162585958734,0.43264991690588933,0.913043322841469,cs_091339,1b,,True,local_amplitudes,,4
8.675,16.009880342506793,,channel,liu_weighted_median,72,72,0.1527777777777778,1.6239144766597375,1.6239144766597375,3.625574630296973,0.43264991690588933,84.55193478393997,cs_091339,1b,,True,local_amplitudes,,4
8.675,8.644005629512813,,channel,snr_mrc,72,72,0.1527777777777778,0.4729485233836758,1.6239144766597375,3.613708233915815,0.43264991690588933,0.3572838096505745,cs_091339,1b,,True,local_amplitudes,,4
8.675,8.732601974691589,,channel,quality_mrc,72,72,0.1527777777777778,0.45122373499449614,1.6239144766597375,3.138248080463394,0.43264991690588933,0.6639997082603791,cs_091339,1b,,True,local_amplitudes,,4
8.675,10.181711327775282,,channel,best_tone,72,72,0.0,0.5410882246640778,1.3234667040434114,9.237641656127078,0.4787967787882577,17.36843029135771,cs_091339,1b,,True,remote_amplitudes,,4
8.675,9.316777175290188,,channel,equal_average,72,72,0.0,0.43493431135754834,1.3234667040434114,3.1161475381931223,0.4787967787882577,7.398007784324923,cs_091339,1b,,True,remote_amplitudes,,4
8.675,10.272568748129926,,channel,liu_weighted_median,72,72,0.0,1.3234667040434114,1.3234667040434114,2.6214630042206934,0.4787967787882577,18.415778076425646,cs_091339,1b,,True,remote_amplitudes,,4
8.675,9.407249467037815,,channel,snr_mrc,72,72,0.0,0.474476111902321,1.3234667040434114,4.045666307622976,0.4787967787882577,8.440916046545407,cs_091339,1b,,True,remote_amplitudes,,4
8.675,9.370092058455816,,channel,quality_mrc,72,72,0.0,0.4563907430845679,1.3234667040434114,3.600455796183006,0.4787967787882577,8.01258857009585,cs_091339,1b,,True,remote_amplitudes,,4
8.675,8.202264126337637,,channel,best_tone,72,72,0.013888888888888888,0.5056744384054107,1.335790914594904,7.910036910317959,0.3871992509633915,5.44940488371601,cs_091339,1b,,True,phases,,4
8.675,12.168352873628828,,channel,equal_average,72,72,0.013888888888888888,0.30552275477665286,1.335790914594904,1.3233323571229652,0.3871992509633915,40.26919739053403,cs_091339,1b,,True,phases,,4
8.675,10.32853012129425,,channel,liu_weighted_median,72,72,0.013888888888888888,1.335790914594904,1.335790914594904,3.3694751298813146,0.3871992509633915,19.06086595151872,cs_091339,1b,,True,phases,,4
8.675,6.876982690229405,,channel,snr_mrc,72,72,0.013888888888888888,0.39186714161358754,1.335790914594904,2.7922531856471977,0.3871992509633915,20.72642432012214,cs_091339,1b,,True,phases,,4
8.675,7.493323541532048,,channel,quality_mrc,72,72,0.013888888888888888,0.28865764163584096,1.335790914594904,1.1160596967707848,0.3871992509633915,13.621630645163721,cs_091339,1b,,True,phases,,4
8.675,16.89753815038665,,channel,best_tone,72,72,0.16666666666666666,0.5409267939663451,1.7324717398846454,4.993964082610062,0.4390511816179768,94.78430144537924,cs_091339,1b,,True,local_amplitudes,,5
8.675,8.44545519267978,,channel,equal_average,72,72,0.16666666666666666,0.4970664796027006,1.7324717398846454,3.8750147756332014,0.4390511816179768,2.6460496521062846,cs_091339,1b,,True,local_amplitudes,,5
8.675,16.048831151982153,,channel,liu_weighted_median,72,72,0.16666666666666666,1.7324717398846454,1.7324717398846454,3.9068288819085004,0.4390511816179768,85.0009354695349,cs_091339,1b,,True,local_amplitudes,,5
8.675,8.281486961759697,,channel,snr_mrc,72,72,0.16666666666666666,0.5431157054327347,1.7324717398846454,5.054835385836383,0.4390511816179768,4.536173351473242,cs_091339,1b,,True,local_amplitudes,,5
8.675,8.470790381567909,,channel,quality_mrc,72,72,0.16666666666666666,0.4608619602943307,1.7324717398846454,3.0884638378573426,0.4390511816179768,2.3540013652114333,cs_091339,1b,,True,local_amplitudes,,5
8.675,10.064261287470197,,channel,best_tone,72,72,0.0,0.5343320127141047,1.3579986034586762,9.121507326483616,0.44935983437132887,16.014539336832236,cs_091339,1b,,True,remote_amplitudes,,5
8.675,9.096078064401546,,channel,equal_average,72,72,0.0,0.4439040726747244,1.3579986034586762,3.440210810601405,0.44935983437132887,4.853925814427032,cs_091339,1b,,True,remote_amplitudes,,5
8.675,10.47400708004058,,channel,liu_weighted_median,72,72,0.0,1.3579986034586762,1.3579986034586762,2.724619353242119,0.44935983437132887,20.737833775683917,cs_091339,1b,,True,remote_amplitudes,,5
8.675,8.978003062779933,,channel,snr_mrc,72,72,0.0,0.5292319973962781,1.3579986034586762,5.829830780908951,0.44935983437132887,3.492830694869541,cs_091339,1b,,True,remote_amplitudes,,5
8.675,9.103272632229944,,channel,quality_mrc,72,72,0.0,0.47634720828925675,1.3579986034586762,4.2509748984985976,0.44935983437132887,4.936860313889831,cs_091339,1b,,True,remote_amplitudes,,5
8.675,9.697543979868447,,channel,best_tone,72,72,0.0,0.5068333818961588,1.3554759687257392,11.200260933696994,0.3842056994706917,11.787250488397078,cs_091339,1b,,True,phases,,5
8.675,11.412263846440698,,channel,equal_average,72,72,0.0,0.3040361464812752,1.3554759687257392,1.2951834147604036,0.3842056994706917,31.55347373418671,cs_091339,1b,,True,phases,,5
8.675,10.54407635541996,,channel,liu_weighted_median,72,72,0.0,1.3554759687257392,1.3554759687257392,3.371624849769233,0.3842056994706917,21.54554876564795,cs_091339,1b,,True,phases,,5
8.675,7.288188739614644,,channel,snr_mrc,72,72,0.0,0.45437142500774097,1.3554759687257392,4.3230339863339475,0.3842056994706917,15.986296949687107,cs_091339,1b,,True,phases,,5
8.675,8.789128534201287,,channel,quality_mrc,72,72,0.0,0.31308943530522604,1.3554759687257392,1.4143629009234493,0.3842056994706917,1.3156026997266486,cs_091339,1b,,True,phases,,5
8.675,14.422858441649254,,channel,best_tone,72,72,0.19444444444444445,0.5980410292174738,1.8692235195844864,7.530190860256828,0.45771136392453066,66.25773419768592,cs_091339,1b,,True,local_amplitudes,,6
8.675,8.269090443040644,,channel,equal_average,72,72,0.19444444444444445,0.5254179248330021,1.8692235195844864,4.068862034218282,0.45771136392453066,4.679072702701513,cs_091339,1b,,True,local_amplitudes,,6
8.675,16.010421734395546,,channel,liu_weighted_median,72,72,0.19444444444444445,1.8692235195844864,1.8692235195844864,4.029291903150092,0.45771136392453066,84.55817561262876,cs_091339,1b,,True,local_amplitudes,,6
8.675,8.039722346628093,,channel,snr_mrc,72,72,0.19444444444444445,0.5558684784363862,1.8692235195844864,4.818084933079951,0.45771136392453066,7.3230853414629165,cs_091339,1b,,True,local_amplitudes,,6
8.675,8.264128225066685,,channel,quality_mrc,72,72,0.19444444444444445,0.49621761973420275,1.8692235195844864,3.427479399717753,0.45771136392453066,4.7362740626318836,cs_091339,1b,,True,local_amplitudes,,6
8.675,14.616677744069365,,channel,best_tone,72,72,0.0,0.5319702993724129,1.3932876779249672,7.2285479855856565,0.43219660611935085,68.49196246765837,cs_091339,1b,,True,remote_amplitudes,,6
8.675,8.870610603692306,,channel,equal_average,72,72,0.0,0.4643416926613488,1.3932876779249672,3.9902686284028523,0.43219660611935085,2.254877275991992,cs_091339,1b,,True,remote_amplitudes,,6
8.675,10.329571689980556,,channel,liu_weighted_median,72,72,0.0,1.3932876779249672,1.3932876779249672,2.998480808531637,0.43219660611935085,19.072872506980463,cs_091339,1b,,True,remote_amplitudes,,6
8.675,8.367012697097145,,channel,snr_mrc,72,72,0.0,0.5319702993724129,1.3932876779249672,11.953499445642674,0.43219660611935085,3.550285912424847,cs_091339,1b,,True,remote_amplitudes,,6
8.675,8.784528147145027,,channel,quality_mrc,72,72,0.0,0.5062625351755837,1.3932876779249672,5.171499201776731,0.43219660611935085,1.262572301383585,cs_091339,1b,,True,remote_amplitudes,,6
8.675,10.587509439251589,,channel,best_tone,72,72,0.0,0.513370312214153,1.3746401778536905,6.7669865458466205,0.39369799998797467,22.04621831990303,cs_091339,1b,,True,phases,,6
8.675,11.13908650138258,,channel,equal_average,72,72,0.0,0.3081025748641687,1.3746401778536905,1.2970149538802314,0.39369799998797467,28.40445534734962,cs_091339,1b,,True,phases,,6
8.675,10.587509439251589,,channel,liu_weighted_median,72,72,0.0,1.3746401778536905,1.3746401778536905,3.4859681887611225,0.39369799998797467,22.04621831990303,cs_091339,1b,,True,phases,,6
8.675,8.021577049787254,,channel,snr_mrc,72,72,0.0,0.415297581316303,1.3746401778536905,3.176414758988694,0.39369799998797467,7.53225302838901,cs_091339,1b,,True,phases,,6
8.675,8.913081738145928,,channel,quality_mrc,72,72,0.0,0.3367544805498806,1.3746401778536905,1.6935543869360206,0.39369799998797467,2.7444580766101176,cs_091339,1b,,True,phases,,6
8.675,16.203739686967552,,channel,best_tone,72,72,0.1527777777777778,0.5808636881225555,1.9475909505228697,5.091119162826569,0.4743762259077335,86.7866246336317,cs_091339,1b,,True,local_amplitudes,,7
8.675,8.04712069165018,,channel,equal_average,72,72,0.1527777777777778,0.5313535177644423,1.9475909505228697,3.89709738513606,0.4743762259077335,7.237801825358161,cs_091339,1b,,True,local_amplitudes,,7
8.675,15.912756266594851,,channel,liu_weighted_median,72,72,0.1527777777777778,1.9475909505228697,1.9475909505228697,4.013370748434691,0.4743762259077335,83.43234889446512,cs_091339,1b,,True,local_amplitudes,,7
8.675,7.835864759516458,,channel,snr_mrc,72,72,0.1527777777777778,0.4713183553591237,1.9475909505228697,2.719779142362149,0.4743762259077335,9.673028708744011,cs_091339,1b,,True,local_amplitudes,,7
8.675,8.01152468570581,,channel,quality_mrc,72,72,0.1527777777777778,0.5216639962092258,1.9475909505228697,3.687764422000875,0.4743762259077335,7.6481304241405255,cs_091339,1b,,True,local_amplitudes,,7
8.675,14.668653499491931,,channel,best_tone,72,72,0.0,0.5374635330739964,1.464423526932921,7.225155084170804,0.4240726868849238,69.09110662238535,cs_091339,1b,,True,remote_amplitudes,,7
8.675,8.67318450568057,,channel,equal_average,72,72,0.0,0.5056385212146859,1.464423526932921,4.996026115762114,0.4240726868849238,0.020927888408419592,cs_091339,1b,,True,remote_amplitudes,,7
8.675,10.42199268237607,,channel,liu_weighted_median,72,72,0.0,1.464423526932921,1.464423526932921,3.425018461417912,0.4240726868849238,20.138244177245753,cs_091339,1b,,True,remote_amplitudes,,7
8.675,8.070217847574476,,channel,snr_mrc,72,72,0.0,0.5374635330739964,1.464423526932921,26.736886608370483,0.4240726868849238,6.971552189343225,cs_091339,1b,,True,remote_amplitudes,,7
8.675,8.567204243997798,,channel,quality_mrc,72,72,0.0,0.5374635330739964,1.464423526932921,7.073543089473163,0.4240726868849238,1.2426023746651582,cs_091339,1b,,True,remote_amplitudes,,7
8.675,10.894675247032039,,channel,best_tone,72,72,0.0,0.5181763280278346,1.3752714641493549,5.985336099052935,0.4056644725958184,25.587034547919746,cs_091339,1b,,True,phases,,7
8.675,11.792128809427187,,channel,equal_average,72,72,0.0,0.30307628441247947,1.3752714641493549,1.1975997545972128,0.4056644725958184,35.93232056976583,cs_091339,1b,,True,phases,,7
8.675,10.48527186241009,,channel,liu_weighted_median,72,72,0.0,1.3752714641493549,1.3752714641493549,3.4169042497193685,0.4056644725958184,20.86768717475606,cs_091339,1b,,True,phases,,7
8.675,8.626641173152336,,channel,snr_mrc,72,72,0.0,0.39581654325518056,1.3752714641493549,2.667704125556971,0.4056644725958184,0.5574504535753828,cs_091339,1b,,True,phases,,7
8.675,8.411689791714384,,channel,quality_mrc,72,72,0.0,0.32719806673539775,1.3752714641493549,1.5069124541159848,0.4056644725958184,3.035276176203076,cs_091339,1b,,True,phases,,7
8.675,14.548689105848746,,channel,best_tone,72,72,0.1527777777777778,0.617256402782228,2.038624084639542,6.182449894671614,0.4614446883750656,67.70823176770887,cs_091339,1b,,True,local_amplitudes,,8
8.675,7.737796672159641,,channel,equal_average,72,72,0.1527777777777778,0.5178919441288156,2.038624084639542,3.543822053249784,0.4614446883750656,10.80349657452864,cs_091339,1b,,True,local_amplitudes,,8
8.675,15.826439079362627,,channel,liu_weighted_median,72,72,0.1527777777777778,2.038624084639542,2.038624084639542,4.078624900017693,0.4614446883750656,82.43733809063546,cs_091339,1b,,True,local_amplitudes,,8
8.675,7.792042390577566,,channel,snr_mrc,72,72,0.1527777777777778,0.425821145308738,2.038624084639542,1.96986339898401,0.4614446883750656,10.178185699394056,cs_091339,1b,,True,local_amplitudes,,8
8.675,7.721221858105171,,channel,quality_mrc,72,72,0.1527777777777778,0.5411889950585155,2.038624084639542,4.04390840278106,0.4614446883750656,10.99456071348507,cs_091339,1b,,True,local_amplitudes,,8
8.675,14.686136089955369,,channel,best_tone,72,72,0.0,0.5306810841979366,1.43544261878635,6.946052638634569,0.4164616142118579,69.29263504271317,cs_091339,1b,,True,remote_amplitudes,,8
8.675,8.564020914076185,,channel,equal_average,72,72,0.0,0.5306810841979366,1.43544261878635,7.277838101331686,0.4164616142118579,1.2792978204474466,cs_091339,1b,,True,remote_amplitudes,,8
8.675,10.360664151146795,,channel,liu_weighted_median,72,72,0.0,1.43544261878635,1.43544261878635,3.806151191505587,0.4164616142118579,19.431287044919813,cs_091339,1b,,True,remote_amplitudes,,8
8.675,8.231029811408188,,channel,snr_mrc,72,72,0.0,0.5306810841979366,1.43544261878635,29.65299419154076,0.4164616142118579,5.117811972239914,cs_091339,1b,,True,remote_amplitudes,,8
8.675,8.498294742976638,,channel,quality_mrc,72,72,0.0,0.5306810841979366,1.43544261878635,9.727463476269445,0.4164616142118579,2.036948207762106,cs_091339,1b,,True,remote_amplitudes,,8
8.675,9.50212802392063,,channel,best_tone,72,72,0.0,0.5186378367003807,1.3798143301278623,6.748464557221194,0.40441935446120625,9.534616990439527,cs_091339,1b,,True,phases,,8
8.675,12.57462200813479,,channel,equal_average,72,72,0.0,0.3033272732208417,1.3798143301278623,1.2003089436581682,0.40441935446120625,44.95241507936357,cs_091339,1b,,True,phases,,8
8.675,10.427168150186882,,channel,liu_weighted_median,72,72,0.0,1.3798143301278623,1.3798143301278623,3.478398420203758,0.40441935446120625,20.19790374855194,cs_091339,1b,,True,phases,,8
8.675,9.002952406003292,,channel,snr_mrc,72,72,0.0,0.4291088622973638,1.3798143301278623,3.3982952709042973,0.40441935446120625,3.7804311931215127,cs_091339,1b,,True,phases,,8
8.675,8.537910012977148,,channel,quality_mrc,72,72,0.0,0.314222083997508,1.3798143301278623,1.3343469675805697,0.40441935446120625,1.5802880348455604,cs_091339,1b,,True,phases,,8
8.675,14.589941273495306,,channel,best_tone,72,72,0.09722222222222222,0.6167111670826432,2.05431528804526,6.8457703540111545,0.4567076966547261,68.18376107775568,cs_091339,1b,,True,local_amplitudes,,9
8.675,7.436941792851214,,channel,equal_average,72,72,0.09722222222222222,0.5144609794384327,2.05431528804526,3.4830774662151756,0.4567076966547261,14.271564347536444,cs_091339,1b,,True,local_amplitudes,,9
8.675,15.780857457238213,,channel,liu_weighted_median,72,72,0.09722222222222222,2.05431528804526,2.05431528804526,4.454263877405662,0.4567076966547261,81.91190152435979,cs_091339,1b,,True,local_amplitudes,,9
8.675,7.756392993366694,,channel,snr_mrc,72,72,0.09722222222222222,0.44838137195636174,2.05431528804526,2.305942626021635,0.4567076966547261,10.58912975946175,cs_091339,1b,,True,local_amplitudes,,9
8.675,7.388656984549084,,channel,quality_mrc,72,72,0.09722222222222222,0.5063211652809709,2.05431528804526,3.320351484411569,0.4567076966547261,14.828161561393848,cs_091339,1b,,True,local_amplitudes,,9
8.675,14.674583389913112,,channel,best_tone,72,72,0.013888888888888888,0.5226888801989212,1.3981464344419965,6.947061287710551,0.4085423799976581,69.15946270793211,cs_091339,1b,,True,remote_amplitudes,,9
8.675,8.600619054316542,,channel,equal_average,72,72,0.013888888888888888,0.5226888801989212,1.3981464344419965,11.428524834165533,0.4085423799976581,0.8574172413078769,cs_091339,1b,,True,remote_amplitudes,,9
8.675,10.076434915560602,,channel,liu_weighted_median,72,72,0.013888888888888888,1.3981464344419965,1.3981464344419965,4.282642145967812,0.4085423799976581,16.154869343638055,cs_091339,1b,,True,remote_amplitudes,,9
8.675,8.410153030149289,,channel,snr_mrc,72,72,0.013888888888888888,0.5226888801989212,1.3981464344419965,23.96400348622367,0.4085423799976581,3.0529910069246347,cs_091339,1b,,True,remote_amplitudes,,9
8.675,8.614316256437055,,channel,quality_mrc,72,72,0.013888888888888888,0.5226888801989212,1.3981464344419965,13.49130119372908,0.4085423799976581,0.6995244214748758,cs_091339,1b,,True,remote_amplitudes,,9
8.675,8.612696877089746,,channel,best_tone,72,72,0.0,0.5287401715879414,1.4435522461050345,9.150952904745365,0.4095947745380238,0.7181916185620105,cs_091339,1b,,True,phases,,9
8.675,13.257062787750753,,channel,equal_average,72,72,0.0,0.3396222851489598,1.4435522461050345,1.5900576363169876,0.4095947745380238,52.81916758214123,cs_091339,1b,,True,phases,,9
8.675,10.402436633450751,,channel,liu_weighted_median,72,72,0.0,1.4435522461050345,1.4435522461050345,3.594707902832389,0.4095947745380238,19.912814218452453,cs_091339,1b,,True,phases,,9
8.675,8.948094469543927,,channel,snr_mrc,72,72,0.0,0.43640100052123876,1.4435522461050345,3.3735064147128195,0.4095947745380238,3.1480630494977047,cs_091339,1b,,True,phases,,9
8.675,12.791936922896676,,channel,quality_mrc,72,72,0.0,0.3187002803990111,1.4435522461050345,1.313928292213349,0.4095947745380238,47.45748614290115,cs_091339,1b,,True,phases,,9
8.675,16.119607367589214,,channel,best_tone,72,72,0.125,0.6055498982885852,2.0096398947866687,6.890994686347306,0.4419687410471553,85.81679962638863,cs_091339,1b,,True,local_amplitudes,,10
8.675,7.1926043953437,,channel,equal_average,72,72,0.125,0.49181897554896825,2.0096398947866687,3.214528542820317,0.4419687410471553,17.08813377125418,cs_091339,1b,,True,local_amplitudes,,10
8.675,15.660886294988007,,channel,liu_weighted_median,72,72,0.125,2.0096398947866687,2.0096398947866687,4.818477236312571,0.4419687410471553,80.52894864539488,cs_091339,1b,,True,local_amplitudes,,10
8.675,7.461432163209572,,channel,snr_mrc,72,72,0.125,0.4469870024600712,2.0096398947866687,2.4131600580082244,0.4419687410471553,13.989254602771506,cs_091339,1b,,True,local_amplitudes,,10
8.675,7.178507012884239,,channel,quality_mrc,72,72,0.125,0.4773985205215959,2.0096398947866687,2.9399818557666113,0.4419687410471553,17.250639620930965,cs_091339,1b,,True,local_amplitudes,,10
8.675,9.770708578468133,,channel,best_tone,72,72,0.027777777777777776,0.5230504022113924,1.4191372480585187,6.001548707837889,0.40333528157723875,12.630646437672993,cs_091339,1b,,True,remote_amplitudes,,10
8.675,8.741535566940714,,channel,equal_average,72,72,0.027777777777777776,0.5230504022113924,1.4191372480585187,14.404843612274083,0.40333528157723875,0.7669805987402081,cs_091339,1b,,True,remote_amplitudes,,10
8.675,10.111588399293304,,channel,liu_weighted_median,72,72,0.027777777777777776,1.4191372480585187,1.4191372480585187,4.663654095464458,0.40333528157723875,16.560096821824814,cs_091339,1b,,True,remote_amplitudes,,10
8.675,8.669086718242024,,channel,snr_mrc,72,72,0.027777777777777776,0.5230504022113924,1.4191372480585187,11.457526992596755,0.40333528157723875,0.06816463121586816,cs_091339,1b,,True,remote_amplitudes,,10
8.675,8.730938343217634,,channel,quality_mrc,72,72,0.027777777777777776,0.5230504022113924,1.4191372480585187,11.673266257590214,0.40333528157723875,0.6448224002032651,cs_091339,1b,,True,remote_amplitudes,,10
8.675,8.449162435289933,,channel,best_tone,72,72,0.0,0.5292837391572278,1.4976775979975974,8.491643310176144,0.3960110574821108,2.6033148669748405,cs_091339,1b,,True,phases,,10
8.675,13.711636090690055,,channel,equal_average,72,72,0.0,0.3995857451825385,1.4976775979975974,2.581758145383974,0.3960110574821108,58.05920565636949,cs_091339,1b,,True,phases,,10
8.675,10.623542577797586,,channel,liu_weighted_median,72,72,0.0,1.4976775979975974,1.4976775979975974,3.740246908232511,0.3960110574821108,22.46158591121136,cs_091339,1b,,True,phases,,10
8.675,9.266376460058604,,channel,snr_mrc,72,72,0.0,0.4266180322065397,1.4976775979975974,3.1419785799566675,0.3960110574821108,6.817019712491101,cs_091339,1b,,True,phases,,10
8.675,13.492403277183806,,channel,quality_mrc,72,72,0.0,0.36446735932192204,1.4976775979975974,1.9591221554569453,0.3960110574821108,55.5320262499574,cs_091339,1b,,True,phases,,10
8.675,16.34224897830562,,channel,best_tone,72,72,0.1111111111111111,0.6018481811289375,2.0172965247367367,8.37011256890984,0.4322660306039374,88.3832735251368,cs_091339,1b,,True,local_amplitudes,,11
8.675,7.098440409067517,,channel,equal_average,72,72,0.1111111111111111,0.46413890519565204,2.0172965247367367,2.751910554046281,0.4322660306039374,18.17359758999981,cs_091339,1b,,True,local_amplitudes,,11
8.675,15.412194592365209,,channel,liu_weighted_median,72,72,0.1111111111111111,2.0172965247367367,2.0172965247367367,5.146696630553599,0.4322660306039374,77.66218550276896,cs_091339,1b,,True,local_amplitudes,,11
8.675,16.842320109426563,,channel,snr_mrc,72,72,0.1111111111111111,0.41569328134972316,2.0172965247367367,1.977012472120642,0.4322660306039374,94.14778224122837,cs_091339,1b,,True,local_amplitudes,,11
8.675,7.070821709963815,,channel,quality_mrc,72,72,0.1111111111111111,0.46967592041554757,2.0172965247367367,2.851578152311963,0.4322660306039374,18.491968761224037,cs_091339,1b,,True,local_amplitudes,,11
8.675,10.316845887365847,,channel,best_tone,72,72,0.013888888888888888,0.5464994560254434,1.6227509748238487,11.334798041523364,0.40232527298136206,18.926177375975175,cs_091339,1b,,True,remote_amplitudes,,11
8.675,8.965908539492302,,channel,equal_average,72,72,0.013888888888888888,0.5464994560254434,1.6227509748238487,13.11579306466118,0.40232527298136206,3.3534125589890653,cs_091339,1b,,True,remote_amplitudes,,11
8.675,10.31938651682126,,channel,liu_weighted_median,72,72,0.013888888888888888,1.6227509748238487,1.6227509748238487,4.882204001501719,0.40232527298136206,18.95546417085024,cs_091339,1b,,True,remote_amplitudes,,11
8.675,8.885239637351328,,channel,snr_mrc,72,72,0.013888888888888888,0.5464994560254434,1.6227509748238487,8.352166776217627,0.40232527298136206,2.4235116697559294,cs_091339,1b,,True,remote_amplitudes,,11
8.675,8.882659954039307,,channel,quality_mrc,72,72,0.013888888888888888,0.5464994560254434,1.6227509748238487,7.883415117990257,0.40232527298136206,2.3937746863320553,cs_091339,1b,,True,remote_amplitudes,,11
8.675,8.306478282709536,,channel,best_tone,72,72,0.0,0.5189928839898597,1.4983976470907718,7.757613472919458,0.37317893290505505,4.24808896012063,cs_091339,1b,,True,phases,,11
8.675,14.039527114614936,,channel,equal_average,72,72,0.0,0.4483224462931307,1.4983976470907718,3.8675727432921563,0.37317893290505505,61.83892927510011,cs_091339,1b,,True,phases,,11
8.675,10.431141894369885,,channel,liu_weighted_median,72,72,0.0,1.4983976470907718,1.4983976470907718,3.7041245035055934,0.37317893290505505,20.243710597923737,cs_091339,1b,,True,phases,,11
8.675,9.283914300133397,,channel,snr_mrc,72,72,0.0,0.3594753297762775,1.4983976470907718,1.9937665855916877,0.37317893290505505,7.019185015946926,cs_091339,1b,,True,phases,,11
8.675,9.39147678326666,,channel,quality_mrc,72,72,0.0,0.35119632529450245,1.4983976470907718,1.859160698059677,0.37317893290505505,8.259098366186267,cs_091339,1b,,True,phases,,11
8.675,14.464708402830327,,channel,best_tone,72,72,0.125,0.6017660508426488,2.042280476025762,8.101050419043345,0.42680318802562955,66.74015449948503,cs_091339,1b,,True,local_amplitudes,,12
8.675,7.222729016961988,,channel,equal_average,72,72,0.125,0.41288478925988575,2.042280476025762,1.9380048183807848,0.42680318802562955,16.740875885164407,cs_091339,1b,,True,local_amplitudes,,12
8.675,15.256086649649934,,channel,liu_weighted_median,72,72,0.125,2.042280476025762,2.042280476025762,5.411039702407586,0.42680318802562955,75.86267031296752,cs_091339,1b,,True,local_amplitudes,,12
8.675,16.521826837853155,,channel,snr_mrc,72,72,0.125,0.4225059811571855,2.042280476025762,2.076666635935487,0.42680318802562955,90.4533353066646,cs_091339,1b,,True,local_amplitudes,,12
8.675,7.247304152541352,,channel,quality_mrc,72,72,0.125,0.4361036196848829,2.042280476025762,2.2836906588905914,0.42680318802562955,16.45758901969624,cs_091339,1b,,True,local_amplitudes,,12
8.675,10.273335314675633,,channel,best_tone,72,72,0.013888888888888888,0.573672256453086,1.826371483432017,8.214645662188847,0.41348752923305965,18.42461457839345,cs_091339,1b,,True,remote_amplitudes,,12
8.675,9.362888483849515,,channel,equal_average,72,72,0.013888888888888888,0.573672256453086,1.826371483432017,10.177145227769005,0.41348752923305965,7.92955024610391,cs_091339,1b,,True,remote_amplitudes,,12
8.675,10.335411493567522,,channel,liu_weighted_median,72,72,0.013888888888888888,1.826371483432017,1.826371483432017,4.815666537964681,0.41348752923305965,19.14019012757949,cs_091339,1b,,True,remote_amplitudes,,12
8.675,9.138569354083838,,channel,snr_mrc,72,72,0.013888888888888888,0.573672256453086,1.826371483432017,7.000761164665518,0.41348752923305965,5.343738951975071,cs_091339,1b,,True,remote_amplitudes,,12
8.675,9.189034381812524,,channel,quality_mrc,72,72,0.013888888888888888,0.573672256453086,1.826371483432017,6.309016244561779,0.41348752923305965,5.9254683782423445,cs_091339,1b,,True,remote_amplitudes,,12
8.675,8.196303974472324,,channel,best_tone,72,72,0.0,0.5167312765295822,1.4983685339010573,7.3182364774427,0.3683287292206512,5.518109804353626,cs_091339,1b,,True,phases,,12
8.675,14.355476203484455,,channel,equal_average,72,72,0.0,0.44917731237981884,1.4983685339010573,3.9410363412628464,0.3683287292206512,65.48099370010898,cs_091339,1b,,True,phases,,12
8.675,10.423055871830893,,channel,liu_weighted_median,72,72,0.0,1.4983685339010573,1.4983685339010573,3.825367710953044,0.3683287292206512,20.1504999634685,cs_091339,1b,,True,phases,,12
8.675,9.142070669279182,,channel,snr_mrc,72,72,0.0,0.35695191551232514,1.4983685339010573,1.977817218505459,0.3683287292206512,5.3840999340539595,cs_091339,1b,,True,phases,,12
8.675,9.10970050226815,,channel,quality_mrc,72,72,0.0,0.376695061889394,1.4983685339010573,2.3244851929547736,0.3683287292206512,5.010956798480115,cs_091339,1b,,True,phases,,12
8.675,14.400056430739522,,channel,best_tone,72,72,0.1111111111111111,0.6234720185152366,2.09483281836195,9.382436369839617,0.462766085426984,65.99488680967747,cs_091339,1b,,True,local_amplitudes,,13
8.675,16.20607396964674,,channel,equal_average,72,72,0.1111111111111111,0.3933660989667733,2.09483281836195,1.5069232577288079,0.462766085426984,86.81353279131689,cs_091339,1b,,True,local_amplitudes,,13
8.675,15.282680013222137,,channel,liu_weighted_median,72,72,0.1111111111111111,2.09483281836195,2.09483281836195,5.415595075745767,0.462766085426984,76.16922205443385,cs_091339,1b,,True,local_amplitudes,,13
8.675,16.21100575748933,,channel,snr_mrc,72,72,0.1111111111111111,0.5406577078634484,2.09483281836195,3.912618875774136,0.462766085426984,86.8703833716349,cs_091339,1b,,True,local_amplitudes,,13
8.675,16.030705901081966,,channel,quality_mrc,72,72,0.1111111111111111,0.3819123930598262,2.09483281836195,1.379086806123695,0.462766085426984,84.79199885973446,cs_091339,1b,,True,local_amplitudes,,13
8.675,9.41691846454453,,channel,best_tone,72,72,0.013888888888888888,0.6029728928492288,2.059000920528675,12.318536387896167,0.4258893853457036,8.552374231060854,cs_091339,1b,,True,remote_amplitudes,,13
8.675,9.630623680106073,,channel,equal_average,72,72,0.013888888888888888,0.6029728928492288,2.059000920528675,6.470292557528067,0.4258893853457036,11.015834929176622,cs_091339,1b,,True,remote_amplitudes,,13
8.675,10.268563670652552,,channel,liu_weighted_median,72,72,0.013888888888888888,2.059000920528675,2.059000920528675,4.6266189617980125,0.4258893853457036,18.369610036340653,cs_091339,1b,,True,remote_amplitudes,,13
8.675,9.191098248300793,,channel,snr_mrc,72,72,0.013888888888888888,0.5984431349698002,2.059000920528675,5.865790568041115,0.4258893853457036,5.949259346406832,cs_091339,1b,,True,remote_amplitudes,,13
8.675,9.397623188499335,,channel,quality_mrc,72,72,0.013888888888888888,0.5698248438948084,2.059000920528675,5.063863908143679,0.4258893853457036,8.329950299704137,cs_091339,1b,,True,remote_amplitudes,,13
8.675,8.13735642281152,,channel,best_tone,72,72,0.0,0.5045558896175053,1.4395247884045017,6.437142995660926,0.35691819135286595,6.197620486322548,cs_091339,1b,,True,phases,,13
8.675,14.733810471008425,,channel,equal_average,72,72,0.0,0.3543320480825151,1.4395247884045017,2.0780438801019443,0.35691819135286595,69.84219563122103,cs_091339,1b,,True,phases,,13
8.675,10.331130022495206,,channel,liu_weighted_median,72,72,0.0,1.4395247884045017,1.4395247884045017,4.194845302829426,0.35691819135286595,19.090835994181035,cs_091339,1b,,True,phases,,13
8.675,9.728604469071344,,channel,snr_mrc,72,72,0.0,0.37117611677055934,1.4395247884045017,2.3887102989070725,0.35691819135286595,12.145296473444882,cs_091339,1b,,True,phases,,13
8.675,15.499975418800535,,channel,quality_mrc,72,72,0.0,0.34292857936508453,1.4395247884045017,1.883798520161983,0.35691819135286595,78.67406822824823,cs_091339,1b,,True,phases,,13
14.04,16.14972677989455,,channel,best_tone,72,72,0.0,0.5081366352054346,1.36736406977937,5.830507807124832,0.39496828028716985,15.026544016342957,cs_091339,3,,True,local_amplitudes,,0
14.04,19.200414642523153,,channel,equal_average,72,72,0.0,0.513013504010712,1.36736406977937,7.109452512543429,0.39496828028716985,36.75509004646121,cs_091339,3,,True,local_amplitudes,,0
14.04,15.3679280612105,,channel,liu_weighted_median,72,72,0.0,1.36736406977937,1.36736406977937,3.8778112733024477,0.39496828028716985,9.458177074148873,cs_091339,3,,True,local_amplitudes,,0
14.04,19.278534279053442,,channel,snr_mrc,72,72,0.0,0.513013504010712,1.36736406977937,8.922278348859345,0.39496828028716985,37.31149771405586,cs_091339,3,,True,local_amplitudes,,0
14.04,19.18142088381185,,channel,quality_mrc,72,72,0.0,0.513013504010712,1.36736406977937,7.323995109056022,0.39496828028716985,36.61980686475677,cs_091339,3,,True,local_amplitudes,,0
14.04,14.507789575679858,,channel,best_tone,72,72,0.041666666666666664,0.568245307721836,1.71500425059383,7.029704330419542,0.42795919827371365,3.3318345846143815,cs_091339,3,,True,remote_amplitudes,,0
14.04,14.894859856805255,,channel,equal_average,72,72,0.041666666666666664,0.568245307721836,1.71500425059383,11.542244838385166,0.42795919827371365,6.088745418840851,cs_091339,3,,True,remote_amplitudes,,0
14.04,14.656400657720674,,channel,liu_weighted_median,72,72,0.041666666666666664,1.71500425059383,1.71500425059383,5.2448198606859755,0.42795919827371365,4.390318074933583,cs_091339,3,,True,remote_amplitudes,,0
14.04,14.895468493261294,,channel,snr_mrc,72,72,0.041666666666666664,0.568245307721836,1.71500425059383,10.412580686269646,0.42795919827371365,6.09308043633401,cs_091339,3,,True,remote_amplitudes,,0
14.04,14.84355082103854,,channel,quality_mrc,72,72,0.041666666666666664,0.568245307721836,1.71500425059383,10.377703353621486,0.42795919827371365,5.723296446143459,cs_091339,3,,True,remote_amplitudes,,0
14.04,14.425976189874872,,channel,best_tone,72,72,0.0,0.45602045261476143,1.4568115962400616,4.277095039945566,0.36526824261524615,2.7491181615019418,cs_091339,3,,True,phases,,0
14.04,13.762976950943,,channel,equal_average,72,72,0.0,0.39237193552694977,1.4568115962400616,2.724518412599801,0.36526824261524615,1.9730986400071104,cs_091339,3,,True,phases,,0
14.04,14.425976189874872,,channel,liu_weighted_median,72,72,0.0,1.4568115962400616,1.4568115962400616,2.8557127062124597,0.36526824261524615,2.7491181615019418,cs_091339,3,,True,phases,,0
14.04,8.215383649866336,,channel,snr_mrc,72,72,0.0,0.3734457808310577,1.4568115962400616,2.348976155570127,0.36526824261524615,41.48587143969846,cs_091339,3,,True,phases,,0
14.04,8.268316943404509,,channel,quality_mrc,72,72,0.0,0.3935240778412465,1.4568115962400616,2.7485893946950024,0.36526824261524615,41.108853679455066,cs_091339,3,,True,phases,,0
14.04,16.075969694802005,,channel,best_tone,72,72,0.0,0.5049784641019952,1.3251177438594282,8.992023336349828,0.3887085497793911,14.50120865243594,cs_091339,3,,True,local_amplitudes,,1
14.04,19.124664759102803,,channel,equal_average,72,72,0.0,0.4941741213046294,1.3251177438594282,5.623059451900042,0.3887085497793911,36.21556096227068,cs_091339,3,,True,local_amplitudes,,1
14.04,15.291080382807632,,channel,liu_weighted_median,72,72,0.0,1.3251177438594282,1.3251177438594282,3.730190585550182,0.3887085497793911,8.910828937376301,cs_091339,3,,True,local_amplitudes,,1
14.04,19.123684326738857,,channel,snr_mrc,72,72,0.0,0.5049784641019952,1.3251177438594282,7.456752566864083,0.3887085497793911,36.20857782577534,cs_091339,3,,True,local_amplitudes,,1
14.04,19.12541624883545,,channel,quality_mrc,72,72,0.0,0.5049784641019952,1.3251177438594282,6.273723331790928,0.3887085497793911,36.22091345324395,cs_091339,3,,True,local_amplitudes,,1
14.04,14.343746350423164,,channel,best_tone,72,72,0.0,0.5998350816048241,1.985623558544282,7.972720250896931,0.43476909035821154,2.163435544324534,cs_091339,3,,True,remote_amplitudes,,1
14.04,14.925959213612986,,channel,equal_average,72,72,0.0,0.5998350816048241,1.985623558544282,10.282779911753346,0.43476909035821154,6.3102508092093075,cs_091339,3,,True,remote_amplitudes,,1
14.04,14.431926159458307,,channel,liu_weighted_median,72,72,0.0,1.985623558544282,1.985623558544282,4.827609214335116,0.43476909035821154,2.7914968622386587,cs_091339,3,,True,remote_amplitudes,,1
14.04,14.905669749332958,,channel,snr_mrc,72,72,0.0,0.5998350816048241,1.985623558544282,9.529714077541133,0.43476909035821154,6.165738955362955,cs_091339,3,,True,remote_amplitudes,,1
14.04,14.86013546165763,,channel,quality_mrc,72,72,0.0,0.5998350816048241,1.985623558544282,10.758377215972535,0.43476909035821154,5.841420667077149,cs_091339,3,,True,remote_amplitudes,,1
14.04,14.382217507748981,,channel,best_tone,72,72,0.0,0.47850416234516513,1.523045026630525,4.3833640427169875,0.39386566027045333,2.437446636388762,cs_091339,3,,True,phases,,1
14.04,13.789801923478958,,channel,equal_average,72,72,0.0,0.3465863205344843,1.523045026630525,1.6656533916141854,0.39386566027045333,1.782037582058698,cs_091339,3,,True,phases,,1
14.04,13.578620987908169,,channel,liu_weighted_median,72,72,0.0,1.523045026630525,1.523045026630525,2.4136799409644714,0.39386566027045333,3.286175299799364,cs_091339,3,,True,phases,,1
14.04,13.82129018153358,,channel,snr_mrc,72,72,0.0,0.35401952763760136,1.523045026630525,1.7751376520869873,0.39386566027045333,1.557762239789307,cs_091339,3,,True,phases,,1
14.04,8.106705360773871,,channel,quality_mrc,72,72,0.0,0.3582023563035286,1.523045026630525,1.83880508521047,0.39386566027045333,42.25993332782142,cs_091339,3,,True,phases,,1
14.04,15.983695668723746,,channel,best_tone,72,72,0.0,0.5081502511846918,1.3489570184029693,12.469910889070682,0.3890794677180026,13.843986244471129,cs_091339,3,,True,local_amplitudes,,2
14.04,19.03740574899615,,channel,equal_average,72,72,0.0,0.4579411514899971,1.3489570184029693,4.391408438848064,0.3890794677180026,35.59405804128313,cs_091339,3,,True,local_amplitudes,,2
14.04,15.329792338674215,,channel,liu_weighted_median,72,72,0.0,1.3489570184029693,1.3489570184029693,3.6137625421294186,0.3890794677180026,9.186555118762223,cs_091339,3,,True,local_amplitudes,,2
14.04,19.102443405675842,,channel,snr_mrc,72,72,0.0,0.5081502511846918,1.3489570184029693,6.54192458709516,0.3890794677180026,36.05728921421541,cs_091339,3,,True,local_amplitudes,,2
14.04,19.018793471902406,,channel,quality_mrc,72,72,0.0,0.4882921600709947,1.3489570184029693,5.323706086844039,0.3890794677180026,35.461491965116856,cs_091339,3,,True,local_amplitudes,,2
14.04,15.174942777009681,,channel,best_tone,72,72,0.0,0.6282905709486863,2.2189633993341493,10.281913190389382,0.4470864202036822,8.083638012889475,cs_091339,3,,True,remote_amplitudes,,2
14.04,14.85450854392718,,channel,equal_average,72,72,0.0,0.6282905709486863,2.2189633993341493,9.458338391468134,0.4470864202036822,5.801342905464249,cs_091339,3,,True,remote_amplitudes,,2
14.04,14.320217525480173,,channel,liu_weighted_median,72,72,0.0,2.2189633993341493,2.2189633993341493,4.686671847646248,0.4470864202036822,1.9958513210838573,cs_091339,3,,True,remote_amplitudes,,2
14.04,14.824462096062726,,channel,snr_mrc,72,72,0.0,0.6282905709486863,2.2189633993341493,9.524935066289004,0.4470864202036822,5.587336866543641,cs_091339,3,,True,remote_amplitudes,,2
14.04,14.787640954277904,,channel,quality_mrc,72,72,0.0,0.6282905709486863,2.2189633993341493,8.477858837034091,0.4470864202036822,5.325078021922403,cs_091339,3,,True,remote_amplitudes,,2
14.04,14.385338423262677,,channel,best_tone,72,72,0.0,0.498193177075832,1.5175818087328699,4.626678866908227,0.42265216638782716,2.4596753793638046,cs_091339,3,,True,phases,,2
14.04,8.411093069159607,,channel,equal_average,72,72,0.0,0.3261589494694345,1.5175818087328699,1.2982667341024692,0.42265216638782716,40.0919297068404,cs_091339,3,,True,phases,,2
14.04,13.445933430692675,,channel,liu_weighted_median,72,72,0.0,1.5175818087328699,1.5175818087328699,2.4415663109991264,0.42265216638782716,4.2312433711347905,cs_091339,3,,True,phases,,2
14.04,13.407758431804929,,channel,snr_mrc,72,72,0.0,0.34184328513812307,1.5175818087328699,1.4947108622407985,0.42265216638782716,4.50314507261446,cs_091339,3,,True,phases,,2
14.04,8.244936917551044,,channel,quality_mrc,72,72,0.0,0.335844231820491,1.5175818087328699,1.4173911317725791,0.42265216638782716,41.27537808012077,cs_091339,3,,True,phases,,2
14.04,15.886779727428616,,channel,best_tone,72,72,0.0,0.49971165056911854,1.3171401557678182,8.765864925622372,0.3789539391830916,13.153701762312084,cs_091339,3,,True,local_amplitudes,,3
14.04,19.04259991320907,,channel,equal_average,72,72,0.0,0.4163935491082263,1.3171401557678182,3.471401154252684,0.3789539391830916,35.631053512885124,cs_091339,3,,True,local_amplitudes,,3
14.04,14.74303107918629,,channel,liu_weighted_median,72,72,0.0,1.3171401557678182,1.3171401557678182,3.496036385681935,0.3789539391830916,5.007343868848224,cs_091339,3,,True,local_amplitudes,,3
14.04,19.443782267458563,,channel,snr_mrc,72,72,0.0,0.4366911231950942,1.3171401557678182,4.004201438240663,0.3789539391830916,38.488477688451304,cs_091339,3,,True,local_amplitudes,,3
14.04,18.868743533747192,,channel,quality_mrc,72,72,0.0,0.4496210773925587,1.3171401557678182,4.370516974964322,0.3789539391830916,34.3927602118746,cs_091339,3,,True,local_amplitudes,,3
14.04,15.218166290139315,,channel,best_tone,72,72,0.027777777777777776,0.6281337403992611,2.178459097169511,9.21822592387634,0.45505820374361533,8.391497793015073,cs_091339,3,,True,remote_amplitudes,,3
14.04,14.721568499857668,,channel,equal_average,72,72,0.027777777777777776,0.6281337403992611,2.178459097169511,8.78937249460126,0.45505820374361533,4.854476494712739,cs_091339,3,,True,remote_amplitudes,,3
14.04,14.222051773033467,,channel,liu_weighted_median,72,72,0.027777777777777776,2.178459097169511,2.178459097169511,4.7028044654077386,0.45505820374361533,1.2966650500959251,cs_091339,3,,True,remote_amplitudes,,3
14.04,14.63410909541758,,channel,snr_mrc,72,72,0.027777777777777776,0.6281337403992611,2.178459097169511,7.611268698230445,0.45505820374361533,4.231546263657984,cs_091339,3,,True,remote_amplitudes,,3
14.04,14.640547379440632,,channel,quality_mrc,72,72,0.027777777777777776,0.6281337403992611,2.178459097169511,7.669427225505351,0.45505820374361533,4.277402987468893,cs_091339,3,,True,remote_amplitudes,,3
14.04,14.379292011384845,,channel,best_tone,72,72,0.0,0.5011636760140967,1.4398126089230767,4.759369744507387,0.44085379337538994,2.416609767698329,cs_091339,3,,True,phases,,3
14.04,9.591698082517725,,channel,equal_average,72,72,0.0,0.3434295765606917,1.4398126089230767,1.5315238709789722,0.44085379337538994,31.68306209032959,cs_091339,3,,True,phases,,3
14.04,12.909785159162933,,channel,liu_weighted_median,72,72,0.0,1.4398126089230767,1.4398126089230767,2.7081894453277267,0.44085379337538994,8.049963253825258,cs_091339,3,,True,phases,,3
14.04,12.817335293017114,,channel,snr_mrc,72,72,0.0,0.3293383337190705,1.4398126089230767,1.3506335663168145,0.44085379337538994,8.708438083923681,cs_091339,3,,True,phases,,3
14.04,8.913812339410443,,channel,quality_mrc,72,72,0.0,0.33562562300952486,1.4398126089230767,1.4294731908089473,0.44085379337538994,36.51130812385724,cs_091339,3,,True,phases,,3
14.04,15.770710553444712,,channel,best_tone,72,72,0.0,0.48742095496785776,1.239610020646381,7.224427350943326,0.37366937164441066,12.326998243908209,cs_091339,3,,True,local_amplitudes,,4
14.04,19.254284237685,,channel,equal_average,72,72,0.0,0.363933255263109,1.239610020646381,2.497490747443665,0.37366937164441066,37.13877662168804,cs_091339,3,,True,local_amplitudes,,4
14.04,14.238740582560602,,channel,liu_weighted_median,72,72,0.0,1.239610020646381,1.239610020646381,3.4559003419806156,0.37366937164441066,1.4155312148191113,cs_091339,3,,True,local_amplitudes,,4
14.04,15.277586092355328,,channel,snr_mrc,72,72,0.0,0.2853510350363491,1.239610020646381,1.203862865130077,0.37366937164441066,8.81471575751659,cs_091339,3,,True,local_amplitudes,,4
14.04,19.035519187232502,,channel,quality_mrc,72,72,0.0,0.32736331991197415,1.239610020646381,1.8177272206857582,0.37366937164441066,35.5806209916845,cs_091339,3,,True,local_amplitudes,,4
14.04,15.212206256201092,,channel,best_tone,72,72,0.013888888888888888,0.6196867451544572,2.09795523438869,7.528513336859349,0.4537121347495496,8.349047408839697,cs_091339,3,,True,remote_amplitudes,,4
14.04,14.554925887016532,,channel,equal_average,72,72,0.013888888888888888,0.6196867451544572,2.09795523438869,8.651835801789893,0.4537121347495496,3.6675632978385537,cs_091339,3,,True,remote_amplitudes,,4
14.04,14.229619592303221,,channel,liu_weighted_median,72,72,0.013888888888888888,2.09795523438869,2.09795523438869,4.724912100462886,0.4537121347495496,1.3505668967465956,cs_091339,3,,True,remote_amplitudes,,4
14.04,14.442221751715836,,channel,snr_mrc,72,72,0.013888888888888888,0.6196867451544572,2.09795523438869,7.304492838352089,0.4537121347495496,2.864827291423341,cs_091339,3,,True,remote_amplitudes,,4
14.04,14.483501601008216,,channel,quality_mrc,72,72,0.013888888888888888,0.6196867451544572,2.09795523438869,7.705377240032599,0.4537121347495496,3.158843312024337,cs_091339,3,,True,remote_amplitudes,,4
14.04,19.13299150010675,,channel,best_tone,72,72,0.0,0.5417105275096986,1.5032810136526862,5.685094841058519,0.4464113029120154,36.27486823437857,cs_091339,3,,True,phases,,4
14.04,10.457583025027498,,channel,equal_average,72,72,0.0,0.38770615375434675,1.5032810136526862,2.0842219721098196,0.4464113029120154,25.515790420032065,cs_091339,3,,True,phases,,4
14.04,12.580879664656644,,channel,liu_weighted_median,72,72,0.0,1.5032810136526862,1.5032810136526862,3.0163616714733226,0.4464113029120154,10.39259498107803,cs_091339,3,,True,phases,,4
14.04,12.024762319437764,,channel,snr_mrc,72,72,0.0,0.34482387517766216,1.5032810136526862,1.4663170070418738,0.4464113029120154,14.353544733349253,cs_091339,3,,True,phases,,4
14.04,9.927855494712109,,channel,quality_mrc,72,72,0.0,0.37045940027210345,1.5032810136526862,1.8182673700238186,0.4464113029120154,29.288778527691527,cs_091339,3,,True,phases,,4
14.04,15.634577202225303,,channel,best_tone,72,72,0.0,0.4773396899376504,1.238531824586009,5.749561043385839,0.36656586625049936,11.357387480237211,cs_091339,3,,True,local_amplitudes,,5
14.04,19.4864622841094,,channel,equal_average,72,72,0.0,0.3067737934872883,1.238531824586009,1.5261837302072512,0.36656586625049936,38.792466411035626,cs_091339,3,,True,local_amplitudes,,5
14.04,13.867407688029283,,channel,liu_weighted_median,72,72,0.0,1.238531824586009,1.238531824586009,3.692513598481648,0.36656586625049936,1.2292899713013945,cs_091339,3,,True,local_amplitudes,,5
14.04,14.376079283666375,,channel,snr_mrc,72,72,0.0,0.385587052915393,1.238531824586009,3.0305355155884253,0.36656586625049936,2.3937270916408515,cs_091339,3,,True,local_amplitudes,,5
14.04,14.703951091077418,,channel,quality_mrc,72,72,0.0,0.2986854808596569,1.238531824586009,1.4086217349868122,0.36656586625049936,4.728996375195289,cs_091339,3,,True,local_amplitudes,,5
14.04,15.179014470015712,,channel,best_tone,72,72,0.013888888888888888,0.6297250703774291,2.1403466318838267,6.6661712169774905,0.46669035831125577,8.112638675325591,cs_091339,3,,True,remote_amplitudes,,5
14.04,14.38561668889582,,channel,equal_average,72,72,0.013888888888888888,0.6297250703774291,2.1403466318838267,7.195853253003139,0.46669035831125577,2.461657328317807,cs_091339,3,,True,remote_amplitudes,,5
14.04,14.076585914336627,,channel,liu_weighted_median,72,72,0.013888888888888888,2.1403466318838267,2.1403466318838267,4.6682694137550085,0.46669035831125577,0.2605834354460704,cs_091339,3,,True,remote_amplitudes,,5
14.04,14.253535230348199,,channel,snr_mrc,72,72,0.013888888888888888,0.6297250703774291,2.1403466318838267,8.672237252350769,0.46669035831125577,1.5209061990612496,cs_091339,3,,True,remote_amplitudes,,5
14.04,14.320770978898953,,channel,quality_mrc,72,72,0.013888888888888888,0.6297250703774291,2.1403466318838267,7.98352689260142,0.46669035831125577,1.999793297001093,cs_091339,3,,True,remote_amplitudes,,5
14.04,15.573746167766734,,channel,best_tone,72,72,0.0,0.5090133196292596,1.61278148648534,4.505425340061979,0.43559948303674934,10.924118004036572,cs_091339,3,,True,phases,,5
14.04,10.566756372389314,,channel,equal_average,72,72,0.0,0.4273920837346295,1.61278148648534,2.6670292454140148,0.43559948303674934,24.738202475859584,cs_091339,3,,True,phases,,5
14.04,11.997208234689408,,channel,liu_weighted_median,72,72,0.0,1.61278148648534,1.61278148648534,3.3770527173328326,0.43559948303674934,14.549798898223584,cs_091339,3,,True,phases,,5
14.04,9.75022873787195,,channel,snr_mrc,72,72,0.0,0.40187170830326263,1.61278148648534,2.2172295381027602,0.43559948303674934,30.553926368433398,cs_091339,3,,True,phases,,5
14.04,10.314425636094814,,channel,quality_mrc,72,72,0.0,0.4128402595221445,1.61278148648534,2.403778706828736,0.43559948303674934,26.535429942344624,cs_091339,3,,True,phases,,5
14.04,10.176916376817152,,channel,best_tone,72,72,0.0,0.48234405807490977,1.2156602888154546,18.964840379171317,0.36924834705734744,27.514840620960452,cs_091339,3,,True,local_amplitudes,,6
14.04,13.719406843912017,,channel,equal_average,72,72,0.0,0.30477425571993166,1.2156602888154546,1.5136145359942188,0.36924834705734744,2.2834270376636914,cs_091339,3,,True,local_amplitudes,,6
14.04,13.49798848692222,,channel,liu_weighted_median,72,72,0.0,1.2156602888154546,1.2156602888154546,4.152594315680508,0.36924834705734744,3.8604808623773494,cs_091339,3,,True,local_amplitudes,,6
14.04,14.027300206459058,,channel,snr_mrc,72,72,0.0,0.48234405807490977,1.2156602888154546,7.842270865983011,0.36924834705734744,0.09045436994972204,cs_091339,3,,True,local_amplitudes,,6
14.04,13.881736186812333,,channel,quality_mrc,72,72,0.0,0.34867349476603876,1.2156602888154546,2.266403623625017,0.36924834705734744,1.1272351366642903,cs_091339,3,,True,local_amplitudes,,6
14.04,15.091581774504029,,channel,best_tone,72,72,0.027777777777777776,0.6441131383115152,2.3237072507616756,6.672441252291631,0.4600076472397596,7.489898678803629,cs_091339,3,,True,remote_amplitudes,,6
14.04,14.186088311130094,,channel,equal_average,72,72,0.027777777777777776,0.6441131383115152,2.3237072507616756,7.692009841327245,0.4600076472397596,1.040515036539137,cs_091339,3,,True,remote_amplitudes,,6
14.04,13.80965927387115,,channel,liu_weighted_median,72,72,0.027777777777777776,2.3237072507616756,2.3237072507616756,4.566490644720271,0.4600076472397596,1.640603462456193,cs_091339,3,,True,remote_amplitudes,,6
14.04,14.065502472352785,,channel,snr_mrc,72,72,0.027777777777777776,0.6441131383115152,2.3237072507616756,7.163030018941539,0.4600076472397596,0.18164154097425705,cs_091339,3,,True,remote_amplitudes,,6
14.04,14.115178336860753,,channel,quality_mrc,72,72,0.027777777777777776,0.6441131383115152,2.3237072507616756,7.425170108186292,0.4600076472397596,0.535458239748958,cs_091339,3,,True,remote_amplitudes,,6
14.04,15.294862626812215,,channel,best_tone,72,72,0.013888888888888888,0.5535410244441449,1.687840436093253,5.627484221584219,0.4285633301020955,8.937767997238003,cs_091339,3,,True,phases,,6
14.04,10.604361808273636,,channel,equal_average,72,72,0.013888888888888888,0.4632004571049336,1.687840436093253,3.29740114494444,0.4285633301020955,24.470357490928517,cs_091339,3,,True,phases,,6
14.04,11.784046319482636,,channel,liu_weighted_median,72,72,0.013888888888888888,1.687840436093253,1.687840436093253,3.8011379110608132,0.4285633301020955,16.068046157531075,cs_091339,3,,True,phases,,6
14.04,10.058800087420728,,channel,snr_mrc,72,72,0.013888888888888888,0.4669706079603891,1.687840436093253,3.3785743824418684,0.4285633301020955,28.356124733470594,cs_091339,3,,True,phases,,6
14.04,10.43849988474108,,channel,quality_mrc,72,72,0.013888888888888888,0.4551633350458537,1.687840436093253,3.1287197178445103,0.4285633301020955,25.65171022264187,cs_091339,3,,True,phases,,6
14.04,10.267350761554807,,channel,best_tone,72,72,0.0,0.4846891942164387,1.196648974019198,14.288971597575536,0.38061266127093724,26.870721071546953,cs_091339,3,,True,local_amplitudes,,7
14.04,12.665712432267355,,channel,equal_average,72,72,0.0,0.32061443643083143,1.196648974019198,1.7366426336661986,0.38061266127093724,9.788372989548746,cs_091339,3,,True,local_amplitudes,,7
14.04,13.043618470991502,,channel,liu_weighted_median,72,72,0.0,1.196648974019198,1.196648974019198,4.07264097470286,0.38061266127093724,7.096734537097557,cs_091339,3,,True,local_amplitudes,,7
14.04,13.249468468703775,,channel,snr_mrc,72,72,0.0,0.4846891942164387,1.196648974019198,8.16339205873024,0.38061266127093724,5.630566462223821,cs_091339,3,,True,local_amplitudes,,7
14.04,12.928991291641825,,channel,quality_mrc,72,72,0.0,0.3929742256957145,1.196648974019198,3.1978157589893237,0.38061266127093724,7.913167438448533,cs_091339,3,,True,local_amplitudes,,7
14.04,14.153648852875033,,channel,best_tone,72,72,0.05555555555555555,0.6541936670517102,2.445873336211951,6.2236059398948775,0.4578730009296127,0.8094647640671946,cs_091339,3,,True,remote_amplitudes,,7
14.04,13.936753337382175,,channel,equal_average,72,72,0.05555555555555555,0.6541936670517102,2.445873336211951,6.458726082575764,0.4578730009296127,0.7353750898705422,cs_091339,3,,True,remote_amplitudes,,7
14.04,13.671104636423298,,channel,liu_weighted_median,72,72,0.05555555555555555,2.445873336211951,2.445873336211951,4.425766632732864,0.4578730009296127,2.6274598545349104,cs_091339,3,,True,remote_amplitudes,,7
14.04,13.81516675980357,,channel,snr_mrc,72,72,0.05555555555555555,0.6541936670517102,2.445873336211951,6.35035489513841,0.4578730009296127,1.601376354675416,cs_091339,3,,True,remote_amplitudes,,7
14.04,13.867128758595264,,channel,quality_mrc,72,72,0.05555555555555555,0.6541936670517102,2.445873336211951,6.491966605504364,0.4578730009296127,1.2312766481818738,cs_091339,3,,True,remote_amplitudes,,7
14.04,15.064281184620047,,channel,best_tone,72,72,0.041666666666666664,0.5681078583729027,1.7457032884342236,6.119245731752011,0.42012831421862346,7.295450032906321,cs_091339,3,,True,phases,,7
14.04,10.629472026734827,,channel,equal_average,72,72,0.041666666666666664,0.4922775903742318,1.7457032884342236,3.9038134732253496,0.42012831421862346,24.291509781090966,cs_091339,3,,True,phases,,7
14.04,11.526050834297818,,channel,liu_weighted_median,72,72,0.041666666666666664,1.7457032884342236,1.7457032884342236,4.156105282736099,0.42012831421862346,17.905620838334624,cs_091339,3,,True,phases,,7
14.04,10.444160045093188,,channel,snr_mrc,72,72,0.041666666666666664,0.4912680334723798,1.7457032884342236,3.8798450149855626,0.42012831421862346,25.611395690219453,cs_091339,3,,True,phases,,7
14.04,10.547416072103283,,channel,quality_mrc,72,72,0.041666666666666664,0.49507785201571886,1.7457032884342236,3.970812261500562,0.42012831421862346,24.875953902398262,cs_091339,3,,True,phases,,7
14.04,12.830048388984313,,channel,best_tone,72,72,0.0,0.48901391644700576,1.2488334559641392,8.581799058976419,0.3745580385277266,8.617888967348193,cs_091339,3,,True,local_amplitudes,,8
14.04,11.037383966155664,,channel,equal_average,72,72,0.0,0.4312308922625222,1.2488334559641392,4.114501167201641,0.3745580385277266,21.386154087210365,cs_091339,3,,True,local_amplitudes,,8
14.04,12.775393117714344,,channel,liu_weighted_median,72,72,0.0,1.2488334559641392,1.2488334559641392,3.840425188928426,0.3745580385277266,9.007171526251105,cs_091339,3,,True,local_amplitudes,,8
14.04,12.285827603254372,,channel,snr_mrc,72,72,0.0,0.4340052814810824,1.2488334559641392,4.194426981737538,0.3745580385277266,12.49410538992612,cs_091339,3,,True,local_amplitudes,,8
14.04,11.770913470354618,,channel,quality_mrc,72,72,0.0,0.45761923764885754,1.2488334559641392,4.917002336109493,0.3745580385277266,16.1615849689842,cs_091339,3,,True,local_amplitudes,,8
14.04,14.04156115546283,,channel,best_tone,72,72,0.027777777777777776,0.6712204045231858,2.488464644614434,6.487147715988172,0.4860981487716262,0.011119340903352953,cs_091339,3,,True,remote_amplitudes,,8
14.04,13.65312643215645,,channel,equal_average,72,72,0.027777777777777776,0.6548780056314908,2.488464644614434,5.572332385715494,0.4860981487716262,2.7555097424754242,cs_091339,3,,True,remote_amplitudes,,8
14.04,13.465486164107642,,channel,liu_weighted_median,72,72,0.027777777777777776,2.488464644614434,2.488464644614434,4.30075105063458,0.4860981487716262,4.091978888122205,cs_091339,3,,True,remote_amplitudes,,8
14.04,13.519412601017644,,channel,snr_mrc,72,72,0.027777777777777776,0.6650140843241956,2.488464644614434,5.835100355996769,0.4860981487716262,3.7078874571392846,cs_091339,3,,True,remote_amplitudes,,8
14.04,13.600945370363947,,channel,quality_mrc,72,72,0.027777777777777776,0.6684871794730384,2.488464644614434,5.927001642245132,0.4860981487716262,3.127169726752509,cs_091339,3,,True,remote_amplitudes,,8
14.04,10.067775173240495,,channel,best_tone,72,72,0.041666666666666664,0.5642145097480664,1.6950967052832304,6.324410735172871,0.42383641094970087,28.29219962079419,cs_091339,3,,True,phases,,8
14.04,10.651965952453393,,channel,equal_average,72,72,0.041666666666666664,0.4917551873445059,1.6950967052832304,3.972513191924561,0.42383641094970087,24.13129663494734,cs_091339,3,,True,phases,,8
14.04,11.317774756629136,,channel,liu_weighted_median,72,72,0.041666666666666664,1.6950967052832304,1.6950967052832304,4.168722213148767,0.42383641094970087,19.389068684977655,cs_091339,3,,True,phases,,8
14.04,10.561376601287122,,channel,snr_mrc,72,72,0.041666666666666664,0.5304829741925883,1.6950967052832304,4.986925129507035,0.42383641094970087,24.776519933852402,cs_091339,3,,True,phases,,8
14.04,10.601018001681528,,channel,quality_mrc,72,72,0.041666666666666664,0.5214657562628175,1.6950967052832304,4.73691816193014,0.42383641094970087,24.49417377719709,cs_091339,3,,True,phases,,8
14.04,14.128336882182099,,channel,best_tone,72,72,0.0,0.504671094386519,1.274103687955677,7.795227660883709,0.40353435158679163,0.6291800725220783,cs_091339,3,,True,local_amplitudes,,9
14.04,10.497039150430979,,channel,equal_average,72,72,0.0,0.504671094386519,1.274103687955677,7.499759761061537,0.40353435158679163,25.234763885819234,cs_091339,3,,True,local_amplitudes,,9
14.04,12.230917195091402,,channel,liu_weighted_median,72,72,0.0,1.274103687955677,1.274103687955677,3.480613850143075,0.40353435158679163,12.885205163166644,cs_091339,3,,True,local_amplitudes,,9
14.04,11.3960853493119,,channel,snr_mrc,72,72,0.0,0.4047840487228796,1.274103687955677,3.0959656115960543,0.40353435158679163,18.83130093082692,cs_091339,3,,True,local_amplitudes,,9
14.04,10.747079557519939,,channel,quality_mrc,72,72,0.0,0.502563264407198,1.274103687955677,5.925134022966685,0.40353435158679163,23.453849305413534,cs_091339,3,,True,local_amplitudes,,9
14.04,12.958894313793833,,channel,best_tone,72,72,0.027777777777777776,0.6578171324146406,2.3674978801021127,6.3192941439159505,0.4809345007733375,7.700182950186372,cs_091339,3,,True,remote_amplitudes,,9
14.04,13.371879842678155,,channel,equal_average,72,72,0.027777777777777776,0.616353570407651,2.3674978801021127,4.935435243999156,0.4809345007733375,4.758690579215417,cs_091339,3,,True,remote_amplitudes,,9
14.04,13.22195867925711,,channel,liu_weighted_median,72,72,0.027777777777777776,2.3674978801021127,2.3674978801021127,4.3659271183618165,0.4809345007733375,5.826505133496362,cs_091339,3,,True,remote_amplitudes,,9
14.04,13.240908789389911,,channel,snr_mrc,72,72,0.027777777777777776,0.6578171324146406,2.3674978801021127,6.281430619894543,0.4809345007733375,5.691532839103193,cs_091339,3,,True,remote_amplitudes,,9
14.04,13.341641045338937,,channel,quality_mrc,72,72,0.027777777777777776,0.6348868293260581,2.3674978801021127,5.394170418720634,0.4809345007733375,4.974066628640044,cs_091339,3,,True,remote_amplitudes,,9
14.04,10.528131953547517,,channel,best_tone,72,72,0.1111111111111111,0.5541343200086931,1.6432548623934906,7.583654280911088,0.41419057447909,25.01330517416298,cs_091339,3,,True,phases,,9
14.04,10.646999392510898,,channel,equal_average,72,72,0.1111111111111111,0.4696768849222491,1.6432548623934906,3.6534541795934787,0.41419057447909,24.16667099351212,cs_091339,3,,True,phases,,9
14.04,11.29454657618323,,channel,liu_weighted_median,72,72,0.1111111111111111,1.6432548623934906,1.6432548623934906,4.112132073528366,0.41419057447909,19.55451156564651,cs_091339,3,,True,phases,,9
14.04,10.591902011987484,,channel,snr_mrc,72,72,0.1111111111111111,0.524965218070544,1.6432548623934906,5.101497682162408,0.41419057447909,24.55910247872162,cs_091339,3,,True,phases,,9
14.04,10.61286877494769,,channel,quality_mrc,72,72,0.1111111111111111,0.5027480734117685,1.6432548623934906,4.480818461846764,0.41419057447909,24.40976656020163,cs_091339,3,,True,phases,,9
14.04,13.999170104055,,channel,best_tone,72,72,0.0,0.5149501307754681,1.3088525812292116,6.660193979427927,0.4173157500102771,0.2908112246794775,cs_091339,3,,True,local_amplitudes,,10
14.04,10.296952941792888,,channel,equal_average,72,72,0.0,0.49358435715382903,1.3088525812292116,5.28372120883837,0.4173157500102771,26.65987933195948,cs_091339,3,,True,local_amplitudes,,10
14.04,11.931434602617,,channel,liu_weighted_median,72,72,0.0,1.3088525812292116,1.3088525812292116,3.4055916052644397,0.4173157500102771,15.018272061132478,cs_091339,3,,True,local_amplitudes,,10
14.04,9.927094901267331,,channel,snr_mrc,72,72,0.0,0.4866675790403245,1.3088525812292116,5.064691278706493,0.4173157500102771,29.294195859919288,cs_091339,3,,True,local_amplitudes,,10
14.04,10.220041932598113,,channel,quality_mrc,72,72,0.0,0.4660983897365192,1.3088525812292116,4.449267729545978,0.4173157500102771,27.207678542748482,cs_091339,3,,True,local_amplitudes,,10
14.04,12.900218577374996,,channel,best_tone,72,72,0.027777777777777776,0.6267122808969077,2.151731188629504,9.553407175003366,0.45759007039704674,8.118101300747883,cs_091339,3,,True,remote_amplitudes,,10
14.04,13.163557773058274,,channel,equal_average,72,72,0.027777777777777776,0.5738872492655266,2.151731188629504,4.607086452451239,0.45759007039704674,6.24246600385844,cs_091339,3,,True,remote_amplitudes,,10
14.04,13.065757014612474,,channel,liu_weighted_median,72,72,0.027777777777777776,2.151731188629504,2.151731188629504,4.466265672184276,0.45759007039704674,6.939052602475247,cs_091339,3,,True,remote_amplitudes,,10
14.04,13.1512876605967,,channel,snr_mrc,72,72,0.027777777777777776,0.6170671440605423,2.151731188629504,5.727220496975373,0.45759007039704674,6.32985996725996,cs_091339,3,,True,remote_amplitudes,,10
14.04,13.189341530598037,,channel,quality_mrc,72,72,0.027777777777777776,0.6060779854375863,2.151731188629504,5.426654389915718,0.45759007039704674,6.058821007136482,cs_091339,3,,True,remote_amplitudes,,10
14.04,10.52648314303681,,channel,best_tone,72,72,0.08333333333333333,0.5483359946455643,1.5989592595821103,8.348896135366493,0.41244197625012496,25.02504883876916,cs_091339,3,,True,phases,,10
14.04,10.606260001202655,,channel,equal_average,72,72,0.08333333333333333,0.4432096243915252,1.5989592595821103,3.168389257041678,0.41244197625012496,24.456837598271687,cs_091339,3,,True,phases,,10
14.04,11.18417597816552,,channel,liu_weighted_median,72,72,0.08333333333333333,1.5989592595821103,1.5989592595821103,3.7337452732423952,0.41244197625012496,20.340626936143018,cs_091339,3,,True,phases,,10
14.04,10.530185029596078,,channel,snr_mrc,72,72,0.08333333333333333,0.5082150234665407,1.5989592595821103,4.776980646412217,0.41244197625012496,24.998682125384057,cs_091339,3,,True,phases,,10
14.04,10.55525099359785,,channel,quality_mrc,72,72,0.08333333333333333,0.4790879800014471,1.5989592595821103,4.0018131659695575,0.41244197625012496,24.820149618248927,cs_091339,3,,True,phases,,10
14.04,13.918898647496512,,channel,best_tone,72,72,0.0,0.5258010197321163,1.3168978936745452,6.4405982874731516,0.4415421422563958,0.8625452457513333,cs_091339,3,,True,local_amplitudes,,11
14.04,10.197230191364836,,channel,equal_average,72,72,0.0,0.453366154501954,1.3168978936745452,3.84622125997083,0.4415421422563958,27.37015533215928,cs_091339,3,,True,local_amplitudes,,11
14.04,11.736660487459043,,channel,liu_weighted_median,72,72,0.0,1.3168978936745452,1.3168978936745452,3.574703285051735,0.4415421422563958,16.405552083625047,cs_091339,3,,True,local_amplitudes,,11
14.04,9.77260166970284,,channel,snr_mrc,72,72,0.0,0.5056021868529211,1.3168978936745452,5.334746773174071,0.4415421422563958,30.394575002116515,cs_091339,3,,True,local_amplitudes,,11
14.04,10.035258787630207,,channel,quality_mrc,72,72,0.0,0.4548667541514988,1.3168978936745452,3.88453971103878,0.4415421422563958,28.52379780890166,cs_091339,3,,True,local_amplitudes,,11
14.04,14.311480503291106,,channel,best_tone,72,72,0.027777777777777776,0.6160960681020993,2.095376145540242,6.127063263103604,0.4464196548338125,1.9336218183127276,cs_091339,3,,True,remote_amplitudes,,11
14.04,13.041935755579452,,channel,equal_average,72,72,0.027777777777777776,0.5417187234926307,2.095376145540242,4.078753675811708,0.4464196548338125,7.108719689605038,cs_091339,3,,True,remote_amplitudes,,11
14.04,13.24254185467506,,channel,liu_weighted_median,72,72,0.027777777777777776,2.095376145540242,2.095376145540242,4.573281793630291,0.4464196548338125,5.679901319978195,cs_091339,3,,True,remote_amplitudes,,11
14.04,13.154559865574289,,channel,snr_mrc,72,72,0.027777777777777776,0.6042729606721128,2.095376145540242,5.661159916412706,0.4464196548338125,6.306553664000789,cs_091339,3,,True,remote_amplitudes,,11
14.04,13.110830314623621,,channel,quality_mrc,72,72,0.027777777777777776,0.5751924543091341,2.095376145540242,4.882536282156279,0.4464196548338125,6.618017702110953,cs_091339,3,,True,remote_amplitudes,,11
14.04,10.561600085542072,,channel,best_tone,72,72,0.06944444444444445,0.5306546574274812,1.5021548537328706,7.225269301576945,0.3979066769579838,24.774928165654757,cs_091339,3,,True,phases,,11
14.04,10.500106884604318,,channel,equal_average,72,72,0.06944444444444445,0.40815888428951985,1.5021548537328706,2.7302541247318586,0.3979066769579838,25.21291392731967,cs_091339,3,,True,phases,,11
14.04,11.221514571968155,,channel,liu_weighted_median,72,72,0.06944444444444445,1.5021548537328706,1.5021548537328706,3.2780697857610974,0.3979066769579838,20.074682535839344,cs_091339,3,,True,phases,,11
14.04,10.385834131998475,,channel,snr_mrc,72,72,0.06944444444444445,0.4722209606307138,1.5021548537328706,4.228156858017449,0.3979066769579838,26.026822421663276,cs_091339,3,,True,phases,,11
14.04,10.418244461915597,,channel,quality_mrc,72,72,0.06944444444444445,0.43892720039407557,1.5021548537328706,3.395414465046011,0.3979066769579838,25.79597961598577,cs_091339,3,,True,phases,,11
14.04,13.874171443687292,,channel,best_tone,72,72,0.0,0.5400990989289263,1.4098232329728608,6.20990545256713,0.447008402099715,1.1811150734523315,cs_091339,3,,True,local_amplitudes,,12
14.04,10.078451190887062,,channel,equal_average,72,72,0.0,0.44271250910495386,1.4098232329728608,3.304427839513241,0.447008402099715,28.216159609066505,cs_091339,3,,True,local_amplitudes,,12
14.04,11.470012271345364,,channel,liu_weighted_median,72,72,0.0,1.4098232329728608,1.4098232329728608,3.6565836121715165,0.447008402099715,18.304755902098538,cs_091339,3,,True,local_amplitudes,,12
14.04,10.13572780216842,,channel,snr_mrc,72,72,0.0,0.5011576514639514,1.4098232329728608,4.793513869644538,0.447008402099715,27.808206537261963,cs_091339,3,,True,local_amplitudes,,12
14.04,9.991786214470158,,channel,quality_mrc,72,72,0.0,0.4532926692695868,1.4098232329728608,3.547047293750824,0.447008402099715,28.833431520867812,cs_091339,3,,True,local_amplitudes,,12
14.04,14.429839965740886,,channel,best_tone,72,72,0.0,0.603313884840873,2.0445387428006874,7.08531200171991,0.4296300084175682,2.7766379326273976,cs_091339,3,,True,remote_amplitudes,,12
14.04,13.045824900357035,,channel,equal_average,72,72,0.0,0.5197084280857602,2.0445387428006874,3.835310845836599,0.4296300084175682,7.081019228226243,cs_091339,3,,True,remote_amplitudes,,12
14.04,13.385956242114135,,channel,liu_weighted_median,72,72,0.0,2.0445387428006874,2.0445387428006874,4.698812562925919,0.4296300084175682,4.6584313239733905,cs_091339,3,,True,remote_amplitudes,,12
14.04,13.315412355164655,,channel,snr_mrc,72,72,0.0,0.5734860764979575,2.0445387428006874,5.153353375688164,0.4296300084175682,5.160880661220398,cs_091339,3,,True,remote_amplitudes,,12
14.04,13.13006516810115,,channel,quality_mrc,72,72,0.0,0.5449140133604324,2.0445387428006874,4.4208442954487275,0.4296300084175682,6.481017321216869,cs_091339,3,,True,remote_amplitudes,,12
14.04,10.652755277032972,,channel,best_tone,72,72,0.013888888888888888,0.5143702310938626,1.3764741553527662,6.352868614503527,0.39547533996914547,24.12567466500732,cs_091339,3,,True,phases,,12
14.04,10.098832523019295,,channel,equal_average,72,72,0.013888888888888888,0.3604631475202738,1.3764741553527662,2.0649349925171507,0.39547533996914547,28.070993425788494,cs_091339,3,,True,phases,,12
14.04,11.469667889501984,,channel,liu_weighted_median,72,72,0.013888888888888888,1.3764741553527662,1.3764741553527662,2.937124051914344,0.39547533996914547,18.307208764230875,cs_091339,3,,True,phases,,12
14.04,9.75437544315697,,channel,snr_mrc,72,72,0.013888888888888888,0.409331530741845,1.3764741553527662,3.023774295396213,0.39547533996914547,30.524391430505904,cs_091339,3,,True,phases,,12
14.04,10.04932622245849,,channel,quality_mrc,72,72,0.013888888888888888,0.3908591140157351,1.3764741553527662,2.6325977264199825,0.39547533996914547,28.423602404141807,cs_091339,3,,True,phases,,12
8.675,11.197641154504392,,channel,best_tone,72,72,0.041666666666666664,0.8062627482200051,4.065361358942402,10.967740985817043,0.5241188550571815,29.079436939531888,cs_095806,1a,,True,local_amplitudes,,0
8.675,10.80573617258872,,channel,equal_average,72,72,0.041666666666666664,0.8062627482200051,4.065361358942402,6.715240415626584,0.5241188550571815,24.56180026038869,cs_095806,1a,,True,local_amplitudes,,0
8.675,10.506923366041224,,channel,liu_weighted_median,72,72,0.041666666666666664,4.065361358942402,4.065361358942402,8.146099279627744,0.5241188550571815,21.117272231022753,cs_095806,1a,,True,local_amplitudes,,0
8.675,10.809094054586454,,channel,snr_mrc,72,72,0.041666666666666664,0.8062627482200051,4.065361358942402,7.518847735313269,0.5241188550571815,24.60050783384961,cs_095806,1a,,True,local_amplitudes,,0
8.675,10.786601114868159,,channel,quality_mrc,72,72,0.041666666666666664,0.8062627482200051,4.065361358942402,6.918819600935167,0.5241188550571815,24.34122322614591,cs_095806,1a,,True,local_amplitudes,,0
8.675,11.522131346189177,,channel,best_tone,72,72,0.06944444444444445,0.758209110389677,3.293397476470425,8.720813461888083,0.5293986607631466,32.81995788114324,cs_095806,1a,,True,remote_amplitudes,,0
8.675,10.784280414964872,,channel,equal_average,72,72,0.06944444444444445,0.746387932312605,3.293397476470425,5.723716072054354,0.5293986607631466,24.314471642246353,cs_095806,1a,,True,remote_amplitudes,,0
8.675,10.666692922620426,,channel,liu_weighted_median,72,72,0.06944444444444445,3.293397476470425,3.293397476470425,6.309280492981055,0.5293986607631466,22.958996226172044,cs_095806,1a,,True,remote_amplitudes,,0
8.675,10.894060693628612,,channel,snr_mrc,72,72,0.06944444444444445,0.758209110389677,3.293397476470425,6.711912539983062,0.5293986607631466,25.579950358831248,cs_095806,1a,,True,remote_amplitudes,,0
8.675,10.802872924841115,,channel,quality_mrc,72,72,0.06944444444444445,0.758209110389677,3.293397476470425,6.092587311200663,0.5293986607631466,24.528794522664136,cs_095806,1a,,True,remote_amplitudes,,0
8.675,9.576324737456204,,channel,best_tone,72,72,0.013888888888888888,0.7504258278196254,2.9172737293240547,6.750689789140328,0.5794368739093607,10.38991051822713,cs_095806,1a,,True,phases,,0
8.675,9.960885932087956,,channel,equal_average,72,72,0.013888888888888888,0.7504258278196254,2.9172737293240547,6.145587723703594,0.5794368739093607,14.82289258891015,cs_095806,1a,,True,phases,,0
8.675,10.511293933172976,,channel,liu_weighted_median,72,72,0.013888888888888888,2.9172737293240547,2.9172737293240547,6.118003965277424,0.5794368739093607,21.167653408334004,cs_095806,1a,,True,phases,,0
8.675,10.286494961739999,,channel,snr_mrc,72,72,0.013888888888888888,0.7295613033030981,2.9172737293240547,5.51332130405878,0.5794368739093607,18.5763107981556,cs_095806,1a,,True,phases,,0
8.675,9.9492824198364,,channel,quality_mrc,72,72,0.013888888888888888,0.7504258278196254,2.9172737293240547,6.350162386345526,0.5794368739093607,14.689134522609795,cs_095806,1a,,True,phases,,0
8.675,11.132372756028941,,channel,best_tone,72,72,0.06944444444444445,0.8019242161496212,4.472744323271479,11.431996970998823,0.5157033883911032,28.327063470074236,cs_095806,1a,,True,local_amplitudes,,1
8.675,10.879287145225561,,channel,equal_average,72,72,0.06944444444444445,0.8019242161496212,4.472744323271479,6.865160672403726,0.5157033883911032,25.409650089055447,cs_095806,1a,,True,local_amplitudes,,1
8.675,10.556837841422837,,channel,liu_weighted_median,72,72,0.06944444444444445,4.472744323271479,4.472744323271479,8.275961494184315,0.5157033883911032,21.6926552325399,cs_095806,1a,,True,local_amplitudes,,1
8.675,10.798438788684736,,channel,snr_mrc,72,72,0.06944444444444445,0.8019242161496212,4.472744323271479,7.018238748032664,0.5157033883911032,24.477680561207325,cs_095806,1a,,True,local_amplitudes,,1
8.675,10.846333921186378,,channel,quality_mrc,72,72,0.06944444444444445,0.8019242161496212,4.472744323271479,7.074404241926113,0.5157033883911032,25.029785835001466,cs_095806,1a,,True,local_amplitudes,,1
8.675,11.392617064759468,,channel,best_tone,72,72,0.05555555555555555,0.7638618045108911,3.590779026521591,9.502554519944445,0.49649593251594726,31.32699786466245,cs_095806,1a,,True,remote_amplitudes,,1
8.675,10.899366045171812,,channel,equal_average,72,72,0.05555555555555555,0.7638618045108911,3.590779026521591,6.037485716399784,0.49649593251594726,25.64110714895459,cs_095806,1a,,True,remote_amplitudes,,1
8.675,10.7004023151578,,channel,liu_weighted_median,72,72,0.05555555555555555,3.590779026521591,3.590779026521591,7.080012137981395,0.49649593251594726,23.347577119974638,cs_095806,1a,,True,remote_amplitudes,,1
8.675,10.877073023420238,,channel,snr_mrc,72,72,0.05555555555555555,0.7638618045108911,3.590779026521591,6.758052782665765,0.49649593251594726,25.384127071126645,cs_095806,1a,,True,remote_amplitudes,,1
8.675,10.869300272301292,,channel,quality_mrc,72,72,0.05555555555555555,0.7638618045108911,3.590779026521591,6.341254284501063,0.49649593251594726,25.294527634597014,cs_095806,1a,,True,remote_amplitudes,,1
8.675,9.642235963791263,,channel,best_tone,72,72,0.027777777777777776,0.7614823045175283,3.041421363987485,6.788647161919206,0.5807147348020503,11.149694107103889,cs_095806,1a,,True,phases,,1
8.675,9.956252908795829,,channel,equal_average,72,72,0.027777777777777776,0.7614823045175283,3.041421363987485,6.52776305817801,0.5807147348020503,14.769485980355368,cs_095806,1a,,True,phases,,1
8.675,10.553841804733848,,channel,liu_weighted_median,72,72,0.027777777777777776,3.041421363987485,3.041421363987485,5.713294387555882,0.5807147348020503,21.658118786557313,cs_095806,1a,,True,phases,,1
8.675,10.093422148292227,,channel,snr_mrc,72,72,0.027777777777777776,0.7614823045175283,3.041421363987485,6.616086603563067,0.5807147348020503,16.35068758838301,cs_095806,1a,,True,phases,,1
8.675,9.963678350137268,,channel,quality_mrc,72,72,0.027777777777777776,0.7614823045175283,3.041421363987485,6.705836582882158,0.5807147348020503,14.855081845962737,cs_095806,1a,,True,phases,,1
8.675,11.064270795324006,,channel,best_tone,72,72,0.06944444444444445,0.7914063607049563,4.479224406766676,11.015875660230423,0.4956768194354815,27.542026459066342,cs_095806,1a,,True,local_amplitudes,,2
8.675,10.956961564327372,,channel,equal_average,72,72,0.06944444444444445,0.7914063607049563,4.479224406766676,7.180384363178303,0.4956768194354815,26.30503244181408,cs_095806,1a,,True,local_amplitudes,,2
8.675,10.600730333895857,,channel,liu_weighted_median,72,72,0.06944444444444445,4.479224406766676,4.479224406766676,8.470642722269073,0.4956768194354815,22.198620563640993,cs_095806,1a,,True,local_amplitudes,,2
8.675,10.78886582452935,,channel,snr_mrc,72,72,0.06944444444444445,0.7914063607049563,4.479224406766676,6.639644910104152,0.4956768194354815,24.367329389387297,cs_095806,1a,,True,local_amplitudes,,2
8.675,10.911064345858687,,channel,quality_mrc,72,72,0.06944444444444445,0.7914063607049563,4.479224406766676,7.35654705946879,0.4956768194354815,25.77595787733356,cs_095806,1a,,True,local_amplitudes,,2
8.675,11.243376581361646,,channel,best_tone,72,72,0.05555555555555555,0.7753103456547996,3.7256213060173846,11.487677657223422,0.500366263512108,29.606646471027613,cs_095806,1a,,True,remote_amplitudes,,2
8.675,11.010840070368875,,channel,equal_average,72,72,0.05555555555555555,0.7753103456547996,3.7256213060173846,6.467383672535275,0.500366263512108,26.926110321255038,cs_095806,1a,,True,remote_amplitudes,,2
8.675,10.6497737592945,,channel,liu_weighted_median,72,72,0.05555555555555555,3.7256213060173846,3.7256213060173846,7.94403355820768,0.500366263512108,22.763962643164266,cs_095806,1a,,True,remote_amplitudes,,2
8.675,10.81965446585391,,channel,snr_mrc,72,72,0.05555555555555555,0.7753103456547996,3.7256213060173846,6.275086100909919,0.500366263512108,24.722241681313072,cs_095806,1a,,True,remote_amplitudes,,2
8.675,10.95646533025826,,channel,quality_mrc,72,72,0.05555555555555555,0.7753103456547996,3.7256213060173846,6.730857259258089,0.500366263512108,26.299312164360327,cs_095806,1a,,True,remote_amplitudes,,2
8.675,9.661949520419677,,channel,best_tone,72,72,0.0,0.78415820807603,3.0535345809885794,6.996025954476461,0.6316379667107959,11.376939716653329,cs_095806,1a,,True,phases,,2
8.675,9.939114742697212,,channel,equal_average,72,72,0.0,0.78415820807603,3.0535345809885794,7.1176576755629055,0.6316379667107959,14.571927869708489,cs_095806,1a,,True,phases,,2
8.675,10.502787557029412,,channel,liu_weighted_median,72,72,0.0,3.0535345809885794,3.0535345809885794,5.599233421109818,0.6316379667107959,21.0695971991863,cs_095806,1a,,True,phases,,2
8.675,9.928225601741337,,channel,snr_mrc,72,72,0.0,0.78415820807603,3.0535345809885794,7.397729044039713,0.6316379667107959,14.446404631024048,cs_095806,1a,,True,phases,,2
8.675,9.946708284050446,,channel,quality_mrc,72,72,0.0,0.78415820807603,3.0535345809885794,7.309514012283784,0.6316379667107959,14.659461487613203,cs_095806,1a,,True,phases,,2
8.675,10.969352036697133,,channel,best_tone,72,72,0.06944444444444445,0.7917176701153374,4.738672083285122,10.231154105702053,0.496261991251022,26.447862094491438,cs_095806,1a,,True,local_amplitudes,,3
8.675,11.012905473364926,,channel,equal_average,72,72,0.06944444444444445,0.7917176701153374,4.738672083285122,7.300277173936926,0.496261991251022,26.949919001324783,cs_095806,1a,,True,local_amplitudes,,3
8.675,10.510742683870355,,channel,liu_weighted_median,72,72,0.06944444444444445,4.738672083285122,4.738672083285122,8.355229305381467,0.496261991251022,21.161298949514165,cs_095806,1a,,True,local_amplitudes,,3
8.675,10.769819044905876,,channel,snr_mrc,72,72,0.06944444444444445,0.7917176701153374,4.738672083285122,6.4019356186563,0.496261991251022,24.147769970096547,cs_095806,1a,,True,local_amplitudes,,3
8.675,10.955062089789218,,channel,quality_mrc,72,72,0.06944444444444445,0.7917176701153374,4.738672083285122,7.44189461728731,0.496261991251022,26.283136481720078,cs_095806,1a,,True,local_amplitudes,,3
8.675,11.067068861484916,,channel,best_tone,72,72,0.05555555555555555,0.7924132450939732,3.9459128162492396,10.985598942413315,0.5043914128940493,27.574280824033604,cs_095806,1a,,True,remote_amplitudes,,3
8.675,11.098968553304095,,channel,equal_average,72,72,0.05555555555555555,0.7924132450939732,3.9459128162492396,6.684526025980537,0.5043914128940493,27.94200061445642,cs_095806,1a,,True,remote_amplitudes,,3
8.675,10.572019392907128,,channel,liu_weighted_median,72,72,0.05555555555555555,3.9459128162492396,3.9459128162492396,8.72038133971312,0.5043914128940493,21.86765870786314,cs_095806,1a,,True,remote_amplitudes,,3
8.675,10.571497845642076,,channel,snr_mrc,72,72,0.05555555555555555,0.7347198842053949,3.9459128162492396,4.782571294690934,0.5043914128940493,21.86164663564352,cs_095806,1a,,True,remote_amplitudes,,3
8.675,11.021706726830262,,channel,quality_mrc,72,72,0.05555555555555555,0.7924132450939732,3.9459128162492396,6.99445403050991,0.5043914128940493,27.051374372683124,cs_095806,1a,,True,remote_amplitudes,,3
8.675,9.63274122752564,,channel,best_tone,72,72,0.0,0.8103445191779881,3.3610256136790624,7.367758515910684,0.6332821783910629,11.040244697701898,cs_095806,1a,,True,phases,,3
8.675,9.914125350979116,,channel,equal_average,72,72,0.0,0.8103445191779881,3.3610256136790624,7.741693707282285,0.6332821783910629,14.283865717338507,cs_095806,1a,,True,phases,,3
8.675,10.2384604983595,,channel,liu_weighted_median,72,72,0.0,3.3610256136790624,3.3610256136790624,5.74601303756887,0.6332821783910629,18.022599404720445,cs_095806,1a,,True,phases,,3
8.675,9.820625210398177,,channel,snr_mrc,72,72,0.0,0.8103445191779881,3.3610256136790624,7.566070492976396,0.6332821783910629,13.206054298538053,cs_095806,1a,,True,phases,,3
8.675,9.91770099382502,,channel,quality_mrc,72,72,0.0,0.8103445191779881,3.3610256136790624,7.827622128790332,0.6332821783910629,14.325083502305702,cs_095806,1a,,True,phases,,3
8.675,10.859016531433541,,channel,best_tone,72,72,0.06944444444444445,0.787297778127839,4.798029567848548,9.700135999619198,0.48799691600482864,25.175983071280005,cs_095806,1a,,True,local_amplitudes,,4
8.675,11.060848071448103,,channel,equal_average,72,72,0.06944444444444445,0.787297778127839,4.798029567848548,7.470917017430585,0.48799691600482864,27.502571428796564,cs_095806,1a,,True,local_amplitudes,,4
8.675,10.430660369553035,,channel,liu_weighted_median,72,72,0.06944444444444445,4.798029567848548,4.798029567848548,7.991656045541095,0.48799691600482864,20.23815987957388,cs_095806,1a,,True,local_amplitudes,,4
8.675,10.786743497645697,,channel,snr_mrc,72,72,0.06944444444444445,0.787297778127839,4.798029567848548,6.214793613619079,0.48799691600482864,24.342864526175166,cs_095806,1a,,True,local_amplitudes,,4
8.675,10.994549922773434,,channel,quality_mrc,72,72,0.06944444444444445,0.787297778127839,4.798029567848548,7.477327559694363,0.48799691600482864,26.73832764003957,cs_095806,1a,,True,local_amplitudes,,4
8.675,10.88851259581588,,channel,best_tone,72,72,0.05555555555555555,0.7885037939937373,3.8728705333613203,10.422741945608209,0.5063354960941203,25.515995340817057,cs_095806,1a,,True,remote_amplitudes,,4
8.675,11.176896404703415,,channel,equal_average,72,72,0.05555555555555555,0.7885037939937373,3.8728705333613203,7.17970309546638,0.5063354960941203,28.840304376984598,cs_095806,1a,,True,remote_amplitudes,,4
8.675,10.461111484117048,,channel,liu_weighted_median,72,72,0.05555555555555555,3.8728705333613203,3.8728705333613203,9.279811508788633,0.5063354960941203,20.589181373107166,cs_095806,1a,,True,remote_amplitudes,,4
8.675,9.728941404138618,,channel,snr_mrc,72,72,0.05555555555555555,0.6801825609096638,3.8728705333613203,3.851379967775472,0.5063354960941203,12.149180451165622,cs_095806,1a,,True,remote_amplitudes,,4
8.675,11.070627227642003,,channel,quality_mrc,72,72,0.05555555555555555,0.7885037939937373,3.8728705333613203,7.075192287028264,0.5063354960941203,27.61529945408648,cs_095806,1a,,True,remote_amplitudes,,4
8.675,9.558464123981175,,channel,best_tone,72,72,0.0,0.819164392249854,3.4362874577814324,8.083030797683467,0.6398581444518588,10.184024483932838,cs_095806,1a,,True,phases,,4
8.675,9.851724774758301,,channel,equal_average,72,72,0.0,0.819164392249854,3.4362874577814324,8.39950041518802,0.6398581444518588,13.564550717674932,cs_095806,1a,,True,phases,,4
8.675,10.0635168624842,,channel,liu_weighted_median,72,72,0.0,3.4362874577814324,3.4362874577814324,6.083312462583497,0.6398581444518588,16.005958068982117,cs_095806,1a,,True,phases,,4
8.675,9.701656708714658,,channel,snr_mrc,72,72,0.0,0.819164392249854,3.4362874577814324,8.255171472826886,0.6398581444518588,11.834659466451384,cs_095806,1a,,True,phases,,4
8.675,9.842611759228287,,channel,quality_mrc,72,72,0.0,0.819164392249854,3.4362874577814324,8.283743810408044,0.6398581444518588,13.459501547300132,cs_095806,1a,,True,phases,,4
8.675,10.730654036405582,,channel,best_tone,72,72,0.08333333333333333,0.7732590500545585,4.730717818151142,9.338033883985865,0.4623544423989699,23.696300131476438,cs_095806,1a,,True,local_amplitudes,,5
8.675,11.1028612567371,,channel,equal_average,72,72,0.08333333333333333,0.7732590500545585,4.730717818151142,7.996344453790766,0.4623544423989699,27.986873276508344,cs_095806,1a,,True,local_amplitudes,,5
8.675,10.356723966836254,,channel,liu_weighted_median,72,72,0.08333333333333333,4.730717818151142,4.730717818151142,7.689996046344687,0.4623544423989699,19.385867052867475,cs_095806,1a,,True,local_amplitudes,,5
8.675,10.883153111662285,,channel,snr_mrc,72,72,0.08333333333333333,0.7623106997948415,4.730717818151142,5.748734641647438,0.4623544423989699,25.45421454365745,cs_095806,1a,,True,local_amplitudes,,5
8.675,11.042543086869498,,channel,quality_mrc,72,72,0.08333333333333333,0.7732590500545585,4.730717818151142,7.763409578237838,0.4623544423989699,27.291562961031673,cs_095806,1a,,True,local_amplitudes,,5
8.675,10.719592696735564,,channel,best_tone,72,72,0.05555555555555555,0.7912499066403986,3.876402771778547,9.091140602676976,0.5111779491383467,23.568791893205336,cs_095806,1a,,True,remote_amplitudes,,5
8.675,11.238955533375783,,channel,equal_average,72,72,0.05555555555555555,0.7912499066403986,3.876402771778547,7.601988123084121,0.5111779491383467,29.5556833818534,cs_095806,1a,,True,remote_amplitudes,,5
8.675,10.415355143853027,,channel,liu_weighted_median,72,72,0.05555555555555555,3.876402771778547,3.876402771778547,9.001592998604083,0.5111779491383467,20.061730764876383,cs_095806,1a,,True,remote_amplitudes,,5
8.675,8.949394061835346,,channel,snr_mrc,72,72,0.05555555555555555,0.7213292913439622,3.876402771778547,4.545806438844168,0.5111779491383467,3.1630439404650703,cs_095806,1a,,True,remote_amplitudes,,5
8.675,11.124780249831723,,channel,quality_mrc,72,72,0.05555555555555555,0.7912499066403986,3.876402771778547,7.274151101231261,0.5111779491383467,28.239541784803713,cs_095806,1a,,True,remote_amplitudes,,5
8.675,9.46725605934181,,channel,best_tone,72,72,0.027777777777777776,0.8131509545927806,3.5655012319660297,9.668045712574319,0.6031883278352372,9.132634689819131,cs_095806,1a,,True,phases,,5
8.675,9.774000609141098,,channel,equal_average,72,72,0.027777777777777776,0.8131509545927806,3.5655012319660297,8.90269966746787,0.6031883278352372,12.668594918052989,cs_095806,1a,,True,phases,,5
8.675,9.958079784414963,,channel,liu_weighted_median,72,72,0.027777777777777776,3.5655012319660297,3.5655012319660297,6.403167067087598,0.6031883278352372,14.790545065302158,cs_095806,1a,,True,phases,,5
8.675,9.58639077926513,,channel,snr_mrc,72,72,0.027777777777777776,0.8131509545927806,3.5655012319660297,10.68846444465072,0.6031883278352372,10.50594558230697,cs_095806,1a,,True,phases,,5
8.675,9.76671902756841,,channel,quality_mrc,72,72,0.027777777777777776,0.8131509545927806,3.5655012319660297,8.710511037982007,0.6031883278352372,12.58465737831019,cs_095806,1a,,True,phases,,5
8.675,10.645481139402188,,channel,best_tone,72,72,0.08333333333333333,0.7698953624989874,4.754467541025427,10.09580598088492,0.4563469065684648,22.71447999310878,cs_095806,1a,,True,local_amplitudes,,6
8.675,11.130021993972429,,channel,equal_average,72,72,0.08333333333333333,0.7698953624989874,4.754467541025427,8.656788618297503,0.4563469065684648,28.299965348385335,cs_095806,1a,,True,local_amplitudes,,6
8.675,10.319315871420358,,channel,liu_weighted_median,72,72,0.08333333333333333,4.754467541025427,4.754467541025427,7.778717338116503,0.4563469065684648,18.954649814643883,cs_095806,1a,,True,local_amplitudes,,6
8.675,11.009044814819454,,channel,snr_mrc,72,72,0.08333333333333333,0.7408540593120974,4.754467541025427,5.346309959133333,0.4563469065684648,26.905415732789084,cs_095806,1a,,True,local_amplitudes,,6
8.675,11.078218414369642,,channel,quality_mrc,72,72,0.08333333333333333,0.7698953624989874,4.754467541025427,8.160664083332794,0.4563469065684648,27.702805929333042,cs_095806,1a,,True,local_amplitudes,,6
8.675,10.61034778122411,,channel,best_tone,72,72,0.05555555555555555,0.7990804496075693,3.952903706320533,9.074677379048486,0.5163156299798497,22.309484509788007,cs_095806,1a,,True,remote_amplitudes,,6
8.675,11.269841552171098,,channel,equal_average,72,72,0.05555555555555555,0.7990804496075693,3.952903706320533,8.08809125155337,0.5163156299798497,29.911718180646652,cs_095806,1a,,True,remote_amplitudes,,6
8.675,10.38867139197744,,channel,liu_weighted_median,72,72,0.05555555555555555,3.952903706320533,3.952903706320533,8.037239814802941,0.5163156299798497,19.75413708331341,cs_095806,1a,,True,remote_amplitudes,,6
8.675,8.449917590011982,,channel,snr_mrc,72,72,0.05555555555555555,0.6427752357455297,3.952903706320533,3.122893282030124,0.5163156299798497,2.59460991340656,cs_095806,1a,,True,remote_amplitudes,,6
8.675,11.194081235057766,,channel,quality_mrc,72,72,0.05555555555555555,0.7990804496075693,3.952903706320533,7.528371939214161,0.5163156299798497,29.038400404124094,cs_095806,1a,,True,remote_amplitudes,,6
8.675,9.3375462923737,,channel,best_tone,72,72,0.041666666666666664,0.7800016799622118,3.480300981977559,12.63417377840745,0.5454184206844973,7.6374212377371675,cs_095806,1a,,True,phases,,6
8.675,9.660429924324454,,channel,equal_average,72,72,0.041666666666666664,0.7800016799622118,3.480300981977559,9.427662164177327,0.5454184206844973,11.359422758783321,cs_095806,1a,,True,phases,,6
8.675,9.889928676929841,,channel,liu_weighted_median,72,72,0.041666666666666664,3.480300981977559,3.480300981977559,6.777857932077293,0.5454184206844973,14.004941520805078,cs_095806,1a,,True,phases,,6
8.675,9.431158163416287,,channel,snr_mrc,72,72,0.041666666666666664,0.7800016799622118,3.480300981977559,15.533554794619148,0.5454184206844973,8.716520615749692,cs_095806,1a,,True,phases,,6
8.675,9.648698801527129,,channel,quality_mrc,72,72,0.041666666666666664,0.7800016799622118,3.480300981977559,9.47830709718041,0.5454184206844973,11.224193677546143,cs_095806,1a,,True,phases,,6
8.675,10.581819203404736,,channel,best_tone,72,72,0.08333333333333333,0.7675729514935548,4.878265736516877,11.286807465382372,0.452229601729238,21.98062482310934,cs_095806,1a,,True,local_amplitudes,,7
8.675,11.152936260403019,,channel,equal_average,72,72,0.08333333333333333,0.7675729514935548,4.878265736516877,10.428435926534842,0.452229601729238,28.56410674816159,cs_095806,1a,,True,local_amplitudes,,7
8.675,10.218073091975059,,channel,liu_weighted_median,72,72,0.08333333333333333,4.878265736516877,4.878265736516877,8.668172388351573,0.452229601729238,17.78758607464044,cs_095806,1a,,True,local_amplitudes,,7
8.675,11.166436366163465,,channel,snr_mrc,72,72,0.08333333333333333,0.6861862633796476,4.878265736516877,4.286652937923202,0.452229601729238,28.719727563843968,cs_095806,1a,,True,local_amplitudes,,7
8.675,11.111288694645046,,channel,quality_mrc,72,72,0.08333333333333333,0.7675729514935548,4.878265736516877,9.749443933235796,0.452229601729238,28.084019534813194,cs_095806,1a,,True,local_amplitudes,,7
8.675,10.534839175381391,,channel,best_tone,72,72,0.05555555555555555,0.8009095910103187,4.088760072662118,9.854173915105086,0.5137484011468156,21.439068304108243,cs_095806,1a,,True,remote_amplitudes,,7
8.675,11.262828802023643,,channel,equal_average,72,72,0.05555555555555555,0.8009095910103187,4.088760072662118,9.570082092394385,0.5137484011468156,29.830879562232184,cs_095806,1a,,True,remote_amplitudes,,7
8.675,10.341707797716303,,channel,liu_weighted_median,72,72,0.05555555555555555,4.088760072662118,4.088760072662118,7.429578241733387,0.5137484011468156,19.2127700024934,cs_095806,1a,,True,remote_amplitudes,,7
8.675,11.938370529026516,,channel,snr_mrc,72,72,0.05555555555555555,0.5669604360238357,4.088760072662118,2.1284283175171534,0.5137484011468156,37.61810408099729,cs_095806,1a,,True,remote_amplitudes,,7
8.675,11.232488163912295,,channel,quality_mrc,72,72,0.05555555555555555,0.8009095910103187,4.088760072662118,9.027858032868634,0.5137484011468156,29.481131572476016,cs_095806,1a,,True,remote_amplitudes,,7
8.675,9.169053304090834,,channel,best_tone,72,72,0.09722222222222222,0.7531578769116803,3.4177361385401315,18.023324701129045,0.500010965015276,5.695138952055717,cs_095806,1a,,True,phases,,7
8.675,9.504085354329396,,channel,equal_average,72,72,0.09722222222222222,0.7531578769116803,3.4177361385401315,11.567706480187955,0.500010965015276,9.55717987699591,cs_095806,1a,,True,phases,,7
8.675,9.914599155244545,,channel,liu_weighted_median,72,72,0.09722222222222222,3.4177361385401315,3.4177361385401315,7.548192005388568,0.500010965015276,14.289327437977455,cs_095806,1a,,True,phases,,7
8.675,9.187925034745529,,channel,snr_mrc,72,72,0.09722222222222222,0.7531578769116803,3.4177361385401315,23.302907005976497,0.500010965015276,5.912680515798597,cs_095806,1a,,True,phases,,7
8.675,9.496066021319109,,channel,quality_mrc,72,72,0.09722222222222222,0.7531578769116803,3.4177361385401315,10.76027768144229,0.500010965015276,9.464737997914794,cs_095806,1a,,True,phases,,7
8.675,10.370802959814297,,channel,best_tone,72,72,0.09722222222222222,0.7613364673054224,5.035012618503692,7.843319982268293,0.44129590534467866,19.548160920049522,cs_095806,1a,,True,local_amplitudes,,8
8.675,11.157605816047898,,channel,equal_average,72,72,0.09722222222222222,0.7613364673054224,5.035012618503692,12.37043748414063,0.44129590534467866,28.617934478938295,cs_095806,1a,,True,local_amplitudes,,8
8.675,10.05872769082374,,channel,liu_weighted_median,72,72,0.09722222222222222,5.035012618503692,5.035012618503692,10.656680487567636,0.44129590534467866,15.950751479236194,cs_095806,1a,,True,local_amplitudes,,8
8.675,11.26950708959119,,channel,snr_mrc,72,72,0.09722222222222222,0.5248509973910996,5.035012618503692,1.9657551998290124,0.44129590534467866,29.907862704221206,cs_095806,1a,,True,local_amplitudes,,8
8.675,11.136716020183401,,channel,quality_mrc,72,72,0.09722222222222222,0.7613364673054224,5.035012618503692,11.63249820869527,0.44129590534467866,28.377129915658795,cs_095806,1a,,True,local_amplitudes,,8
8.675,10.511981390769934,,channel,best_tone,72,72,0.09722222222222222,0.8099343649385976,4.184588875451224,11.367788155503499,0.5313118209772363,21.175577991584245,cs_095806,1a,,True,remote_amplitudes,,8
8.675,11.207742146741278,,channel,equal_average,72,72,0.09722222222222222,0.8099343649385976,4.184588875451224,11.448383141125646,0.5313118209772363,29.195874890389366,cs_095806,1a,,True,remote_amplitudes,,8
8.675,10.21271879465145,,channel,liu_weighted_median,72,72,0.09722222222222222,4.184588875451224,4.184588875451224,7.690862943458672,0.5313118209772363,17.725865068028224,cs_095806,1a,,True,remote_amplitudes,,8
8.675,11.620888670100825,,channel,snr_mrc,72,72,0.09722222222222222,0.8099343649385976,4.184588875451224,8.865272366450835,0.5313118209772363,33.95837083689711,cs_095806,1a,,True,remote_amplitudes,,8
8.675,11.212168510285082,,channel,quality_mrc,72,72,0.09722222222222222,0.8099343649385976,4.184588875451224,11.530648849451666,0.5313118209772363,29.2468992540067,cs_095806,1a,,True,remote_amplitudes,,8
8.675,9.018262102647178,,channel,best_tone,72,72,0.08333333333333333,0.7566520237779508,3.430584735652528,28.052808290595912,0.5051035657772804,3.95691184607697,cs_095806,1a,,True,phases,,8
8.675,9.33830116545591,,channel,equal_average,72,72,0.08333333333333333,0.7566520237779508,3.430584735652528,13.098151958702442,0.5051035657772804,7.646122944736704,cs_095806,1a,,True,phases,,8
8.675,9.896343165830837,,channel,liu_weighted_median,72,72,0.08333333333333333,3.430584735652528,3.430584735652528,8.889206394797839,0.5051035657772804,14.078883755975054,cs_095806,1a,,True,phases,,8
8.675,8.828218170078147,,channel,snr_mrc,72,72,0.08333333333333333,0.7566520237779508,3.430584735652528,30.747596740638492,0.5051035657772804,1.7662036896616262,cs_095806,1a,,True,phases,,8
8.675,9.307467924834901,,channel,quality_mrc,72,72,0.08333333333333333,0.7566520237779508,3.430584735652528,11.404655675447373,0.5051035657772804,7.290696539883576,cs_095806,1a,,True,phases,,8
8.675,10.021014504401213,,channel,best_tone,72,72,0.09722222222222222,0.7587647633120527,5.028335548810856,9.063775711632998,0.4368390588288853,15.516017341800719,cs_095806,1a,,True,local_amplitudes,,9
8.675,11.146185880106685,,channel,equal_average,72,72,0.09722222222222222,0.7587647633120527,5.028335548810856,14.260239971445909,0.4368390588288853,28.486292566071292,cs_095806,1a,,True,local_amplitudes,,9
8.675,9.939900108116682,,channel,liu_weighted_median,72,72,0.09722222222222222,5.028335548810856,5.028335548810856,13.3051245316828,0.4368390588288853,14.580981073391133,cs_095806,1a,,True,local_amplitudes,,9
8.675,7.88755285985278,,channel,snr_mrc,72,72,0.09722222222222222,0.7587647633120527,5.028335548810856,7.510912226629884,0.4368390588288853,9.077200462792163,cs_095806,1a,,True,local_amplitudes,,9
8.675,11.147078178547842,,channel,quality_mrc,72,72,0.09722222222222222,0.7587647633120527,5.028335548810856,13.69321017208656,0.4368390588288853,28.49657842706445,cs_095806,1a,,True,local_amplitudes,,9
8.675,9.888511466116952,,channel,best_tone,72,72,0.125,0.8067076005824524,4.166992580806889,9.406343039320399,0.5249868754799425,13.988604796737194,cs_095806,1a,,True,remote_amplitudes,,9
8.675,11.112903887599769,,channel,equal_average,72,72,0.125,0.8067076005824524,4.166992580806889,14.001237907092719,0.5249868754799425,28.102638473772544,cs_095806,1a,,True,remote_amplitudes,,9
8.675,10.084819099178667,,channel,liu_weighted_median,72,72,0.125,4.166992580806889,4.166992580806889,8.636429632850346,0.5249868754799425,16.251516993414015,cs_095806,1a,,True,remote_amplitudes,,9
8.675,11.55162605961609,,channel,snr_mrc,72,72,0.125,0.8067076005824524,4.166992580806889,13.571694932373791,0.5249868754799425,33.15995457770708,cs_095806,1a,,True,remote_amplitudes,,9
8.675,11.106100632458443,,channel,quality_mrc,72,72,0.125,0.8067076005824524,4.166992580806889,13.994963001804438,0.5249868754799425,28.02421478338261,cs_095806,1a,,True,remote_amplitudes,,9
8.675,8.86745182661986,,channel,best_tone,72,72,0.1111111111111111,0.7566453440572566,3.506173444901398,47.896764383539896,0.4942010767141588,2.2184648601712844,cs_095806,1a,,True,phases,,9
8.675,9.018471087956037,,channel,equal_average,72,72,0.1111111111111111,0.7566453440572566,3.506173444901398,11.957084519271092,0.4942010767141588,3.9593208986286608,cs_095806,1a,,True,phases,,9
8.675,9.87756061928711,,channel,liu_weighted_median,72,72,0.1111111111111111,3.506173444901398,3.506173444901398,10.435127133702842,0.4942010767141588,13.862370251148226,cs_095806,1a,,True,phases,,9
8.675,8.48775137337163,,channel,snr_mrc,72,72,0.1111111111111111,0.7566453440572566,3.506173444901398,24.69707823376149,0.4942010767141588,2.158485609548943,cs_095806,1a,,True,phases,,9
8.675,8.93328349940898,,channel,quality_mrc,72,72,0.1111111111111111,0.7566453440572566,3.506173444901398,10.132376329281108,0.4942010767141588,2.97733140529082,cs_095806,1a,,True,phases,,9
8.675,10.021219204632203,,channel,best_tone,72,72,0.08333333333333333,0.7654888912589087,4.96514243015664,9.602275816086456,0.44855600781693694,15.5183769986421,cs_095806,1a,,True,local_amplitudes,,10
8.675,11.121902037354005,,channel,equal_average,72,72,0.08333333333333333,0.7654888912589087,4.96514243015664,14.074359123433542,0.44855600781693694,28.206363542985635,cs_095806,1a,,True,local_amplitudes,,10
8.675,9.918011783722754,,channel,liu_weighted_median,72,72,0.08333333333333333,4.96514243015664,4.96514243015664,17.545900298618307,0.44855600781693694,14.328666094786783,cs_095806,1a,,True,local_amplitudes,,10
8.675,8.250550575095964,,channel,snr_mrc,72,72,0.08333333333333333,0.7654888912589087,4.96514243015664,40.756404454054284,0.44855600781693694,4.892788759700709,cs_095806,1a,,True,local_amplitudes,,10
8.675,11.148838935583088,,channel,quality_mrc,72,72,0.08333333333333333,0.7654888912589087,4.96514243015664,14.61374005242441,0.44855600781693694,28.51687533813357,cs_095806,1a,,True,local_amplitudes,,10
8.675,10.608082622260499,,channel,best_tone,72,72,0.125,0.8051357491939142,4.036556327104961,12.133279631811787,0.5219240761204247,22.283373167267985,cs_095806,1a,,True,remote_amplitudes,,10
8.675,10.995347535818714,,channel,equal_average,72,72,0.125,0.8051357491939142,4.036556327104961,15.525383998700683,0.5219240761204247,26.74752202672869,cs_095806,1a,,True,remote_amplitudes,,10
8.675,9.929091584794039,,channel,liu_weighted_median,72,72,0.125,4.036556327104961,4.036556327104961,10.450275240140863,0.5219240761204247,14.45638714459986,cs_095806,1a,,True,remote_amplitudes,,10
8.675,11.714048930312856,,channel,snr_mrc,72,72,0.125,0.6601569551632507,4.036556327104961,3.307390913182987,0.5219240761204247,35.03226432637297,cs_095806,1a,,True,remote_amplitudes,,10
8.675,11.023344407902426,,channel,quality_mrc,72,72,0.125,0.8051357491939142,4.036556327104961,15.289776366809559,0.5219240761204247,27.070252540661965,cs_095806,1a,,True,remote_amplitudes,,10
8.675,8.74000276265388,,channel,best_tone,72,72,0.09722222222222222,0.782029407092923,3.7530602966718942,90.73679759557095,0.50973411738978,0.7493113850591283,cs_095806,1a,,True,phases,,10
8.675,8.598023639628657,,channel,equal_average,72,72,0.09722222222222222,0.782029407092923,3.7530602966718942,9.738568713021568,0.50973411738978,0.8873355662402719,cs_095806,1a,,True,phases,,10
8.675,9.831183226028715,,channel,liu_weighted_median,72,72,0.09722222222222222,3.7530602966718942,3.7530602966718942,12.128157211298369,0.50973411738978,13.327760530590366,cs_095806,1a,,True,phases,,10
8.675,8.55221132307736,,channel,snr_mrc,72,72,0.09722222222222222,0.782029407092923,3.7530602966718942,33.42381151077474,0.50973411738978,1.4154314342667493,cs_095806,1a,,True,phases,,10
8.675,8.451109469128896,,channel,quality_mrc,72,72,0.09722222222222222,0.782029407092923,3.7530602966718942,8.222042484106485,0.50973411738978,2.580870672865756,cs_095806,1a,,True,phases,,10
8.675,10.04703842190663,,channel,best_tone,72,72,0.05555555555555555,0.7850280082682217,4.9299700331003855,10.337645086849214,0.4837884050331712,15.816004863476984,cs_095806,1a,,True,local_amplitudes,,11
8.675,11.078377853269133,,channel,equal_average,72,72,0.05555555555555555,0.7850280082682217,4.9299700331003855,11.72407072772426,0.4837884050331712,27.704643841719108,cs_095806,1a,,True,local_amplitudes,,11
8.675,9.838753792167235,,channel,liu_weighted_median,72,72,0.05555555555555555,4.9299700331003855,4.9299700331003855,21.049550863236632,0.4837884050331712,13.415029304521436,cs_095806,1a,,True,local_amplitudes,,11
8.675,8.395931648840405,,channel,snr_mrc,72,72,0.05555555555555555,0.7850280082682217,4.9299700331003855,68.50498415709045,0.4837884050331712,3.2169262381509642,cs_095806,1a,,True,local_amplitudes,,11
8.675,11.11069524757392,,channel,quality_mrc,72,72,0.05555555555555555,0.7850280082682217,4.9299700331003855,12.482569604821855,0.4837884050331712,28.077178646385235,cs_095806,1a,,True,local_amplitudes,,11
8.675,10.703536141647998,,channel,best_tone,72,72,0.1111111111111111,0.8022695379169406,4.039516666217107,9.35079006361544,0.5163698864166388,23.383701921014374,cs_095806,1a,,True,remote_amplitudes,,11
8.675,10.863540270545831,,channel,equal_average,72,72,0.1111111111111111,0.8022695379169406,4.039516666217107,14.362899597858718,0.5163698864166388,25.22812991983666,cs_095806,1a,,True,remote_amplitudes,,11
8.675,9.896846559909504,,channel,liu_weighted_median,72,72,0.1111111111111111,4.039516666217107,4.039516666217107,12.720633545447177,0.5163698864166388,14.084686569561994,cs_095806,1a,,True,remote_amplitudes,,11
8.675,7.539209881618965,,channel,snr_mrc,72,72,0.1111111111111111,0.774341629319399,4.039516666217107,5.394959230208414,0.5163698864166388,13.092681479896665,cs_095806,1a,,True,remote_amplitudes,,11
8.675,10.912442247837923,,channel,quality_mrc,72,72,0.1111111111111111,0.8022695379169406,4.039516666217107,15.011398941472576,0.5163698864166388,25.79184147363599,cs_095806,1a,,True,remote_amplitudes,,11
8.675,8.689924693243864,,channel,best_tone,72,72,0.09722222222222222,0.7668725149790934,3.763811192926933,107.23948090918098,0.4792936554697124,0.17204257341628723,cs_095806,1a,,True,phases,,11
8.675,8.238457891714893,,channel,equal_average,72,72,0.09722222222222222,0.7668725149790934,3.763811192926933,7.964251580468375,0.4792936554697124,5.032185686283667,cs_095806,1a,,True,phases,,11
8.675,9.823512012080895,,channel,liu_weighted_median,72,72,0.09722222222222222,3.763811192926933,3.763811192926933,12.951256595504036,0.4792936554697124,13.23933155136478,cs_095806,1a,,True,phases,,11
8.675,8.60438263636862,,channel,snr_mrc,72,72,0.09722222222222222,0.7668725149790934,3.763811192926933,61.750196596852646,0.4792936554697124,0.8140330101600158,cs_095806,1a,,True,phases,,11
8.675,8.038698082836834,,channel,quality_mrc,72,72,0.09722222222222222,0.7668725149790934,3.763811192926933,6.637492752944728,0.4792936554697124,7.33489241686647,cs_095806,1a,,True,phases,,11
8.675,10.095704591979239,,channel,best_tone,72,72,0.041666666666666664,0.8093118861592142,4.897891684898497,10.318562065391953,0.5300877358084879,16.376998178435016,cs_095806,1a,,True,local_amplitudes,,12
8.675,11.02757635358654,,channel,equal_average,72,72,0.041666666666666664,0.8093118861592142,4.897891684898497,10.114431475929203,0.5300877358084879,27.1190357762137,cs_095806,1a,,True,local_amplitudes,,12
8.675,9.87961771524772,,channel,liu_weighted_median,72,72,0.041666666666666664,4.897891684898497,4.897891684898497,20.918861070582835,0.5300877358084879,13.886083172884375,cs_095806,1a,,True,local_amplitudes,,12
8.675,8.401050618672393,,channel,snr_mrc,72,72,0.041666666666666664,0.8093118861592142,4.897891684898497,122.74016847993235,0.5300877358084879,3.157917940375881,cs_095806,1a,,True,local_amplitudes,,12
8.675,11.071929364988291,,channel,quality_mrc,72,72,0.041666666666666664,0.8093118861592142,4.897891684898497,10.551000094135809,0.5300877358084879,27.630309682862137,cs_095806,1a,,True,local_amplitudes,,12
8.675,9.879737530066311,,channel,best_tone,72,72,0.05555555555555555,0.8089143871631805,4.027469906433442,13.885338971695772,0.5293070508635754,13.887464323530956,cs_095806,1a,,True,remote_amplitudes,,12
8.675,10.752915761155709,,channel,equal_average,72,72,0.05555555555555555,0.8089143871631805,4.027469906433442,11.522623198963187,0.5293070508635754,23.952919436953408,cs_095806,1a,,True,remote_amplitudes,,12
8.675,10.022431503956094,,channel,liu_weighted_median,72,72,0.05555555555555555,4.027469906433442,4.027469906433442,15.805866563835885,0.5293070508635754,15.532351630617786,cs_095806,1a,,True,remote_amplitudes,,12
8.675,8.063919373938285,,channel,snr_mrc,72,72,0.05555555555555555,0.8089143871631805,4.027469906433442,63.42263814616125,0.5293070508635754,7.044157072757528,cs_095806,1a,,True,remote_amplitudes,,12
8.675,10.831350931738434,,channel,quality_mrc,72,72,0.05555555555555555,0.8089143871631805,4.027469906433442,12.615603385217048,0.5293070508635754,24.85707125923266,cs_095806,1a,,True,remote_amplitudes,,12
8.675,8.669633671649772,,channel,best_tone,72,72,0.06944444444444445,0.7719664216795485,3.8967649317685993,113.75622937147465,0.47222721641341875,0.06185969279803124,cs_095806,1a,,True,phases,,12
8.675,7.989093982202313,,channel,equal_average,72,72,0.06944444444444445,0.7719664216795485,3.8967649317685993,8.731745638981845,0.47222721641341875,7.906697611500723,cs_095806,1a,,True,phases,,12
8.675,9.775791346693124,,channel,liu_weighted_median,72,72,0.06944444444444445,3.8967649317685993,3.8967649317685993,13.777222410055547,0.47222721641341875,12.689237425857328,cs_095806,1a,,True,phases,,12
8.675,8.607305286757322,,channel,snr_mrc,72,72,0.06944444444444445,0.7719664216795485,3.8967649317685993,101.79870846305009,0.47222721641341875,0.7803425157657476,cs_095806,1a,,True,phases,,12
8.675,7.81323948793264,,channel,quality_mrc,72,72,0.06944444444444445,0.7719664216795485,3.8967649317685993,8.665085130208585,0.47222721641341875,9.933838755819716,cs_095806,1a,,True,phases,,12
8.675,9.949069536622686,,channel,best_tone,72,72,0.05555555555555555,0.7807677700260993,5.027945773978395,7.34977777231309,0.4759547136663928,14.686680537437288,cs_095806,1a,,True,local_amplitudes,,13
8.675,10.950756952108984,,channel,equal_average,72,72,0.05555555555555555,0.7807677700260993,5.027945773978395,8.863857952992083,0.4759547136663928,26.2335095343975,cs_095806,1a,,True,local_amplitudes,,13
8.675,9.912452588385317,,channel,liu_weighted_median,72,72,0.05555555555555555,5.027945773978395,5.027945773978395,18.305151247345975,0.4759547136663928,14.264583151415753,cs_095806,1a,,True,local_amplitudes,,13
8.675,8.435802166041276,,channel,snr_mrc,72,72,0.05555555555555555,0.7807677700260993,5.027945773978395,68.81020656917462,0.4759547136663928,2.757323734394525,cs_095806,1a,,True,local_amplitudes,,13
8.675,10.984517881523374,,channel,quality_mrc,72,72,0.05555555555555555,0.7807677700260993,5.027945773978395,9.123960458323575,0.4759547136663928,26.622684513237726,cs_095806,1a,,True,local_amplitudes,,13
8.675,10.169771052218916,,channel,best_tone,72,72,0.027777777777777776,0.8096304200551502,4.095400654852034,9.708985942500894,0.5307138876566878,17.230790227307384,cs_095806,1a,,True,remote_amplitudes,,13
8.675,10.639813816408344,,channel,equal_average,72,72,0.027777777777777776,0.8096304200551502,4.095400654852034,9.658861951871689,0.5307138876566878,22.64915062142182,cs_095806,1a,,True,remote_amplitudes,,13
8.675,10.000957107273917,,channel,liu_weighted_median,72,72,0.027777777777777776,4.095400654852034,4.095400654852034,16.63742668523234,0.5307138876566878,15.284808153013449,cs_095806,1a,,True,remote_amplitudes,,13
8.675,8.235264283358909,,channel,snr_mrc,72,72,0.027777777777777776,0.8096304200551502,4.095400654852034,90.19235338237644,0.5307138876566878,5.068999615459274,cs_095806,1a,,True,remote_amplitudes,,13
8.675,10.710115249962763,,channel,quality_mrc,72,72,0.027777777777777776,0.8096304200551502,4.095400654852034,9.835784548472832,0.5307138876566878,23.45954178631427,cs_095806,1a,,True,remote_amplitudes,,13
8.675,8.663421460140505,,channel,best_tone,72,72,0.09722222222222222,0.7701885752104245,3.792302052350512,90.81127637761443,0.48189041333972416,0.1334702001094624,cs_095806,1a,,True,phases,,13
8.675,7.893598747660368,,channel,equal_average,72,72,0.09722222222222222,0.7701885752104245,3.792302052350512,7.929282707321502,0.48189041333972416,9.007507231580778,cs_095806,1a,,True,phases,,13
8.675,9.742225254523643,,channel,liu_weighted_median,72,72,0.09722222222222222,3.792302052350512,3.792302052350512,14.130138483825228,0.48189041333972416,12.30230840949443,cs_095806,1a,,True,phases,,13
8.675,8.605862340348045,,channel,snr_mrc,72,72,0.09722222222222222,0.7701885752104245,3.792302052350512,106.2239015175072,0.48189041333972416,0.7969759037689421,cs_095806,1a,,True,phases,,13
8.675,7.773038930764798,,channel,quality_mrc,72,72,0.09722222222222222,0.7701885752104245,3.792302052350512,8.186997779906445,0.48189041333972416,10.39724575487265,cs_095806,1a,,True,phases,,13
8.675,10.043628907129273,,channel,best_tone,72,72,0.06944444444444445,0.7678987877714202,4.924687088669312,6.567743020656538,0.4528057633968672,15.776702099472878,cs_095806,1a,,True,local_amplitudes,,14
8.675,10.873698417760075,,channel,equal_average,72,72,0.06944444444444445,0.7678987877714202,4.924687088669312,8.624998603349354,0.4528057633968672,25.345226717695375,cs_095806,1a,,True,local_amplitudes,,14
8.675,9.831975004048868,,channel,liu_weighted_median,72,72,0.06944444444444445,4.924687088669312,4.924687088669312,14.424686887877701,0.4528057633968672,13.336887654741982,cs_095806,1a,,True,local_amplitudes,,14
8.675,8.601705037271278,,channel,snr_mrc,72,72,0.06944444444444445,0.7678987877714202,4.924687088669312,19.316721343728304,0.4528057633968672,0.8448987058065967,cs_095806,1a,,True,local_amplitudes,,14
8.675,10.899311288474564,,channel,quality_mrc,72,72,0.06944444444444445,0.7678987877714202,4.924687088669312,8.849576567570175,0.4528057633968672,25.640475947833586,cs_095806,1a,,True,local_amplitudes,,14
8.675,10.125547246904553,,channel,best_tone,72,72,0.027777777777777776,0.8092500546533944,3.9814133119548396,9.903447285629012,0.5324403243819392,16.721005728006364,cs_095806,1a,,True,remote_amplitudes,,14
8.675,10.583012572642295,,channel,equal_average,72,72,0.027777777777777776,0.8092500546533944,3.9814133119548396,8.970671381163067,0.5324403243819392,21.99438124083336,cs_095806,1a,,True,remote_amplitudes,,14
8.675,9.918515580841841,,channel,liu_weighted_median,72,72,0.027777777777777776,3.9814133119548396,3.9814133119548396,14.382491255992697,0.5324403243819392,14.334473554372803,cs_095806,1a,,True,remote_amplitudes,,14
8.675,8.360561059884699,,channel,snr_mrc,72,72,0.027777777777777776,0.8092500546533944,3.9814133119548396,34.086792813570256,0.5324403243819392,3.624656370205211,cs_095806,1a,,True,remote_amplitudes,,14
8.675,10.653326020989104,,channel,quality_mrc,72,72,0.027777777777777776,0.8092500546533944,3.9814133119548396,9.028209974878804,0.5324403243819392,22.804910904773518,cs_095806,1a,,True,remote_amplitudes,,14
8.675,8.715068710052986,,channel,best_tone,72,72,0.09722222222222222,0.7670350638814517,3.8195402272974652,45.96325776805041,0.47260091221628736,0.46188714758484223,cs_095806,1a,,True,phases,,14
8.675,7.918814635867776,,channel,equal_average,72,72,0.09722222222222222,0.7670350638814517,3.8195402272974652,6.627553748523675,0.47260091221628736,8.716834168671182,cs_095806,1a,,True,phases,,14
8.675,9.667972263002731,,channel,liu_weighted_median,72,72,0.09722222222222222,3.8195402272974652,3.8195402272974652,12.382570288758917,0.47260091221628736,11.446366144123695,cs_095806,1a,,True,phases,,14
8.675,8.610354175726382,,channel,snr_mrc,72,72,0.09722222222222222,0.7670350638814517,3.8195402272974652,91.47992747318489,0.47260091221628736,0.7451968215979107,cs_095806,1a,,True,phases,,14
8.675,7.848548565501439,,channel,quality_mrc,72,72,0.09722222222222222,0.7670350638814517,3.8195402272974652,6.938726403504343,0.47260091221628736,9.52681768874423,cs_095806,1a,,True,phases,,14
8.675,10.10947648382471,,channel,best_tone,72,72,0.06944444444444445,0.769771732520966,4.921104435474279,6.253728118650725,0.45612710098856124,16.53575197492461,cs_095806,1a,,True,local_amplitudes,,15
8.675,10.78823761298907,,channel,equal_average,72,72,0.06944444444444445,0.769771732520966,4.921104435474279,8.742682373972151,0.45612710098856124,24.360087757799064,cs_095806,1a,,True,local_amplitudes,,15
8.675,9.880058412646427,,channel,liu_weighted_median,72,72,0.06944444444444445,4.921104435474279,4.921104435474279,12.679667473005988,0.45612710098856124,13.891163258172062,cs_095806,1a,,True,local_amplitudes,,15
8.675,9.076486756813882,,channel,snr_mrc,72,72,0.06944444444444445,0.769771732520966,4.921104435474279,7.347709365634095,0.45612710098856124,4.6280894157219725,cs_095806,1a,,True,local_amplitudes,,15
8.675,10.798010523267825,,channel,quality_mrc,72,72,0.06944444444444445,0.769771732520966,4.921104435474279,8.961700351766545,0.45612710098856124,24.472743784067138,cs_095806,1a,,True,local_amplitudes,,15
8.675,10.015957457310668,,channel,best_tone,72,72,0.041666666666666664,0.7974716020881889,3.960559243840046,7.85993852829658,0.5122113028311597,15.457722850843423,cs_095806,1a,,True,remote_amplitudes,,15
8.675,10.557782237078127,,channel,equal_average,72,72,0.041666666666666664,0.7974716020881889,3.960559243840046,8.629662709053818,0.5122113028311597,21.703541637788202,cs_095806,1a,,True,remote_amplitudes,,15
8.675,9.846842202408546,,channel,liu_weighted_median,72,72,0.041666666666666664,3.960559243840046,3.960559243840046,11.689558259554389,0.5122113028311597,13.508267462922706,cs_095806,1a,,True,remote_amplitudes,,15
8.675,8.902496910676621,,channel,snr_mrc,72,72,0.041666666666666664,0.7974716020881889,3.960559243840046,8.653927855888192,0.5122113028311597,2.6224427743702674,cs_095806,1a,,True,remote_amplitudes,,15
8.675,10.595842634214138,,channel,quality_mrc,72,72,0.041666666666666664,0.7974716020881889,3.960559243840046,8.861680074671165,0.5122113028311597,22.14227820419755,cs_095806,1a,,True,remote_amplitudes,,15
8.675,8.763128426858982,,channel,best_tone,72,72,0.1111111111111111,0.7660695387695264,3.8235307234237643,31.976843980517685,0.47032708405322765,1.0158896467894092,cs_095806,1a,,True,phases,,15
8.675,8.033492978746501,,channel,equal_average,72,72,0.1111111111111111,0.752146834094476,3.8235307234237643,5.67877372704411,0.47032708405322765,7.394893616755034,cs_095806,1a,,True,phases,,15
8.675,9.53159219330124,,channel,liu_weighted_median,72,72,0.1111111111111111,3.8235307234237643,3.8235307234237643,11.41519433531564,0.47032708405322765,9.874261594250592,cs_095806,1a,,True,phases,,15
8.675,8.637883461976552,,channel,snr_mrc,72,72,0.1111111111111111,0.7660695387695264,3.8235307234237643,76.07821373015409,0.47032708405322765,0.4278563460916317,cs_095806,1a,,True,phases,,15
8.675,8.021995638705231,,channel,quality_mrc,72,72,0.1111111111111111,0.7372698048729384,3.8235307234237643,5.348426250418885,0.47032708405322765,7.527427795905122,cs_095806,1a,,True,phases,,15
8.675,10.777706255373026,,channel,best_tone,72,72,0.06944444444444445,0.7726913949824818,4.769760874803613,6.515523453359608,0.4613369364832677,24.238688822743807,cs_095806,1a,,True,local_amplitudes,,16
8.675,10.693954448072875,,channel,equal_average,72,72,0.06944444444444445,0.7726913949824818,4.769760874803613,8.922532448104578,0.4613369364832677,23.273250121877506,cs_095806,1a,,True,local_amplitudes,,16
8.675,9.85484027043286,,channel,liu_weighted_median,72,72,0.06944444444444445,4.769760874803613,4.769760874803613,12.383343379950595,0.4613369364832677,13.600464212482521,cs_095806,1a,,True,local_amplitudes,,16
8.675,9.892849868165255,,channel,snr_mrc,72,72,0.06944444444444445,0.7324801586663614,4.769760874803613,5.111173438809573,0.4613369364832677,14.038615194988523,cs_095806,1a,,True,local_amplitudes,,16
8.675,10.687469991011909,,channel,quality_mrc,72,72,0.06944444444444445,0.7726913949824818,4.769760874803613,8.84167670139388,0.4613369364832677,23.19850133731306,cs_095806,1a,,True,local_amplitudes,,16
8.675,9.883988343220121,,channel,best_tone,72,72,0.05555555555555555,0.7840835050237376,3.9346081018587333,6.398162133388077,0.49005571941539067,13.936465051528765,cs_095806,1a,,True,remote_amplitudes,,16
8.675,10.548465236180142,,channel,equal_average,72,72,0.05555555555555555,0.7840835050237376,3.9346081018587333,8.35297097724581,0.49005571941539067,21.596141051067914,cs_095806,1a,,True,remote_amplitudes,,16
8.675,9.791340323184379,,channel,liu_weighted_median,72,72,0.05555555555555555,3.9346081018587333,3.9346081018587333,10.08665738759772,0.49005571941539067,12.86847634794672,cs_095806,1a,,True,remote_amplitudes,,16
8.675,9.937068887831758,,channel,snr_mrc,72,72,0.05555555555555555,0.7685457640287441,3.9346081018587333,5.650325893210663,0.49005571941539067,14.548344528319971,cs_095806,1a,,True,remote_amplitudes,,16
8.675,10.551541690939912,,channel,quality_mrc,72,72,0.05555555555555555,0.7840835050237376,3.9346081018587333,8.521541154454868,0.49005571941539067,21.63160450651194,cs_095806,1a,,True,remote_amplitudes,,16
8.675,8.798829919104874,,channel,best_tone,72,72,0.09722222222222222,0.7554255977265113,3.7122007553924568,26.777271848561167,0.4645191548444949,1.4274342259927704,cs_095806,1a,,True,phases,,16
8.675,8.241095502132566,,channel,equal_average,72,72,0.09722222222222222,0.7171962468560672,3.7122007553924568,5.1344057288662786,0.4645191548444949,5.0017809552442,cs_095806,1a,,True,phases,,16
8.675,9.62893087327691,,channel,liu_weighted_median,72,72,0.09722222222222222,3.7122007553924568,3.7122007553924568,11.053449033754525,0.4645191548444949,10.996321305785706,cs_095806,1a,,True,phases,,16
8.675,8.70983882427041,,channel,snr_mrc,72,72,0.09722222222222222,0.7554255977265113,3.7122007553924568,55.61915134861259,0.4645191548444949,0.40160027977416674,cs_095806,1a,,True,phases,,16
8.675,8.288755253234013,,channel,quality_mrc,72,72,0.09722222222222222,0.6857985495544159,3.7122007553924568,4.489167876151608,0.4645191548444949,4.452389011711669,cs_095806,1a,,True,phases,,16
8.675,10.706194086437524,,channel,best_tone,72,72,0.06944444444444445,0.7758393155626443,4.7082502439456375,7.565004580301385,0.46699835516883986,23.414341054034846,cs_095806,1a,,True,local_amplitudes,,17
8.675,10.612658364186261,,channel,equal_average,72,72,0.06944444444444445,0.7758393155626443,4.7082502439456375,9.280037173506928,0.46699835516883986,22.336119471887727,cs_095806,1a,,True,local_amplitudes,,17
8.675,9.672376019585617,,channel,liu_weighted_median,72,72,0.06944444444444445,4.7082502439456375,4.7082502439456375,12.198734020156671,0.46699835516883986,11.497129908767905,cs_095806,1a,,True,local_amplitudes,,17
8.675,10.165069793396713,,channel,snr_mrc,72,72,0.06944444444444445,0.7758393155626443,4.7082502439456375,6.276093266673921,0.46699835516883986,17.176597042037024,cs_095806,1a,,True,local_amplitudes,,17
8.675,10.572765226959197,,channel,quality_mrc,72,72,0.06944444444444445,0.7758393155626443,4.7082502439456375,8.959707550564808,0.46699835516883986,21.87625621854981,cs_095806,1a,,True,local_amplitudes,,17
8.675,9.69828855672224,,channel,best_tone,72,72,0.06944444444444445,0.785540851961555,3.9184770523740706,6.1199882778092585,0.4948220107623159,11.795833506884598,cs_095806,1a,,True,remote_amplitudes,,17
8.675,10.560424345361545,,channel,equal_average,72,72,0.06944444444444445,0.785540851961555,3.9184770523740706,8.057716247816876,0.4948220107623159,21.733998217424137,cs_095806,1a,,True,remote_amplitudes,,17
8.675,9.713349192134269,,channel,liu_weighted_median,72,72,0.06944444444444445,3.9184770523740706,3.9184770523740706,9.485122753149689,0.4948220107623159,11.969443136994439,cs_095806,1a,,True,remote_amplitudes,,17
8.675,10.235841823970548,,channel,snr_mrc,72,72,0.06944444444444445,0.785540851961555,3.9184770523740706,7.611577780838994,0.4948220107623159,17.992412956432815,cs_095806,1a,,True,remote_amplitudes,,17
8.675,10.513285445611873,,channel,quality_mrc,72,72,0.06944444444444445,0.785540851961555,3.9184770523740706,8.292059055637912,0.4948220107623159,21.19061032405616,cs_095806,1a,,True,remote_amplitudes,,17
8.675,8.858733642980917,,channel,best_tone,72,72,0.125,0.7366296779050244,3.690224803447476,25.925099199780938,0.4332661938030443,2.1179670660624397,cs_095806,1a,,True,phases,,17
8.675,8.524138776146257,,channel,equal_average,72,72,0.125,0.7254163862694595,3.690224803447476,5.730146147594248,0.4332661938030443,1.739034280734795,cs_095806,1a,,True,phases,,17
8.675,9.511079422924086,,channel,liu_weighted_median,72,72,0.125,3.690224803447476,3.690224803447476,10.943817152970535,0.4332661938030443,9.63780314609896,cs_095806,1a,,True,phases,,17
8.675,8.782017121806101,,channel,snr_mrc,72,72,0.125,0.7366296779050244,3.690224803447476,39.59767102829899,0.4332661938030443,1.2336267643354493,cs_095806,1a,,True,phases,,17
8.675,8.660348478371537,,channel,quality_mrc,72,72,0.125,0.6947952883537819,3.690224803447476,5.034707079323902,0.4332661938030443,0.16889362107739164,cs_095806,1a,,True,phases,,17
8.675,10.636826915274598,,channel,best_tone,72,72,0.06944444444444445,0.7794357604353994,4.7166213668538015,8.508814172058614,0.4735228947446395,22.6147194844334,cs_095806,1a,,True,local_amplitudes,,18
8.675,10.500921301066407,,channel,equal_average,72,72,0.06944444444444445,0.7794357604353994,4.7166213668538015,9.300703445941009,0.4735228947446395,21.04808416214878,cs_095806,1a,,True,local_amplitudes,,18
8.675,9.675019314124315,,channel,liu_weighted_median,72,72,0.06944444444444445,4.7166213668538015,4.7166213668538015,11.492976958624093,0.4735228947446395,11.5276001628163,cs_095806,1a,,True,local_amplitudes,,18
8.675,10.061459148449213,,channel,snr_mrc,72,72,0.06944444444444445,0.7794357604353994,4.7166213668538015,6.369931630219163,0.4735228947446395,15.982238022469305,cs_095806,1a,,True,local_amplitudes,,18
8.675,10.469047444076079,,channel,quality_mrc,72,72,0.06944444444444445,0.7794357604353994,4.7166213668538015,8.827102288885229,0.4735228947446395,20.68066217955133,cs_095806,1a,,True,local_amplitudes,,18
8.675,10.438728292306568,,channel,best_tone,72,72,0.06944444444444445,0.7922176884041771,3.981174858552998,7.69241059040309,0.4995538880536243,20.33116187096907,cs_095806,1a,,True,remote_amplitudes,,18
8.675,10.528862955042817,,channel,equal_average,72,72,0.06944444444444445,0.7922176884041771,3.981174858552998,7.5836908408753345,0.4995538880536243,21.37017815611315,cs_095806,1a,,True,remote_amplitudes,,18
8.675,9.81200582647238,,channel,liu_weighted_median,72,72,0.06944444444444445,3.981174858552998,3.981174858552998,9.063030868238435,0.4995538880536243,13.106695406021657,cs_095806,1a,,True,remote_amplitudes,,18
8.675,10.235222047101692,,channel,snr_mrc,72,72,0.06944444444444445,0.7922176884041771,3.981174858552998,8.568020072115159,0.4995538880536243,17.98526855448635,cs_095806,1a,,True,remote_amplitudes,,18
8.675,10.486317675185392,,channel,quality_mrc,72,72,0.06944444444444445,0.7922176884041771,3.981174858552998,7.811270532844694,0.4995538880536243,20.8797426534339,cs_095806,1a,,True,remote_amplitudes,,18
8.675,8.881184904926686,,channel,best_tone,72,72,0.1388888888888889,0.7315859156267505,3.764354102394165,27.574859272179662,0.416069163295625,2.3767712383479545,cs_095806,1a,,True,phases,,18
8.675,8.757680277381908,,channel,equal_average,72,72,0.1388888888888889,0.7315859156267505,3.764354102394165,7.859711560479761,0.416069163295625,0.9530867709729974,cs_095806,1a,,True,phases,,18
8.675,9.479860071083221,,channel,liu_weighted_median,72,72,0.1388888888888889,3.764354102394165,3.764354102394165,10.412119805085391,0.416069163295625,9.27792589144923,cs_095806,1a,,True,phases,,18
8.675,8.839835733117514,,channel,snr_mrc,72,72,0.1388888888888889,0.7315859156267505,3.764354102394165,26.330399280162613,0.416069163295625,1.900123724697561,cs_095806,1a,,True,phases,,18
8.675,8.938954337955593,,channel,quality_mrc,72,72,0.1388888888888889,0.7315859156267505,3.764354102394165,6.93995529752664,0.416069163295625,3.042701302081757,cs_095806,1a,,True,phases,,18
8.675,10.57682514246817,,channel,best_tone,72,72,0.06944444444444445,0.7835968028517722,4.938618570933373,8.794643247871498,0.48114720365570673,21.9230563973276,cs_095806,1a,,True,local_amplitudes,,19
8.675,10.393772201212702,,channel,equal_average,72,72,0.06944444444444445,0.7835968028517722,4.938618570933373,8.936402730831652,0.48114720365570673,19.812936037034017,cs_095806,1a,,True,local_amplitudes,,19
8.675,9.72913685638661,,channel,liu_weighted_median,72,72,0.06944444444444445,4.938618570933373,4.938618570933373,11.041387132637475,0.48114720365570673,12.151433503015669,cs_095806,1a,,True,local_amplitudes,,19
8.675,10.017548523502697,,channel,snr_mrc,72,72,0.06944444444444445,0.7627796192669175,4.938618570933373,5.534399763268137,0.48114720365570673,15.47606367150082,cs_095806,1a,,True,local_amplitudes,,19
8.675,10.343957690342458,,channel,quality_mrc,72,72,0.06944444444444445,0.7835968028517722,4.938618570933373,8.552685883049008,0.48114720365570673,19.238705364178184,cs_095806,1a,,True,local_amplitudes,,19
8.675,10.434836448143468,,channel,best_tone,72,72,0.06944444444444445,0.7959437722292505,4.118773210261842,7.358519672094915,0.5042514631045635,20.28629911404573,cs_095806,1a,,True,remote_amplitudes,,19
8.675,10.47262903153613,,channel,equal_average,72,72,0.06944444444444445,0.7959437722292505,4.118773210261842,7.181004203704105,0.5042514631045635,20.721948490330014,cs_095806,1a,,True,remote_amplitudes,,19
8.675,9.772458755597807,,channel,liu_weighted_median,72,72,0.06944444444444445,4.118773210261842,4.118773210261842,8.663517227372466,0.5042514631045635,12.65082139017644,cs_095806,1a,,True,remote_amplitudes,,19
8.675,10.383160059916607,,channel,snr_mrc,72,72,0.06944444444444445,0.7959437722292505,4.118773210261842,9.17268074165757,0.5042514631045635,19.690605878001225,cs_095806,1a,,True,remote_amplitudes,,19
8.675,10.412930067394159,,channel,quality_mrc,72,72,0.06944444444444445,0.7959437722292505,4.118773210261842,7.543163987841448,0.5042514631045635,20.03377599301623,cs_095806,1a,,True,remote_amplitudes,,19
8.675,8.878207287631986,,channel,best_tone,72,72,0.1527777777777778,0.7266914396530418,3.7665109070902596,30.531375250855618,0.40754061338386144,2.342447119677058,cs_095806,1a,,True,phases,,19
8.675,8.912140919512867,,channel,equal_average,72,72,0.1527777777777778,0.7266914396530418,3.7665109070902596,12.590434204321769,0.40754061338386144,2.7336129050474463,cs_095806,1a,,True,phases,,19
8.675,9.56793362595058,,channel,liu_weighted_median,72,72,0.1527777777777778,3.7665109070902596,3.7665109070902596,10.716212428201485,0.40754061338386144,10.293183008075845,cs_095806,1a,,True,phases,,19
8.675,8.950267779421019,,channel,snr_mrc,72,72,0.1527777777777778,0.7266914396530418,3.7665109070902596,23.322242134469796,0.40754061338386144,3.173115612922396,cs_095806,1a,,True,phases,,19
8.675,9.086331647048894,,channel,quality_mrc,72,72,0.1527777777777778,0.7266914396530418,3.7665109070902596,10.475710606739836,0.40754061338386144,4.741575182119806,cs_095806,1a,,True,phases,,19
8.675,10.493192016521434,,channel,best_tone,72,72,0.06944444444444445,0.7874612879977158,5.193327025966354,8.402286311347163,0.4883010279454183,20.95898578122689,cs_095806,1a,,True,local_amplitudes,,20
8.675,10.277340596594977,,channel,equal_average,72,72,0.06944444444444445,0.7874612879977158,5.193327025966354,8.419812407486333,0.4883010279454183,18.47078497515822,cs_095806,1a,,True,local_amplitudes,,20
8.675,9.731378925375408,,channel,liu_weighted_median,72,72,0.06944444444444445,5.193327025966354,5.193327025966354,10.966336990090095,0.4883010279454183,12.177278678679041,cs_095806,1a,,True,local_amplitudes,,20
8.675,9.407048121474212,,channel,snr_mrc,72,72,0.06944444444444445,0.7874612879977158,5.193327025966354,8.86689505453318,0.4883010279454183,8.438595060221452,cs_095806,1a,,True,local_amplitudes,,20
8.675,10.221738601489646,,channel,quality_mrc,72,72,0.06944444444444445,0.7874612879977158,5.193327025966354,8.138959058761197,0.4883010279454183,17.82983978662415,cs_095806,1a,,True,local_amplitudes,,20
8.675,10.448596679487942,,channel,best_tone,72,72,0.06944444444444445,0.7978513284409652,4.30837456547589,7.700968920064633,0.5078856209819215,20.44491849553822,cs_095806,1a,,True,remote_amplitudes,,20
8.675,10.373903750500162,,channel,equal_average,72,72,0.06944444444444445,0.7978513284409652,4.30837456547589,7.020533894627164,0.5078856209819215,19.583904904900994,cs_095806,1a,,True,remote_amplitudes,,20
8.675,9.813231621233621,,channel,liu_weighted_median,72,72,0.06944444444444445,4.30837456547589,4.30837456547589,8.840046043851164,0.5078856209819215,13.120825604998505,cs_095806,1a,,True,remote_amplitudes,,20
8.675,10.704490221523782,,channel,snr_mrc,72,72,0.06944444444444445,0.7978513284409652,4.30837456547589,9.213546086119905,0.5078856209819215,23.394699959928317,cs_095806,1a,,True,remote_amplitudes,,20
8.675,10.309957893192802,,channel,quality_mrc,72,72,0.06944444444444445,0.7978513284409652,4.30837456547589,7.299734370137186,0.5078856209819215,18.84677686677581,cs_095806,1a,,True,remote_amplitudes,,20
8.675,8.90412205423789,,channel,best_tone,72,72,0.125,0.7389586198691787,3.8945838302038425,33.55085706936617,0.4144377368302725,2.6411764177278285,cs_095806,1a,,True,phases,,20
8.675,8.996204008168418,,channel,equal_average,72,72,0.125,0.7389586198691787,3.8945838302038425,23.219070983654394,0.4144377368302725,3.702639863612874,cs_095806,1a,,True,phases,,20
8.675,9.502799336274764,,channel,liu_weighted_median,72,72,0.125,3.8945838302038425,3.8945838302038425,11.711148126499062,0.4144377368302725,9.542355461380556,cs_095806,1a,,True,phases,,20
8.675,9.072393964184963,,channel,snr_mrc,72,72,0.125,0.7389586198691787,3.8945838302038425,30.77987857142917,0.4144377368302725,4.580910249970746,cs_095806,1a,,True,phases,,20
8.675,9.155698583376761,,channel,quality_mrc,72,72,0.125,0.7389586198691787,3.8945838302038425,17.72427228387512,0.4144377368302725,5.541194044688882,cs_095806,1a,,True,phases,,20
8.675,10.431490727911672,,channel,best_tone,72,72,0.08333333333333333,0.7809771054267578,5.240939654954107,8.24963486952757,0.4763376478382066,20.247731733852124,cs_095806,1a,,True,local_amplitudes,,21
8.675,10.155571416438013,,channel,equal_average,72,72,0.08333333333333333,0.7809771054267578,5.240939654954107,8.285736332481976,0.4763376478382066,17.067105664991498,cs_095806,1a,,True,local_amplitudes,,21
8.675,9.698334543176225,,channel,liu_weighted_median,72,72,0.08333333333333333,5.240939654954107,5.240939654954107,11.25459769322332,0.4763376478382066,11.796363610100565,cs_095806,1a,,True,local_amplitudes,,21
8.675,9.152702092603707,,channel,snr_mrc,72,72,0.08333333333333333,0.7809771054267578,5.240939654954107,18.528086847792622,0.4763376478382066,5.506652364307859,cs_095806,1a,,True,local_amplitudes,,21
8.675,10.095656581842206,,channel,quality_mrc,72,72,0.08333333333333333,0.7809771054267578,5.240939654954107,8.314269484943232,0.4763376478382066,16.37644474746058,cs_095806,1a,,True,local_amplitudes,,21
8.675,10.648981838658656,,channel,best_tone,72,72,0.06944444444444445,0.7989573180259938,4.376455895634288,8.314990430428468,0.5100006587225067,22.754833875027728,cs_095806,1a,,True,remote_amplitudes,,21
8.675,10.236635483667712,,channel,equal_average,72,72,0.06944444444444445,0.7989573180259938,4.376455895634288,7.146598671429785,0.5100006587225067,18.001561771385717,cs_095806,1a,,True,remote_amplitudes,,21
8.675,9.87655982499771,,channel,liu_weighted_median,72,72,0.06944444444444445,4.376455895634288,4.376455895634288,8.762990838166253,0.5100006587225067,13.850833717552838,cs_095806,1a,,True,remote_amplitudes,,21
8.675,10.164673780872821,,channel,snr_mrc,72,72,0.06944444444444445,0.7989573180259938,4.376455895634288,6.554910459520757,0.5100006587225067,17.17203205617084,cs_095806,1a,,True,remote_amplitudes,,21
8.675,10.154636626436833,,channel,quality_mrc,72,72,0.06944444444444445,0.7989573180259938,4.376455895634288,7.7093284436376015,0.5100006587225067,17.056329987744466,cs_095806,1a,,True,remote_amplitudes,,21
8.675,8.90099657086942,,channel,best_tone,72,72,0.1111111111111111,0.7434742574822989,3.9079446494072445,33.50721439944996,0.4206388630638258,2.605147791001955,cs_095806,1a,,True,phases,,21
8.675,8.952636175343166,,channel,equal_average,72,72,0.1111111111111111,0.7434742574822989,3.9079446494072445,40.044836821572154,0.4206388630638258,3.200417006837638,cs_095806,1a,,True,phases,,21
8.675,9.576815618210683,,channel,liu_weighted_median,72,72,0.1111111111111111,3.9079446494072445,3.9079446494072445,11.878713716260386,0.4206388630638258,10.395569086002094,cs_095806,1a,,True,phases,,21
8.675,9.09058984328968,,channel,snr_mrc,72,72,0.1111111111111111,0.7434742574822989,3.9079446494072445,35.690624733130434,0.4206388630638258,4.790661017748458,cs_095806,1a,,True,phases,,21
8.675,9.09901582790727,,channel,quality_mrc,72,72,0.1111111111111111,0.7434742574822989,3.9079446494072445,28.322181819551062,0.4206388630638258,4.887790523426729,cs_095806,1a,,True,phases,,21
8.675,17.761227585478927,,channel,best_tone,72,72,0.08333333333333333,0.7814895910118014,5.3086990929280695,14.816454396900182,0.47727599700287787,104.74037562511731,cs_095806,1a,,True,local_amplitudes,,22
8.675,10.077825868601094,,channel,equal_average,72,72,0.08333333333333333,0.7814895910118014,5.3086990929280695,8.286138359435808,0.47727599700287787,16.17090338445064,cs_095806,1a,,True,local_amplitudes,,22
8.675,9.672156448985044,,channel,liu_weighted_median,72,72,0.08333333333333333,5.3086990929280695,5.3086990929280695,11.521357999514999,0.47727599700287787,11.494598835562458,cs_095806,1a,,True,local_amplitudes,,22
8.675,9.198206038789841,,channel,snr_mrc,72,72,0.08333333333333333,0.7814895910118014,5.3086990929280695,25.14537055393805,0.47727599700287787,6.031193530718625,cs_095806,1a,,True,local_amplitudes,,22
8.675,10.019279321439916,,channel,quality_mrc,72,72,0.08333333333333333,0.7814895910118014,5.3086990929280695,8.335242232696867,0.47727599700287787,15.49601523273677,cs_095806,1a,,True,local_amplitudes,,22
8.675,10.813582363665692,,channel,best_tone,72,72,0.06944444444444445,0.7998101860953253,4.4381353247379876,7.68022758794589,0.5116356437670616,24.65224626703966,cs_095806,1a,,True,remote_amplitudes,,22
8.675,10.122755413129077,,channel,equal_average,72,72,0.06944444444444445,0.7998101860953253,4.4381353247379876,8.136051493073838,0.5116356437670616,16.688823206098867,cs_095806,1a,,True,remote_amplitudes,,22
8.675,9.715324645990826,,channel,liu_weighted_median,72,72,0.06944444444444445,4.4381353247379876,4.4381353247379876,9.531521862855051,0.5116356437670616,11.992214939375506,cs_095806,1a,,True,remote_amplitudes,,22
8.675,9.377449743701382,,channel,snr_mrc,72,72,0.06944444444444445,0.7998101860953253,4.4381353247379876,14.448036361577717,0.5116356437670616,8.097403385606697,cs_095806,1a,,True,remote_amplitudes,,22
8.675,10.048203163503594,,channel,quality_mrc,72,72,0.06944444444444445,0.7998101860953253,4.4381353247379876,8.619635156545492,0.5116356437670616,15.829431279580323,cs_095806,1a,,True,remote_amplitudes,,22
8.675,8.868245120740626,,channel,best_tone,72,72,0.06944444444444445,0.7632590324988309,4.040392526649787,30.979046557506294,0.44464750267720615,2.2276094609870385,cs_095806,1a,,True,phases,,22
8.675,8.906868254767236,,channel,equal_average,72,72,0.06944444444444445,0.7632590324988309,4.040392526649787,48.28093530295748,0.44464750267720615,2.672832907979657,cs_095806,1a,,True,phases,,22
8.675,9.403670990282968,,channel,liu_weighted_median,72,72,0.06944444444444445,4.040392526649787,4.040392526649787,10.538955043960698,0.44464750267720615,8.399665594039973,cs_095806,1a,,True,phases,,22
8.675,9.068330233445476,,channel,snr_mrc,72,72,0.06944444444444445,0.7632590324988309,4.040392526649787,28.418758566735935,0.44464750267720615,4.534066091590491,cs_095806,1a,,True,phases,,22
8.675,9.042148475447119,,channel,quality_mrc,72,72,0.06944444444444445,0.7632590324988309,4.040392526649787,33.405502903754744,0.44464750267720615,4.232259082963901,cs_095806,1a,,True,phases,,22
8.675,17.756047686005022,,channel,best_tone,72,72,0.05555555555555555,0.7994517906234446,5.258486226020233,13.25461551960122,0.5109481591132187,104.68066496835759,cs_095806,1a,,True,local_amplitudes,,23
8.675,10.013927409566318,,channel,equal_average,72,72,0.05555555555555555,0.7994517906234446,5.258486226020233,8.224160561062634,0.5109481591132187,15.434321724107397,cs_095806,1a,,True,local_amplitudes,,23
8.675,9.502202445538112,,channel,liu_weighted_median,72,72,0.05555555555555555,5.258486226020233,5.258486226020233,11.896252259316604,0.5109481591132187,9.535474876520011,cs_095806,1a,,True,local_amplitudes,,23
8.675,9.262903713419002,,channel,snr_mrc,72,72,0.05555555555555555,0.7994517906234446,5.258486226020233,26.19584056882657,0.5109481591132187,6.776988050939494,cs_095806,1a,,True,local_amplitudes,,23
8.675,9.966503061161948,,channel,quality_mrc,72,72,0.05555555555555555,0.7994517906234446,5.258486226020233,8.1438282282251,0.5109481591132187,14.887643356333683,cs_095806,1a,,True,local_amplitudes,,23
8.675,9.767765068760825,,channel,best_tone,72,72,0.09722222222222222,0.7838511047556347,4.50050622709628,7.79919897675343,0.4816157980745739,12.596715490038324,cs_095806,1a,,True,remote_amplitudes,,23
8.675,10.02007466369997,,channel,equal_average,72,72,0.09722222222222222,0.7838511047556347,4.50050622709628,9.358399437002344,0.4816157980745739,15.505183443227319,cs_095806,1a,,True,remote_amplitudes,,23
8.675,9.710760696998872,,channel,liu_weighted_median,72,72,0.09722222222222222,4.50050622709628,4.50050622709628,10.894930251517337,0.4816157980745739,11.939604576355858,cs_095806,1a,,True,remote_amplitudes,,23
8.675,9.280737659412894,,channel,snr_mrc,72,72,0.09722222222222222,0.7838511047556347,4.50050622709628,26.13182146399626,0.4816157980745739,6.982566679111164,cs_095806,1a,,True,remote_amplitudes,,23
8.675,9.971461931504303,,channel,quality_mrc,72,72,0.09722222222222222,0.7838511047556347,4.50050622709628,9.4305896865011,0.4816157980745739,14.944806126850743,cs_095806,1a,,True,remote_amplitudes,,23
8.675,8.865058576549428,,channel,best_tone,72,72,0.041666666666666664,0.7658627158905714,4.256592575365749,30.43675093254054,0.44921348248336385,2.190876963105791,cs_095806,1a,,True,phases,,23
8.675,8.89910635889882,,channel,equal_average,72,72,0.041666666666666664,0.7658627158905714,4.256592575365749,45.92749586466206,0.44921348248336385,2.5833586040209684,cs_095806,1a,,True,phases,,23
8.675,9.36245509187999,,channel,liu_weighted_median,72,72,0.041666666666666664,4.256592575365749,4.256592575365749,9.805709028411668,0.44921348248336385,7.924554373256365,cs_095806,1a,,True,phases,,23
8.675,9.041107205814805,,channel,snr_mrc,72,72,0.041666666666666664,0.7658627158905714,4.256592575365749,26.48305767252553,0.44921348248336385,4.220255974810429,cs_095806,1a,,True,phases,,23
8.675,9.011196008657768,,channel,quality_mrc,72,72,0.041666666666666664,0.7658627158905714,4.256592575365749,34.789908869020024,0.44921348248336385,3.8754583130578335,cs_095806,1a,,True,phases,,23
8.675,17.74311561676077,,channel,best_tone,72,72,0.05555555555555555,0.7968678817673003,5.266224446805953,14.027885486710291,0.5060098466622238,104.53159212404346,cs_095806,1a,,True,local_amplitudes,,24
8.675,9.997755622225082,,channel,equal_average,72,72,0.05555555555555555,0.7968678817673003,5.266224446805953,7.850752915238421,0.5060098466622238,15.247903426225717,cs_095806,1a,,True,local_amplitudes,,24
8.675,9.536398530922337,,channel,liu_weighted_median,72,72,0.05555555555555555,5.266224446805953,5.266224446805953,12.236161339127666,0.5060098466622238,9.929666062505321,cs_095806,1a,,True,local_amplitudes,,24
8.675,9.339098857226128,,channel,snr_mrc,72,72,0.05555555555555555,0.7968678817673003,5.266224446805953,19.926052990649424,0.5060098466622238,7.655318238917895,cs_095806,1a,,True,local_amplitudes,,24
8.675,9.9476662430639,,channel,quality_mrc,72,72,0.05555555555555555,0.7968678817673003,5.266224446805953,7.698725061199156,0.5060098466622238,14.670504242811514,cs_095806,1a,,True,local_amplitudes,,24
8.675,9.91587303002534,,channel,best_tone,72,72,0.09722222222222222,0.7841582357302578,4.533420286376169,6.168377592000765,0.48218214451815716,14.304011873490941,cs_095806,1a,,True,remote_amplitudes,,24
8.675,9.969144694903822,,channel,equal_average,72,72,0.09722222222222222,0.7841582357302578,4.533420286376169,9.909808881983173,0.48218214451815716,14.918094465750094,cs_095806,1a,,True,remote_amplitudes,,24
8.675,9.612038681610604,,channel,liu_weighted_median,72,72,0.09722222222222222,4.533420286376169,4.533420286376169,12.094459105626548,0.48218214451815716,10.801598635280735,cs_095806,1a,,True,remote_amplitudes,,24
8.675,9.249779361342208,,channel,snr_mrc,72,72,0.09722222222222222,0.7841582357302578,4.533420286376169,36.35752975210388,0.48218214451815716,6.6256986898237145,cs_095806,1a,,True,remote_amplitudes,,24
8.675,9.935093929046461,,channel,quality_mrc,72,72,0.09722222222222222,0.7841582357302578,4.533420286376169,9.641743734105495,0.48218214451815716,14.525578432812225,cs_095806,1a,,True,remote_amplitudes,,24
8.675,8.84755468502421,,channel,best_tone,72,72,0.05555555555555555,0.7703126632543685,4.32459134350492,33.75286819315244,0.45708935998326544,1.9891029973972296,cs_095806,1a,,True,phases,,24
8.675,8.886078151370885,,channel,equal_average,72,72,0.05555555555555555,0.7703126632543685,4.32459134350492,42.451400244827255,0.45708935998326544,2.4331775374165345,cs_095806,1a,,True,phases,,24
8.675,9.452918657746682,,channel,liu_weighted_median,72,72,0.05555555555555555,4.32459134350492,4.32459134350492,9.877476010305866,0.45708935998326544,8.967362048953103,cs_095806,1a,,True,phases,,24
8.675,8.931822919569804,,channel,snr_mrc,72,72,0.05555555555555555,0.7703126632543685,4.32459134350492,34.04420330925983,0.45708935998326544,2.960494750084185,cs_095806,1a,,True,phases,,24
8.675,8.98009508145722,,channel,quality_mrc,72,72,0.05555555555555555,0.7703126632543685,4.32459134350492,34.60875754612974,0.45708935998326544,3.5169461839448903,cs_095806,1a,,True,phases,,24
8.675,9.473088668269936,,channel,best_tone,72,72,0.05555555555555555,0.7921331520354487,5.228314291307374,15.838083521679565,0.4970436945631566,9.199869374869571,cs_095806,1a,,True,local_amplitudes,,25
8.675,10.01126970633089,,channel,equal_average,72,72,0.05555555555555555,0.7921331520354487,5.228314291307374,7.259457578562534,0.4970436945631566,15.403685375572202,cs_095806,1a,,True,local_amplitudes,,25
8.675,9.5777448988324,,channel,liu_weighted_median,72,72,0.05555555555555555,5.228314291307374,5.228314291307374,12.289531216086127,0.4970436945631566,10.406281254552148,cs_095806,1a,,True,local_amplitudes,,25
8.675,9.584195999585127,,channel,snr_mrc,72,72,0.05555555555555555,0.7921331520354487,5.228314291307374,10.390028764868271,0.4970436945631566,10.480645528358803,cs_095806,1a,,True,local_amplitudes,,25
8.675,9.962301873965632,,channel,quality_mrc,72,72,0.05555555555555555,0.7921331520354487,5.228314291307374,7.164998091702066,0.4970436945631566,14.839214685482785,cs_095806,1a,,True,local_amplitudes,,25
8.675,9.430605474880632,,channel,best_tone,72,72,0.09722222222222222,0.7852385973198194,4.611433366081787,12.49952802796407,0.48417784798132807,8.71014956634734,cs_095806,1a,,True,remote_amplitudes,,25
8.675,9.96001639633311,,channel,equal_average,72,72,0.09722222222222222,0.7852385973198194,4.611433366081787,9.248202885726514,0.48417784798132807,14.812869121995492,cs_095806,1a,,True,remote_amplitudes,,25
8.675,9.567361045836698,,channel,liu_weighted_median,72,72,0.09722222222222222,4.611433366081787,4.611433366081787,12.926742144197718,0.48417784798132807,10.286582660941756,cs_095806,1a,,True,remote_amplitudes,,25
8.675,9.325062092494782,,channel,snr_mrc,72,72,0.09722222222222222,0.7852385973198194,4.611433366081787,25.39118684879906,0.48417784798132807,7.493511152677598,cs_095806,1a,,True,remote_amplitudes,,25
8.675,9.936143979479336,,channel,quality_mrc,72,72,0.09722222222222222,0.7852385973198194,4.611433366081787,8.933196727915604,0.48417784798132807,14.537682760568707,cs_095806,1a,,True,remote_amplitudes,,25
8.675,8.81268634277951,,channel,best_tone,72,72,0.08333333333333333,0.7717719448377941,4.368680383655472,42.77696928302755,0.45969201675842997,1.5871624527897414,cs_095806,1a,,True,phases,,25
8.675,8.910869139194928,,channel,equal_average,72,72,0.08333333333333333,0.7717719448377941,4.368680383655472,37.343241046854274,0.45969201675842997,2.7189526131980033,cs_095806,1a,,True,phases,,25
8.675,9.52853493017328,,channel,liu_weighted_median,72,72,0.08333333333333333,4.368680383655472,4.368680383655472,10.650974569568064,0.45969201675842997,9.839019367991684,cs_095806,1a,,True,phases,,25
8.675,8.86708520762829,,channel,snr_mrc,72,72,0.08333333333333333,0.7717719448377941,4.368680383655472,45.45158332870802,0.45969201675842997,2.2142387046488574,cs_095806,1a,,True,phases,,25
8.675,8.98600855980385,,channel,quality_mrc,72,72,0.08333333333333333,0.7717719448377941,4.368680383655472,30.886549706660997,0.45969201675842997,3.585113081312378,cs_095806,1a,,True,phases,,25
8.675,9.494129662772618,,channel,best_tone,72,72,0.041666666666666664,0.827803107984028,4.950170187695719,17.706761259881247,0.5672586902412015,9.44241686193219,cs_095806,1a,,True,local_amplitudes,,26
8.675,10.017722848913658,,channel,equal_average,72,72,0.041666666666666664,0.827803107984028,4.950170187695719,6.728026823965112,0.5672586902412015,15.478073186324584,cs_095806,1a,,True,local_amplitudes,,26
8.675,9.494129662772618,,channel,liu_weighted_median,72,72,0.041666666666666664,4.950170187695719,4.950170187695719,12.710743602307053,0.5672586902412015,9.44241686193219,cs_095806,1a,,True,local_amplitudes,,26
8.675,9.857134018231807,,channel,snr_mrc,72,72,0.041666666666666664,0.827803107984028,4.950170187695719,6.82012687553756,0.5672586902412015,13.626905109300367,cs_095806,1a,,True,local_amplitudes,,26
8.675,9.97094116798668,,channel,quality_mrc,72,72,0.041666666666666664,0.827803107984028,4.950170187695719,6.717876051914233,0.5672586902412015,14.938803089183628,cs_095806,1a,,True,local_amplitudes,,26
8.675,9.486361267740236,,channel,best_tone,72,72,0.08333333333333333,0.7973623986781976,4.3886504885807796,13.236296601758902,0.506952483770769,9.352867639656887,cs_095806,1a,,True,remote_amplitudes,,26
8.675,9.961312107903883,,channel,equal_average,72,72,0.08333333333333333,0.7973623986781976,4.3886504885807796,7.774401178325098,0.506952483770769,14.827805278430914,cs_095806,1a,,True,remote_amplitudes,,26
8.675,9.486361267740236,,channel,liu_weighted_median,72,72,0.08333333333333333,4.3886504885807796,4.3886504885807796,12.29607784734374,0.506952483770769,9.352867639656887,cs_095806,1a,,True,remote_amplitudes,,26
8.675,9.563688847856536,,channel,snr_mrc,72,72,0.08333333333333333,0.7973623986781976,4.3886504885807796,12.212623309257047,0.506952483770769,10.24425184849032,cs_095806,1a,,True,remote_amplitudes,,26
8.675,9.931892906331596,,channel,quality_mrc,72,72,0.08333333333333333,0.7973623986781976,4.3886504885807796,7.736101796790847,0.506952483770769,14.488679035522711,cs_095806,1a,,True,remote_amplitudes,,26
8.675,8.813791197654549,,channel,best_tone,72,72,0.05555555555555555,0.7756800361944365,4.376238000526062,61.46735474692957,0.4667107907272491,1.599898532040901,cs_095806,1a,,True,phases,,26
8.675,8.974343675409612,,channel,equal_average,72,72,0.05555555555555555,0.7756800361944365,4.376238000526062,29.979340274882595,0.4667107907272491,3.4506475551540197,cs_095806,1a,,True,phases,,26
8.675,9.509840322523749,,channel,liu_weighted_median,72,72,0.05555555555555555,4.376238000526062,4.376238000526062,11.901125045878779,0.4667107907272491,9.623519567997093,cs_095806,1a,,True,phases,,26
8.675,8.887826957054498,,channel,snr_mrc,72,72,0.05555555555555555,0.7756800361944365,4.376238000526062,53.09827008195474,0.4667107907272491,2.453336680743488,cs_095806,1a,,True,phases,,26
8.675,9.022219030542336,,channel,quality_mrc,72,72,0.05555555555555555,0.7756800361944365,4.376238000526062,26.539080090383273,0.4667107907272491,4.0025248477502675,cs_095806,1a,,True,phases,,26
8.675,8.146410174018374,,channel,best_tone,72,72,0.06944444444444445,0.7725158694454077,3.797279081604995,12.756811757206718,0.48563469197165354,6.093254478174368,cs_095806,1b,,True,local_amplitudes,,0
8.675,9.009585695274831,,channel,equal_average,72,72,0.06944444444444445,0.7725158694454077,3.797279081604995,14.796769861049661,0.48563469197165354,3.856895622764614,cs_095806,1b,,True,local_amplitudes,,0
8.675,9.023939010748025,,channel,liu_weighted_median,72,72,0.06944444444444445,3.797279081604995,3.797279081604995,13.945606285005056,0.48563469197165354,4.022351708910944,cs_095806,1b,,True,local_amplitudes,,0
8.675,8.599030896804196,,channel,snr_mrc,72,72,0.06944444444444445,0.7725158694454077,3.797279081604995,34.348716091823874,0.48563469197165354,0.8757245325164786,cs_095806,1b,,True,local_amplitudes,,0
8.675,8.97306660874699,,channel,quality_mrc,72,72,0.06944444444444445,0.7725158694454077,3.797279081604995,15.498229630811512,0.48563469197165354,3.435926325613708,cs_095806,1b,,True,local_amplitudes,,0
8.675,8.094731845845367,,channel,best_tone,72,72,0.08333333333333333,0.750756359577089,3.5847733647895432,11.671679690830244,0.472166690988544,6.688970076710479,cs_095806,1b,,True,remote_amplitudes,,0
8.675,8.978594910446347,,channel,equal_average,72,72,0.08333333333333333,0.750756359577089,3.5847733647895432,17.906107010496818,0.472166690988544,3.499653146355576,cs_095806,1b,,True,remote_amplitudes,,0
8.675,9.062306346611601,,channel,liu_weighted_median,72,72,0.08333333333333333,3.5847733647895432,3.5847733647895432,14.930933757495893,0.472166690988544,4.464626473908939,cs_095806,1b,,True,remote_amplitudes,,0
8.675,8.544233270870523,,channel,snr_mrc,72,72,0.08333333333333333,0.750756359577089,3.5847733647895432,61.61229985882463,0.472166690988544,1.5073974539421102,cs_095806,1b,,True,remote_amplitudes,,0
8.675,8.949092768506466,,channel,quality_mrc,72,72,0.08333333333333333,0.750756359577089,3.5847733647895432,18.86320126503685,0.472166690988544,3.15957081851833,cs_095806,1b,,True,remote_amplitudes,,0
8.675,8.223766480908777,,channel,best_tone,72,72,0.027777777777777776,0.7559508736050057,3.0162683486820665,16.383937970881362,0.5728893308221833,5.201539124970876,cs_095806,1b,,True,phases,,0
8.675,8.78446288554067,,channel,equal_average,72,72,0.027777777777777776,0.7559508736050057,3.0162683486820665,6.268379072713793,0.5728893308221833,1.2618200062324951,cs_095806,1b,,True,phases,,0
8.675,8.870090428297008,,channel,liu_weighted_median,72,72,0.027777777777777776,3.0162683486820665,3.0162683486820665,12.846597985217917,0.5728893308221833,2.2488810178329355,cs_095806,1b,,True,phases,,0
8.675,8.626310569898214,,channel,snr_mrc,72,72,0.027777777777777776,0.7559508736050057,3.0162683486820665,13.449642849052472,0.5728893308221833,0.5612614420955229,cs_095806,1b,,True,phases,,0
8.675,8.666500177356049,,channel,quality_mrc,72,72,0.027777777777777776,0.7559508736050057,3.0162683486820665,7.610806987030956,0.5728893308221833,0.09798066448359262,cs_095806,1b,,True,phases,,0
8.675,9.445660405989578,,channel,best_tone,72,72,0.06944444444444445,0.7880048617842195,4.618199298013172,27.317334097601005,0.4893129287435883,8.883693440802045,cs_095806,1b,,True,local_amplitudes,,1
8.675,9.08831173256134,,channel,equal_average,72,72,0.06944444444444445,0.7880048617842195,4.618199298013172,18.474635407610904,0.4893129287435883,4.764400375346856,cs_095806,1b,,True,local_amplitudes,,1
8.675,9.06988196416149,,channel,liu_weighted_median,72,72,0.06944444444444445,4.618199298013172,4.618199298013172,14.511820354352412,0.4893129287435883,4.551953477365879,cs_095806,1b,,True,local_amplitudes,,1
8.675,8.693489789667494,,channel,snr_mrc,72,72,0.06944444444444445,0.7880048617842195,4.618199298013172,48.09142643957389,0.4893129287435883,0.21313878579242565,cs_095806,1b,,True,local_amplitudes,,1
8.675,9.058556195628478,,channel,quality_mrc,72,72,0.06944444444444445,0.7880048617842195,4.618199298013172,18.666741315161303,0.4893129287435883,4.4213970677634284,cs_095806,1b,,True,local_amplitudes,,1
8.675,9.437197383700033,,channel,best_tone,72,72,0.08333333333333333,0.7826520246198451,4.161326838801372,14.017465824452541,0.4794089517578591,8.786136987896624,cs_095806,1b,,True,remote_amplitudes,,1
8.675,9.052775540356118,,channel,equal_average,72,72,0.08333333333333333,0.7826520246198451,4.161326838801372,22.677335651412193,0.4794089517578591,4.354761272116622,cs_095806,1b,,True,remote_amplitudes,,1
8.675,9.069583185250552,,channel,liu_weighted_median,72,72,0.08333333333333333,4.161326838801372,4.161326838801372,13.028569877586257,0.4794089517578591,4.548509340063997,cs_095806,1b,,True,remote_amplitudes,,1
8.675,8.665867707363123,,channel,snr_mrc,72,72,0.08333333333333333,0.7826520246198451,4.161326838801372,65.06176640266081,0.4794089517578591,0.10527138486314162,cs_095806,1b,,True,remote_amplitudes,,1
8.675,9.026717184507318,,channel,quality_mrc,72,72,0.08333333333333333,0.7826520246198451,4.161326838801372,23.21534060783291,0.4794089517578591,4.054376766654948,cs_095806,1b,,True,remote_amplitudes,,1
8.675,8.212591624387127,,channel,best_tone,72,72,0.041666666666666664,0.7751585113077583,3.347693668734686,18.066079700461557,0.5565264890689269,5.33035591484581,cs_095806,1b,,True,phases,,1
8.675,8.735935023117067,,channel,equal_average,72,72,0.041666666666666664,0.694546725946289,3.347693668734686,4.316026431645932,0.5565264890689269,0.7024210157586884,cs_095806,1b,,True,phases,,1
8.675,8.955406930969966,,channel,liu_weighted_median,72,72,0.041666666666666664,3.347693668734686,3.347693668734686,12.90839673384251,0.5565264890689269,3.2323565529678993,cs_095806,1b,,True,phases,,1
8.675,8.60649408290678,,channel,snr_mrc,72,72,0.041666666666666664,0.7751585113077583,3.347693668734686,12.142104134496178,0.5565264890689269,0.789693568797936,cs_095806,1b,,True,phases,,1
8.675,8.645269731233729,,channel,quality_mrc,72,72,0.041666666666666664,0.7428355287080294,3.347693668734686,5.28028898967109,0.5565264890689269,0.3427120318878635,cs_095806,1b,,True,phases,,1
8.675,9.675432012020254,,channel,best_tone,72,72,0.06944444444444445,0.7890729083659733,4.8479788075989365,8.685561808364513,0.49130524254965685,11.532357487265166,cs_095806,1b,,True,local_amplitudes,,2
8.675,9.121630971442535,,channel,equal_average,72,72,0.06944444444444445,0.7890729083659733,4.8479788075989365,24.986046251325156,0.49130524254965685,5.148483820663219,cs_095806,1b,,True,local_amplitudes,,2
8.675,9.110684282542934,,channel,liu_weighted_median,72,72,0.06944444444444445,4.8479788075989365,4.8479788075989365,15.748117811034035,0.49130524254965685,5.022297205105858,cs_095806,1b,,True,local_amplitudes,,2
8.675,8.75035883309266,,channel,snr_mrc,72,72,0.06944444444444445,0.7890729083659733,4.8479788075989365,59.06420630070126,0.49130524254965685,0.8686897186473699,cs_095806,1b,,True,local_amplitudes,,2
8.675,9.092778690927535,,channel,quality_mrc,72,72,0.06944444444444445,0.7890729083659733,4.8479788075989365,24.973755428750408,0.49130524254965685,4.815892690807309,cs_095806,1b,,True,local_amplitudes,,2
8.675,9.632701542910931,,channel,best_tone,72,72,0.08333333333333333,0.7854344300909871,4.288599944690331,8.499750282634354,0.4845401895889117,11.039787238166346,cs_095806,1b,,True,remote_amplitudes,,2
8.675,9.097057506913995,,channel,equal_average,72,72,0.08333333333333333,0.7854344300909871,4.288599944690331,29.19132829572269,0.4845401895889117,4.865216218028749,cs_095806,1b,,True,remote_amplitudes,,2
8.675,9.134279986562342,,channel,liu_weighted_median,72,72,0.08333333333333333,4.288599944690331,4.288599944690331,12.01172347820398,0.4845401895889117,5.294293793225839,cs_095806,1b,,True,remote_amplitudes,,2
8.675,8.77060953942384,,channel,snr_mrc,72,72,0.08333333333333333,0.7854344300909871,4.288599944690331,58.588974303992444,0.4845401895889117,1.1021272556062078,cs_095806,1b,,True,remote_amplitudes,,2
8.675,9.069080488388785,,channel,quality_mrc,72,72,0.08333333333333333,0.7854344300909871,4.288599944690331,29.351004409615634,0.4845401895889117,4.542714563559472,cs_095806,1b,,True,remote_amplitudes,,2
8.675,8.17182596286585,,channel,best_tone,72,72,0.041666666666666664,0.7818098130583976,3.551625016743276,22.91494045297039,0.538190759396565,5.8002770851199,cs_095806,1b,,True,phases,,2
8.675,8.535335345518178,,channel,equal_average,72,72,0.041666666666666664,0.6579136630817719,3.551625016743276,3.5756468203039034,0.538190759396565,1.6099671986377313,cs_095806,1b,,True,phases,,2
8.675,9.065287783371614,,channel,liu_weighted_median,72,72,0.041666666666666664,3.551625016743276,3.551625016743276,13.217291619679289,0.538190759396565,4.4989946209984275,cs_095806,1b,,True,phases,,2
8.675,8.41938692876268,,channel,snr_mrc,72,72,0.041666666666666664,0.7818098130583976,3.551625016743276,16.417547304157267,0.538190759396565,2.9465483716117618,cs_095806,1b,,True,phases,,2
8.675,8.537360934334808,,channel,quality_mrc,72,72,0.041666666666666664,0.7105742636661836,3.551625016743276,4.504808353417676,0.538190759396565,1.5866174716448695,cs_095806,1b,,True,phases,,2
8.675,9.901502453583658,,channel,best_tone,72,72,0.06944444444444445,0.789091316089781,4.588823523054423,7.858888438783995,0.4913396272893657,14.138356813644467,cs_095806,1b,,True,local_amplitudes,,3
8.675,9.16292439990945,,channel,equal_average,72,72,0.06944444444444445,0.789091316089781,4.588823523054423,28.93950694043903,0.4913396272893657,5.624488759763102,cs_095806,1b,,True,local_amplitudes,,3
8.675,9.193173256159133,,channel,liu_weighted_median,72,72,0.06944444444444445,4.588823523054423,4.588823523054423,17.34232243042744,0.4913396272893657,5.973178745350226,cs_095806,1b,,True,local_amplitudes,,3
8.675,8.731794781394528,,channel,snr_mrc,72,72,0.06944444444444445,0.789091316089781,4.588823523054423,71.15550883761546,0.4913396272893657,0.6546948863922508,cs_095806,1b,,True,local_amplitudes,,3
8.675,9.122498560076501,,channel,quality_mrc,72,72,0.06944444444444445,0.789091316089781,4.588823523054423,30.21577558763397,0.4913396272893657,5.158484842380406,cs_095806,1b,,True,local_amplitudes,,3
8.675,9.8483824444535,,channel,best_tone,72,72,0.08333333333333333,0.7863236888865175,4.071843549341982,7.548465917823182,0.4861878241906652,13.526022414449566,cs_095806,1b,,True,remote_amplitudes,,3
8.675,9.157627970578467,,channel,equal_average,72,72,0.08333333333333333,0.7863236888865175,4.071843549341982,29.522624267453573,0.4861878241906652,5.563434819348315,cs_095806,1b,,True,remote_amplitudes,,3
8.675,9.194351283619344,,channel,liu_weighted_median,72,72,0.08333333333333333,4.071843549341982,4.071843549341982,12.236116041568645,0.4861878241906652,5.98675831261491,cs_095806,1b,,True,remote_amplitudes,,3
8.675,8.824704085468301,,channel,snr_mrc,72,72,0.08333333333333333,0.7863236888865175,4.071843549341982,60.57078493008961,0.4861878241906652,1.7256955097210456,cs_095806,1b,,True,remote_amplitudes,,3
8.675,9.118473257013838,,channel,quality_mrc,72,72,0.08333333333333333,0.7863236888865175,4.071843549341982,30.44436758723686,0.4861878241906652,5.112083654338177,cs_095806,1b,,True,remote_amplitudes,,3
8.675,8.096393416939584,,channel,best_tone,72,72,0.027777777777777776,0.7697054593194959,3.5236440811926673,32.151547528169786,0.5176564833012164,6.669816519428433,cs_095806,1b,,True,phases,,3
8.675,8.07568027373218,,channel,equal_average,72,72,0.027777777777777776,0.6503377377616187,3.5236440811926673,3.619048618849984,0.5176564833012164,6.908584740839428,cs_095806,1b,,True,phases,,3
8.675,9.175794901668102,,channel,liu_weighted_median,72,72,0.027777777777777776,3.5236440811926673,3.5236440811926673,14.041416200970238,0.5176564833012164,5.772851892427678,cs_095806,1b,,True,phases,,3
8.675,8.166361760572915,,channel,snr_mrc,72,72,0.027777777777777776,0.7697054593194959,3.5236440811926673,25.589590791559715,0.5176564833012164,5.863265007805022,cs_095806,1b,,True,phases,,3
8.675,8.260836051329814,,channel,quality_mrc,72,72,0.027777777777777776,0.7230275406905123,3.5236440811926673,4.973270372491006,0.5176564833012164,4.77422419216353,cs_095806,1b,,True,phases,,3
8.675,9.592230878278082,,channel,best_tone,72,72,0.05555555555555555,0.7983827665431799,4.575920978832499,10.167026325712078,0.50890118459936,10.573266608392867,cs_095806,1b,,True,local_amplitudes,,4
8.675,9.224446278028802,,channel,equal_average,72,72,0.05555555555555555,0.7983827665431799,4.575920978832499,22.01978518341969,0.50890118459936,6.33367467468359,cs_095806,1b,,True,local_amplitudes,,4
8.675,9.208637645559584,,channel,liu_weighted_median,72,72,0.05555555555555555,4.575920978832499,4.575920978832499,18.29486399179807,0.50890118459936,6.15144260011047,cs_095806,1b,,True,local_amplitudes,,4
8.675,8.743298155451889,,channel,snr_mrc,72,72,0.05555555555555555,0.7983827665431799,4.575920978832499,82.16746178301071,0.50890118459936,0.7872986219237834,cs_095806,1b,,True,local_amplitudes,,4
8.675,9.17326681984187,,channel,quality_mrc,72,72,0.05555555555555555,0.7983827665431799,4.575920978832499,24.452927451246353,0.50890118459936,5.743709738811181,cs_095806,1b,,True,local_amplitudes,,4
8.675,9.6401456899858,,channel,best_tone,72,72,0.08333333333333333,0.7858337061729932,4.0186772764149055,8.669961148240475,0.48527951421971405,11.12559873182478,cs_095806,1b,,True,remote_amplitudes,,4
8.675,9.24738452710973,,channel,equal_average,72,72,0.08333333333333333,0.7858337061729932,4.0186772764149055,20.38213084110541,0.48527951421971405,6.5980925315242605,cs_095806,1b,,True,remote_amplitudes,,4
8.675,9.223903489901442,,channel,liu_weighted_median,72,72,0.08333333333333333,4.0186772764149055,4.0186772764149055,12.363937571372082,0.48527951421971405,6.327417751025259,cs_095806,1b,,True,remote_amplitudes,,4
8.675,8.922137688527597,,channel,snr_mrc,72,72,0.08333333333333333,0.7858337061729932,4.0186772764149055,60.82704062025916,0.48527951421971405,2.8488494354766134,cs_095806,1b,,True,remote_amplitudes,,4
8.675,9.197639888715381,,channel,quality_mrc,72,72,0.08333333333333333,0.7858337061729932,4.0186772764149055,22.101839595500156,0.48527951421971405,6.024667305076429,cs_095806,1b,,True,remote_amplitudes,,4
8.675,8.016409283708828,,channel,best_tone,72,72,0.0,0.751766623572649,3.40272494410117,46.808572468216596,0.49943878735995834,7.591823818918413,cs_095806,1b,,True,phases,,4
8.675,7.196515490028871,,channel,equal_average,72,72,0.0,0.6516690775826359,3.40272494410117,3.9082602062576832,0.49943878735995834,17.043049106295445,cs_095806,1b,,True,phases,,4
8.675,9.037989800390898,,channel,liu_weighted_median,72,72,0.0,3.40272494410117,3.40272494410117,14.840645252250347,0.49943878735995834,4.184320465601122,cs_095806,1b,,True,phases,,4
8.675,7.78457957900427,,channel,snr_mrc,72,72,0.0,0.751766623572649,3.40272494410117,28.457666138364253,0.49943878735995834,10.264212345772108,cs_095806,1b,,True,phases,,4
8.675,7.560313952143526,,channel,quality_mrc,72,72,0.0,0.751766623572649,3.40272494410117,6.236055085456907,0.49943878735995834,12.84940689171729,cs_095806,1b,,True,phases,,4
8.675,10.200329496514609,,channel,best_tone,72,72,0.05555555555555555,0.7979238548719697,4.468932856593434,8.423638190247118,0.5080241373143408,17.583048951177037,cs_095806,1b,,True,local_amplitudes,,5
8.675,9.246053339303295,,channel,equal_average,72,72,0.05555555555555555,0.7979238548719697,4.468932856593434,14.581102647738467,0.5080241373143408,6.582747427127307,cs_095806,1b,,True,local_amplitudes,,5
8.675,9.199861219843543,,channel,liu_weighted_median,72,72,0.05555555555555555,4.468932856593434,4.468932856593434,17.48290359651399,0.5080241373143408,6.050273427591262,cs_095806,1b,,True,local_amplitudes,,5
8.675,8.712543416930632,,channel,snr_mrc,72,72,0.05555555555555555,0.7979238548719697,4.468932856593434,56.00020068880474,0.5080241373143408,0.4327771404107398,cs_095806,1b,,True,local_amplitudes,,5
8.675,9.193941947881278,,channel,quality_mrc,72,72,0.05555555555555555,0.7979238548719697,4.468932856593434,16.11498831801462,0.5080241373143408,5.982039745029133,cs_095806,1b,,True,local_amplitudes,,5
8.675,10.123670090372338,,channel,best_tone,72,72,0.08333333333333333,0.7866257866063315,4.0745892460404765,8.975677194035631,0.4867484050460171,16.699367035992356,cs_095806,1b,,True,remote_amplitudes,,5
8.675,9.30038760069604,,channel,equal_average,72,72,0.08333333333333333,0.7866257866063315,4.0745892460404765,13.235274806237273,0.4867484050460171,7.209078970559522,cs_095806,1b,,True,remote_amplitudes,,5
8.675,9.208032143376796,,channel,liu_weighted_median,72,72,0.08333333333333333,4.0745892460404765,4.0745892460404765,12.332674325399415,0.4867484050460171,6.144462747859311,cs_095806,1b,,True,remote_amplitudes,,5
8.675,8.92648181924032,,channel,snr_mrc,72,72,0.08333333333333333,0.7866257866063315,4.0745892460404765,36.931259263927615,0.4867484050460171,2.8989258702054186,cs_095806,1b,,True,remote_amplitudes,,5
8.675,9.251056043090806,,channel,quality_mrc,72,72,0.08333333333333333,0.7866257866063315,4.0745892460404765,14.233442252190425,0.4867484050460171,6.640415482314756,cs_095806,1b,,True,remote_amplitudes,,5
8.675,7.948980050776421,,channel,best_tone,72,72,0.0,0.743455117001318,3.3649434610898075,66.94215914648896,0.4884796599989911,8.369106042923107,cs_095806,1b,,True,phases,,5
8.675,6.540662151880696,,channel,equal_average,72,72,0.0,0.6246900133920608,3.3649434610898075,3.5594317912032154,0.4884796599989911,24.603318133940114,cs_095806,1b,,True,phases,,5
8.675,9.168021885278373,,channel,liu_weighted_median,72,72,0.0,3.3649434610898075,3.3649434610898075,15.990839048476353,0.4884796599989911,5.68324939802158,cs_095806,1b,,True,phases,,5
8.675,7.682186976791173,,channel,snr_mrc,72,72,0.0,0.743455117001318,3.3649434610898075,37.193675974111734,0.4884796599989911,11.444530526902911,cs_095806,1b,,True,phases,,5
8.675,6.7610818196890285,,channel,quality_mrc,72,72,0.0,0.6917527113927803,3.3649434610898075,4.833253741537374,0.4884796599989911,22.06245740992475,cs_095806,1b,,True,phases,,5
8.675,10.204828198723606,,channel,best_tone,72,72,0.06944444444444445,0.785652460811911,4.32719925994161,9.097706654213116,0.4849438158052371,17.63490718989746,cs_095806,1b,,True,local_amplitudes,,6
8.675,9.27885210688152,,channel,equal_average,72,72,0.06944444444444445,0.785652460811911,4.32719925994161,11.27321911447789,0.4849438158052371,6.96083120324517,cs_095806,1b,,True,local_amplitudes,,6
8.675,9.203048879085134,,channel,liu_weighted_median,72,72,0.06944444444444445,4.32719925994161,4.32719925994161,17.10348674008999,0.4849438158052371,6.08701877907935,cs_095806,1b,,True,local_amplitudes,,6
8.675,8.593074517811791,,channel,snr_mrc,72,72,0.06944444444444445,0.785652460811911,4.32719925994161,43.4994355142019,0.4849438158052371,0.9443859618237392,cs_095806,1b,,True,local_amplitudes,,6
8.675,9.209106572443016,,channel,quality_mrc,72,72,0.06944444444444445,0.785652460811911,4.32719925994161,12.595515947997407,0.4849438158052371,6.156848097325822,cs_095806,1b,,True,local_amplitudes,,6
8.675,10.125714034423924,,channel,best_tone,72,72,0.08333333333333333,0.7781816277190984,3.94167832373436,11.006669650710164,0.4782133896837773,16.722928350708045,cs_095806,1b,,True,remote_amplitudes,,6
8.675,9.365303808675911,,channel,equal_average,72,72,0.08333333333333333,0.7781816277190984,3.94167832373436,10.146811407484314,0.4782133896837773,7.9573926072151036,cs_095806,1b,,True,remote_amplitudes,,6
8.675,9.22726800040298,,channel,liu_weighted_median,72,72,0.08333333333333333,3.94167832373436,3.94167832373436,13.178395616475731,0.4782133896837773,6.3662017337519154,cs_095806,1b,,True,remote_amplitudes,,6
8.675,8.863410020546732,,channel,snr_mrc,72,72,0.08333333333333333,0.7781816277190984,3.94167832373436,26.343063471274373,0.4782133896837773,2.171873435697194,cs_095806,1b,,True,remote_amplitudes,,6
8.675,9.294992964302239,,channel,quality_mrc,72,72,0.08333333333333333,0.7781816277190984,3.94167832373436,11.150752881594192,0.4782133896837773,7.146892960256344,cs_095806,1b,,True,remote_amplitudes,,6
8.675,7.915826041573506,,channel,best_tone,72,72,0.0,0.7307666140051982,3.230177323313386,72.37113039371697,0.4832476167807909,8.751284823360175,cs_095806,1b,,True,phases,,6
8.675,6.265470297029703,,channel,equal_average,72,72,0.0,0.6741240280754629,3.230177323313386,4.710148268614095,0.4832476167807909,27.775558535680666,cs_095806,1b,,True,phases,,6
8.675,9.28363238982792,,channel,liu_weighted_median,72,72,0.0,3.230177323313386,3.230177323313386,16.372991527923247,0.4832476167807909,7.015935329428465,cs_095806,1b,,True,phases,,6
8.675,7.697179633488159,,channel,snr_mrc,72,72,0.0,0.7307666140051982,3.230177323313386,42.80515942772234,0.4832476167807909,11.271704513104803,cs_095806,1b,,True,phases,,6
8.675,6.265470297029703,,channel,quality_mrc,72,72,0.0,0.6373265960546408,3.230177323313386,3.9801668992470867,0.4832476167807909,27.775558535680666,cs_095806,1b,,True,phases,,6
8.675,10.304929307834767,,channel,best_tone,72,72,0.08333333333333333,0.7796170972639092,4.204913857939433,7.066818768698146,0.4738534689483643,18.78881046495408,cs_095806,1b,,True,local_amplitudes,,7
8.675,9.351027787034466,,channel,equal_average,72,72,0.08333333333333333,0.7796170972639092,4.204913857939433,10.36309856236745,0.4738534689483643,7.79282751624744,cs_095806,1b,,True,local_amplitudes,,7
8.675,9.243544915092116,,channel,liu_weighted_median,72,72,0.08333333333333333,4.204913857939433,4.204913857939433,17.719834903805822,0.4738534689483643,6.553831874260693,cs_095806,1b,,True,local_amplitudes,,7
8.675,8.486424362718271,,channel,snr_mrc,72,72,0.08333333333333333,0.7796170972639092,4.204913857939433,51.688391483051255,0.4738534689483643,2.1737825623254152,cs_095806,1b,,True,local_amplitudes,,7
8.675,9.285310817720239,,channel,quality_mrc,72,72,0.08333333333333333,0.7796170972639092,4.204913857939433,11.136589833953503,0.4738534689483643,7.035283201386032,cs_095806,1b,,True,local_amplitudes,,7
8.675,10.085649142405133,,channel,best_tone,72,72,0.08333333333333333,0.7697862274096814,3.8696696700534625,11.588700358324807,0.4715160798127178,16.26108521504475,cs_095806,1b,,True,remote_amplitudes,,7
8.675,9.462554482755788,,channel,equal_average,72,72,0.08333333333333333,0.7697862274096814,3.8696696700534625,9.116496795369944,0.4715160798127178,9.078437841565272,cs_095806,1b,,True,remote_amplitudes,,7
8.675,9.249545140610701,,channel,liu_weighted_median,72,72,0.08333333333333333,3.8696696700534625,3.8696696700534625,14.666177741653488,0.4715160798127178,6.622998739028247,cs_095806,1b,,True,remote_amplitudes,,7
8.675,8.70993312887651,,channel,snr_mrc,72,72,0.08333333333333333,0.7697862274096814,3.8696696700534625,23.209713541856953,0.4715160798127178,0.4026873645707206,cs_095806,1b,,True,remote_amplitudes,,7
8.675,9.394461501717538,,channel,quality_mrc,72,72,0.08333333333333333,0.7697862274096814,3.8696696700534625,9.772527016535038,0.4715160798127178,8.293504342565274,cs_095806,1b,,True,remote_amplitudes,,7
8.675,7.919341540687567,,channel,best_tone,72,72,0.041666666666666664,0.7415625305304961,3.368729607419779,53.20570087426719,0.48421380951017545,8.71076033789549,cs_095806,1b,,True,phases,,7
8.675,6.265470297029703,,channel,equal_average,72,72,0.041666666666666664,0.6692398408569066,3.368729607419779,4.410149164359604,0.48421380951017545,27.775558535680666,cs_095806,1b,,True,phases,,7
8.675,9.216805316042539,,channel,liu_weighted_median,72,72,0.041666666666666664,3.368729607419779,3.368729607419779,13.586969676089163,0.48421380951017545,6.24559442123963,cs_095806,1b,,True,phases,,7
8.675,7.68432501681809,,channel,snr_mrc,72,72,0.041666666666666664,0.7415625305304961,3.368729607419779,31.02254412312518,0.48421380951017545,11.419884532356313,cs_095806,1b,,True,phases,,7
8.675,6.265470297029703,,channel,quality_mrc,72,72,0.041666666666666664,0.6756351098920771,3.368729607419779,4.537791599862954,0.48421380951017545,27.775558535680666,cs_095806,1b,,True,phases,,7
8.675,9.983888396520182,,channel,best_tone,72,72,0.08333333333333333,0.7828856525417514,4.3561199185026505,9.61117436574232,0.4798384022064706,15.088050680347914,cs_095806,1b,,True,local_amplitudes,,8
8.675,9.350040360025357,,channel,equal_average,72,72,0.08333333333333333,0.7828856525417514,4.3561199185026505,11.201380940873044,0.4798384022064706,7.7814450723384,cs_095806,1b,,True,local_amplitudes,,8
8.675,9.180738177655677,,channel,liu_weighted_median,72,72,0.08333333333333333,4.3561199185026505,4.3561199185026505,18.331381240927765,0.4798384022064706,5.829834900929982,cs_095806,1b,,True,local_amplitudes,,8
8.675,8.391866196012815,,channel,snr_mrc,72,72,0.08333333333333333,0.7828856525417514,4.3561199185026505,78.57590084367364,0.4798384022064706,3.2637902476908995,cs_095806,1b,,True,local_amplitudes,,8
8.675,9.283310719570663,,channel,quality_mrc,72,72,0.08333333333333333,0.7828856525417514,4.3561199185026505,11.442477898831859,0.4798384022064706,7.0122273149355845,cs_095806,1b,,True,local_amplitudes,,8
8.675,10.021820339818724,,channel,best_tone,72,72,0.08333333333333333,0.7760377926522466,3.9890168943006987,10.559159031973378,0.46864364347806875,15.525306510878655,cs_095806,1b,,True,remote_amplitudes,,8
8.675,9.471506847691808,,channel,equal_average,72,72,0.08333333333333333,0.7760377926522466,3.9890168943006987,9.241634700351247,0.46864364347806875,9.181635131894032,cs_095806,1b,,True,remote_amplitudes,,8
8.675,9.14017057344562,,channel,liu_weighted_median,72,72,0.08333333333333333,3.9890168943006987,3.9890168943006987,16.164833141775585,0.46864364347806875,5.362196812053241,cs_095806,1b,,True,remote_amplitudes,,8
8.675,8.513800260751424,,channel,snr_mrc,72,72,0.08333333333333333,0.7760377926522466,3.9890168943006987,31.363436442670938,0.46864364347806875,1.858210250704056,cs_095806,1b,,True,remote_amplitudes,,8
8.675,9.399398773519039,,channel,quality_mrc,72,72,0.08333333333333333,0.7760377926522466,3.9890168943006987,9.665193596806635,0.46864364347806875,8.350418138547989,cs_095806,1b,,True,remote_amplitudes,,8
8.675,7.937430828075423,,channel,best_tone,72,72,0.1111111111111111,0.742002248474547,3.4374768665419593,40.787250097515,0.4753744885098262,8.502238293078701,cs_095806,1b,,True,phases,,8
8.675,6.265470297029703,,channel,equal_average,72,72,0.1111111111111111,0.6244220824972729,3.4374768665419593,3.5757763405308833,0.4753744885098262,27.775558535680666,cs_095806,1b,,True,phases,,8
8.675,9.274853028596338,,channel,liu_weighted_median,72,72,0.1111111111111111,3.4374768665419593,3.4374768665419593,11.613787247971736,0.4753744885098262,6.914732318113398,cs_095806,1b,,True,phases,,8
8.675,7.747628031819361,,channel,snr_mrc,72,72,0.1111111111111111,0.742002248474547,3.4374768665419593,23.89108068492758,0.4753744885098262,10.690166780180283,cs_095806,1b,,True,phases,,8
8.675,6.265470297029703,,channel,quality_mrc,72,72,0.1111111111111111,0.6310807376472609,3.4374768665419593,3.6913936424614398,0.4753744885098262,27.775558535680666,cs_095806,1b,,True,phases,,8
8.675,9.976642409980577,,channel,best_tone,72,72,0.08333333333333333,0.7861567522047568,4.580258593834738,9.18172226955439,0.4858782365986235,15.004523457989357,cs_095806,1b,,True,local_amplitudes,,9
8.675,9.33631943178996,,channel,equal_average,72,72,0.08333333333333333,0.7861567522047568,4.580258593834738,13.229458517119694,0.4858782365986235,7.6232787526220065,cs_095806,1b,,True,local_amplitudes,,9
8.675,9.108006542436842,,channel,liu_weighted_median,72,72,0.08333333333333333,4.580258593834738,4.580258593834738,18.731562352528417,0.4858782365986235,4.991429883998167,cs_095806,1b,,True,local_amplitudes,,9
8.675,8.239311557679878,,channel,snr_mrc,72,72,0.08333333333333333,0.7861567522047568,4.580258593834738,93.6851574934129,0.4858782365986235,5.022345156427925,cs_095806,1b,,True,local_amplitudes,,9
8.675,9.259003926207024,,channel,quality_mrc,72,72,0.08333333333333333,0.7861567522047568,4.580258593834738,12.821992054774615,0.4858782365986235,6.732033731493062,cs_095806,1b,,True,local_amplitudes,,9
8.675,9.96503777236078,,channel,best_tone,72,72,0.06944444444444445,0.7842093618120064,4.134301230186119,8.675420176720882,0.48227646358515136,14.870752419144434,cs_095806,1b,,True,remote_amplitudes,,9
8.675,9.453415566322144,,channel,equal_average,72,72,0.06944444444444445,0.7842093618120064,4.134301230186119,9.976425118552386,0.48227646358515136,8.973090101696181,cs_095806,1b,,True,remote_amplitudes,,9
8.675,9.045988339076736,,channel,liu_weighted_median,72,72,0.06944444444444445,4.134301230186119,4.134301230186119,17.84660292300678,0.48227646358515136,4.276522640654008,cs_095806,1b,,True,remote_amplitudes,,9
8.675,8.386262211104667,,channel,snr_mrc,72,72,0.06944444444444445,0.7842093618120064,4.134301230186119,61.66495105914028,0.48227646358515136,3.328389497352555,cs_095806,1b,,True,remote_amplitudes,,9
8.675,9.372924861661298,,channel,quality_mrc,72,72,0.06944444444444445,0.7842093618120064,4.134301230186119,10.346500329377244,0.48227646358515136,8.045243362089884,cs_095806,1b,,True,remote_amplitudes,,9
8.675,7.954261858648523,,channel,best_tone,72,72,0.125,0.749626869820393,3.5015384530448763,35.99647079302345,0.48121208626222794,8.30822064958476,cs_095806,1b,,True,phases,,9
8.675,6.631081334921659,,channel,equal_average,72,72,0.125,0.5680461097117856,3.5015384530448763,2.6107578031778824,0.48121208626222794,23.561022075831023,cs_095806,1b,,True,phases,,9
8.675,9.050691437840124,,channel,liu_weighted_median,72,72,0.125,3.5015384530448763,3.5015384530448763,11.177428169041416,0.48121208626222794,4.330737035621015,cs_095806,1b,,True,phases,,9
8.675,7.822545460480746,,channel,snr_mrc,72,72,0.125,0.749626869820393,3.5015384530448763,23.882317302888545,0.48121208626222794,9.826565297051928,cs_095806,1b,,True,phases,,9
8.675,6.516595162459113,,channel,quality_mrc,72,72,0.125,0.5649665212990607,3.5015384530448763,2.568525931660481,0.48121208626222794,24.88074740681138,cs_095806,1b,,True,phases,,9
8.675,9.906430101764762,,channel,best_tone,72,72,0.08333333333333333,0.7877275344639013,4.769523050123793,8.242708785768432,0.4887964899580951,14.195159674521745,cs_095806,1b,,True,local_amplitudes,,10
8.675,9.341421913527265,,channel,equal_average,72,72,0.08333333333333333,0.7877275344639013,4.769523050123793,13.068509897161167,0.4887964899580951,7.682096985905062,cs_095806,1b,,True,local_amplitudes,,10
8.675,8.946967735242223,,channel,liu_weighted_median,72,72,0.08333333333333333,4.769523050123793,4.769523050123793,18.02487993806396,0.4887964899580951,3.13507475783542,cs_095806,1b,,True,local_amplitudes,,10
8.675,8.122883485164687,,channel,snr_mrc,72,72,0.08333333333333333,0.7877275344639013,4.769523050123793,93.95112014166352,0.4887964899580951,6.364455502424366,cs_095806,1b,,True,local_amplitudes,,10
8.675,9.252715540729604,,channel,quality_mrc,72,72,0.08333333333333333,0.7877275344639013,4.769523050123793,12.615890048972778,0.4887964899580951,6.659545138093403,cs_095806,1b,,True,local_amplitudes,,10
8.675,9.915466085621231,,channel,best_tone,72,72,0.06944444444444445,0.7858169902908445,4.250637644608872,6.961607911308624,0.48524854697096514,14.299320871714471,cs_095806,1b,,True,remote_amplitudes,,10
8.675,9.424412132790067,,channel,equal_average,72,72,0.06944444444444445,0.7858169902908445,4.250637644608872,9.696494559614383,0.48524854697096514,8.638756573948893,cs_095806,1b,,True,remote_amplitudes,,10
8.675,9.011785264946,,channel,liu_weighted_median,72,72,0.06944444444444445,4.250637644608872,4.250637644608872,20.097279729112877,0.48524854697096514,3.882250892749281,cs_095806,1b,,True,remote_amplitudes,,10
8.675,8.25229150725546,,channel,snr_mrc,72,72,0.06944444444444445,0.7858169902908445,4.250637644608872,95.7517477931936,0.48524854697096514,4.872720377458678,cs_095806,1b,,True,remote_amplitudes,,10
8.675,9.334721508127636,,channel,quality_mrc,72,72,0.06944444444444445,0.7858169902908445,4.250637644608872,10.145068683329464,0.48524854697096514,7.604858883315681,cs_095806,1b,,True,remote_amplitudes,,10
8.675,7.96752254239032,,channel,best_tone,72,72,0.16666666666666666,0.7353829128666057,3.3460679278878547,34.559578152733366,0.4754072950573362,8.155359741898337,cs_095806,1b,,True,phases,,10
8.675,7.240101466134214,,channel,equal_average,72,72,0.16666666666666666,0.6202931270751868,3.3460679278878547,3.6008211787282534,0.4754072950573362,16.54061710508111,cs_095806,1b,,True,phases,,10
8.675,8.908926020848488,,channel,liu_weighted_median,72,72,0.16666666666666666,3.3460679278878547,3.3460679278878547,11.017718414368469,0.4754072950573362,2.6965535544494252,cs_095806,1b,,True,phases,,10
8.675,7.750102224979595,,channel,snr_mrc,72,72,0.16666666666666666,0.7353829128666057,3.3460679278878547,22.715778478201607,0.4754072950573362,10.661645821560873,cs_095806,1b,,True,phases,,10
8.675,7.183410834285895,,channel,quality_mrc,72,72,0.16666666666666666,0.5799512417014856,3.3460679278878547,2.9429649831472102,0.4754072950573362,17.19411142033551,cs_095806,1b,,True,phases,,10
8.675,9.826255329949026,,channel,best_tone,72,72,0.08333333333333333,0.7883302972766665,4.794610632292422,7.957895477262788,0.4899194182766432,13.270954812092512,cs_095806,1b,,True,local_amplitudes,,11
8.675,9.246345831085538,,channel,equal_average,72,72,0.08333333333333333,0.7883302972766665,4.794610632292422,9.51726560825471,0.4899194182766432,6.586119090323196,cs_095806,1b,,True,local_amplitudes,,11
8.675,8.794595370375957,,channel,liu_weighted_median,72,72,0.08333333333333333,4.794610632292422,4.794610632292422,18.128215024780502,0.4899194182766432,1.3786209841608763,cs_095806,1b,,True,local_amplitudes,,11
8.675,8.079427161804965,,channel,snr_mrc,72,72,0.08333333333333333,0.7883302972766665,4.794610632292422,59.97148618508411,0.4899194182766432,6.865392947493208,cs_095806,1b,,True,local_amplitudes,,11
8.675,9.109407685696532,,channel,quality_mrc,72,72,0.08333333333333333,0.7883302972766665,4.794610632292422,9.312424573439968,0.4899194182766432,5.007581391314477,cs_095806,1b,,True,local_amplitudes,,11
8.675,8.846953327506705,,channel,best_tone,72,72,0.05555555555555555,0.8010371765696751,4.24325405351746,25.28095836136127,0.5139939618945856,1.9821709222674888,cs_095806,1b,,True,remote_amplitudes,,11
8.675,9.279526878901638,,channel,equal_average,72,72,0.05555555555555555,0.8010371765696751,4.24325405351746,8.237637331000503,0.5139939618945856,6.968609555062104,cs_095806,1b,,True,remote_amplitudes,,11
8.675,8.86974853891989,,channel,liu_weighted_median,72,72,0.05555555555555555,4.24325405351746,4.24325405351746,20.413561018439573,0.5139939618945856,2.2449399299122637,cs_095806,1b,,True,remote_amplitudes,,11
8.675,8.11203637567083,,channel,snr_mrc,72,72,0.05555555555555555,0.8010371765696751,4.24325405351746,124.77454957949408,0.5139939618945856,6.4894942285783435,cs_095806,1b,,True,remote_amplitudes,,11
8.675,9.170359027607912,,channel,quality_mrc,72,72,0.05555555555555555,0.8010371765696751,4.24325405351746,8.680379447816334,0.5139939618945856,5.710190519975921,cs_095806,1b,,True,remote_amplitudes,,11
8.675,7.979561699178504,,channel,best_tone,72,72,0.1527777777777778,0.7360692199011336,3.3323439832525064,29.528915374899324,0.47870298746490997,8.01657983655904,cs_095806,1b,,True,phases,,11
8.675,7.777234599605832,,channel,equal_average,72,72,0.1527777777777778,0.7360692199011336,3.3323439832525064,6.2597191325581765,0.47870298746490997,10.348880696186386,cs_095806,1b,,True,phases,,11
8.675,8.79106645718359,,channel,liu_weighted_median,72,72,0.1527777777777778,3.3323439832525064,3.3323439832525064,10.719690218694726,0.47870298746490997,1.3379418695514556,cs_095806,1b,,True,phases,,11
8.675,7.779478737843312,,channel,snr_mrc,72,72,0.1527777777777778,0.7360692199011336,3.3323439832525064,12.203072071458534,0.47870298746490997,10.323011667512262,cs_095806,1b,,True,phases,,11
8.675,7.912095073826037,,channel,quality_mrc,72,72,0.1527777777777778,0.729436568007381,3.3323439832525064,5.839260805495334,0.47870298746490997,8.794293097106213,cs_095806,1b,,True,phases,,11
8.675,9.495397850008692,,channel,best_tone,72,72,0.06944444444444445,0.8004212233733243,4.742467535752419,7.5852081634237,0.5128091747819453,9.457035734970498,cs_095806,1b,,True,local_amplitudes,,12
8.675,9.116408886511746,,channel,equal_average,72,72,0.06944444444444445,0.8004212233733243,4.742467535752419,6.051341084730132,0.5128091747819453,5.088286876216079,cs_095806,1b,,True,local_amplitudes,,12
8.675,8.735797573166927,,channel,liu_weighted_median,72,72,0.06944444444444445,4.742467535752419,4.742467535752419,18.05732770965148,0.5128091747819453,0.7008365782930992,cs_095806,1b,,True,local_amplitudes,,12
8.675,7.933982754184649,,channel,snr_mrc,72,72,0.06944444444444445,0.8004212233733243,4.742467535752419,33.84085562105993,0.5128091747819453,8.541985542540074,cs_095806,1b,,True,local_amplitudes,,12
8.675,8.91716632083324,,channel,quality_mrc,72,72,0.06944444444444445,0.8004212233733243,4.742467535752419,6.190191287996696,0.5128091747819453,2.791542603265015,cs_095806,1b,,True,local_amplitudes,,12
8.675,8.742094845562756,,channel,best_tone,72,72,0.05555555555555555,0.8015825287390755,4.246891814448335,18.586911425421228,0.5150444696961246,0.7734276145562525,cs_095806,1b,,True,remote_amplitudes,,12
8.675,9.112257494738197,,channel,equal_average,72,72,0.05555555555555555,0.8015825287390755,4.246891814448335,6.7856611529140345,0.5150444696961246,5.040432216002259,cs_095806,1b,,True,remote_amplitudes,,12
8.675,8.772829605880112,,channel,liu_weighted_median,72,72,0.05555555555555555,4.246891814448335,4.246891814448335,19.90526134318097,0.5150444696961246,1.127718799770736,cs_095806,1b,,True,remote_amplitudes,,12
8.675,7.9394781782416315,,channel,snr_mrc,72,72,0.05555555555555555,0.8015825287390755,4.246891814448335,121.61403473103825,0.5150444696961246,8.478637714793882,cs_095806,1b,,True,remote_amplitudes,,12
8.675,8.991654685377,,channel,quality_mrc,72,72,0.05555555555555555,0.8015825287390755,4.246891814448335,7.286078828821246,0.5150444696961246,3.650198102328522,cs_095806,1b,,True,remote_amplitudes,,12
8.675,7.988147931771119,,channel,best_tone,72,72,0.125,0.7402321801680489,3.4222773314324044,26.713882390133463,0.4740767693403343,7.917603091975586,cs_095806,1b,,True,phases,,12
8.675,8.165678869102758,,channel,equal_average,72,72,0.125,0.7402321801680489,3.4222773314324044,7.862296171415294,0.4740767693403343,5.871136955587817,cs_095806,1b,,True,phases,,12
8.675,8.748102571152442,,channel,liu_weighted_median,72,72,0.125,3.4222773314324044,3.4222773314324044,11.556669674750733,0.4740767693403343,0.8426809354748281,cs_095806,1b,,True,phases,,12
8.675,8.561777013629014,,channel,snr_mrc,72,72,0.125,0.7402321801680489,3.4222773314324044,13.460662071985896,0.4740767693403343,1.3051641080229053,cs_095806,1b,,True,phases,,12
8.675,8.358298782617858,,channel,quality_mrc,72,72,0.125,0.7402321801680489,3.4222773314324044,7.363184232544498,0.4740767693403343,3.6507344943186473,cs_095806,1b,,True,phases,,12
8.675,9.451635311795368,,channel,best_tone,72,72,0.06944444444444445,0.8011255708454068,4.76240885907357,9.11840349367056,0.5141641380330393,8.952568435681464,cs_095806,1b,,True,local_amplitudes,,13
8.675,8.999742326517618,,channel,equal_average,72,72,0.06944444444444445,0.6914227725103375,4.76240885907357,3.857274142663347,0.5141641380330393,3.7434273950157584,cs_095806,1b,,True,local_amplitudes,,13
8.675,8.688645928256841,,channel,liu_weighted_median,72,72,0.06944444444444445,4.76240885907357,4.76240885907357,17.762534353582737,0.5141641380330393,0.15730176664945975,cs_095806,1b,,True,local_amplitudes,,13
8.675,7.808536866452144,,channel,snr_mrc,72,72,0.06944444444444445,0.8011255708454068,4.76240885907357,27.19037220447947,0.5141641380330393,9.988047648966647,cs_095806,1b,,True,local_amplitudes,,13
8.675,8.648059485307046,,channel,quality_mrc,72,72,0.06944444444444445,0.7076730439211831,4.76240885907357,4.135684761388804,0.5141641380330393,0.3105534834922728,cs_095806,1b,,True,local_amplitudes,,13
8.675,8.614710951420781,,channel,best_tone,72,72,0.05555555555555555,0.8019647692172936,4.214616331345857,15.29407715318637,0.515781629245739,0.6949746233915826,cs_095806,1b,,True,remote_amplitudes,,13
8.675,9.001025296249557,,channel,equal_average,72,72,0.05555555555555555,0.7984832429392742,4.214616331345857,5.922196318126227,0.515781629245739,3.7582166714646226,cs_095806,1b,,True,remote_amplitudes,,13
8.675,8.684763579920363,,channel,liu_weighted_median,72,72,0.05555555555555555,4.214616331345857,4.214616331345857,18.978310104009726,0.515781629245739,0.11254847170446015,cs_095806,1b,,True,remote_amplitudes,,13
8.675,7.758022014708677,,channel,snr_mrc,72,72,0.05555555555555555,0.8019647692172936,4.214616331345857,86.97528888643787,0.515781629245739,10.57035141546194,cs_095806,1b,,True,remote_amplitudes,,13
8.675,8.874664676086761,,channel,quality_mrc,72,72,0.05555555555555555,0.8019647692172936,4.214616331345857,6.778244968424887,0.515781629245739,2.301610098982826,cs_095806,1b,,True,remote_amplitudes,,13
8.675,7.990143003105766,,channel,best_tone,72,72,0.08333333333333333,0.7343417159875315,3.445563888109321,30.592842249457853,0.459720938160359,7.894605151518554,cs_095806,1b,,True,phases,,13
8.675,8.392191800787618,,channel,equal_average,72,72,0.08333333333333333,0.7343417159875315,3.445563888109321,10.675660451446984,0.459720938160359,3.2600368785289073,cs_095806,1b,,True,phases,,13
8.675,8.642702700828924,,channel,liu_weighted_median,72,72,0.08333333333333333,3.445563888109321,3.445563888109321,12.878132847314616,0.459720938160359,0.3723031604735106,cs_095806,1b,,True,phases,,13
8.675,8.84417373159627,,channel,snr_mrc,72,72,0.08333333333333333,0.7343417159875315,3.445563888109321,24.229389966999715,0.459720938160359,1.9501294708503596,cs_095806,1b,,True,phases,,13
8.675,8.540866418221244,,channel,quality_mrc,72,72,0.08333333333333333,0.7343417159875315,3.445563888109321,10.367947897914055,0.459720938160359,1.546208435489994,cs_095806,1b,,True,phases,,13
8.675,9.455505578603294,,channel,best_tone,72,72,0.06944444444444445,0.8030210002530862,4.8297920165868815,11.528281976557913,0.5178222515194986,8.997182462285798,cs_095806,1b,,True,local_amplitudes,,14
8.675,8.506175146950538,,channel,equal_average,72,72,0.06944444444444445,0.6196044229717247,4.8297920165868815,2.7562212037010276,0.5178222515194986,1.9461078161321372,cs_095806,1b,,True,local_amplitudes,,14
8.675,8.726904984600901,,channel,liu_weighted_median,72,72,0.06944444444444445,4.8297920165868815,4.8297920165868815,16.76064114287053,0.5178222515194986,0.5983283527481356,cs_095806,1b,,True,local_amplitudes,,14
8.675,7.832723183816989,,channel,snr_mrc,72,72,0.06944444444444445,0.8030210002530862,4.8297920165868815,44.55792209625757,0.5178222515194986,9.709242837844515,cs_095806,1b,,True,local_amplitudes,,14
8.675,7.930221710262327,,channel,quality_mrc,72,72,0.06944444444444445,0.6474245027039658,4.8297920165868815,3.144401083702163,0.5178222515194986,8.585340515708056,cs_095806,1b,,True,local_amplitudes,,14
8.675,9.582489550619504,,channel,best_tone,72,72,0.05555555555555555,0.8025048588144472,4.268856221935089,6.936602237588609,0.5168244030029683,10.460974646910705,cs_095806,1b,,True,remote_amplitudes,,14
8.675,8.876280749614983,,channel,equal_average,72,72,0.05555555555555555,0.8025048588144472,4.268856221935089,6.465648646951525,0.5168244030029683,2.3202391886453277,cs_095806,1b,,True,remote_amplitudes,,14
8.675,8.64778395966651,,channel,liu_weighted_median,72,72,0.05555555555555555,4.268856221935089,4.268856221935089,17.45673104773398,0.5168244030029683,0.3137295715676133,cs_095806,1b,,True,remote_amplitudes,,14
8.675,7.7786400203045805,,channel,snr_mrc,72,72,0.05555555555555555,0.8025048588144472,4.268856221935089,49.51870670946766,0.5168244030029683,10.332679881215217,cs_095806,1b,,True,remote_amplitudes,,14
8.675,8.708962246651424,,channel,quality_mrc,72,72,0.05555555555555555,0.8025048588144472,4.268856221935089,7.687697320318588,0.5168244030029683,0.39149563863312453,cs_095806,1b,,True,remote_amplitudes,,14
8.675,7.982827315544117,,channel,best_tone,72,72,0.06944444444444445,0.7387498986764763,3.3970344552301963,30.6152215976709,0.47473619266268774,7.978935843871852,cs_095806,1b,,True,phases,,14
8.675,8.533361514096352,,channel,equal_average,72,72,0.06944444444444445,0.7387498986764763,3.3970344552301963,12.981733739846726,0.47473619266268774,1.6327202986011338,cs_095806,1b,,True,phases,,14
8.675,8.720830438946162,,channel,liu_weighted_median,72,72,0.06944444444444445,3.3970344552301963,3.3970344552301963,12.886847990725462,0.47473619266268774,0.5283047717136793,cs_095806,1b,,True,phases,,14
8.675,8.773946500661648,,channel,snr_mrc,72,72,0.06944444444444445,0.7387498986764763,3.3970344552301963,40.02105344260676,0.47473619266268774,1.1405936675694177,cs_095806,1b,,True,phases,,14
8.675,8.668370359808982,,channel,quality_mrc,72,72,0.06944444444444445,0.7387498986764763,3.3970344552301963,12.86084526043862,0.47473619266268774,0.07642236531433587,cs_095806,1b,,True,phases,,14
8.675,9.517835488582513,,channel,best_tone,72,72,0.05555555555555555,0.805274010469049,4.754107186551735,11.035179830980052,0.5221930032461071,9.715682865504464,cs_095806,1b,,True,local_amplitudes,,15
8.675,7.2986840465588045,,channel,equal_average,72,72,0.05555555555555555,0.5960372439110974,4.754107186551735,2.432990400831087,0.5221930032461071,15.865313584336555,cs_095806,1b,,True,local_amplitudes,,15
8.675,8.775986580348915,,channel,liu_weighted_median,72,72,0.05555555555555555,4.754107186551735,4.754107186551735,16.44625294210731,0.5221930032461071,1.164110436298726,cs_095806,1b,,True,local_amplitudes,,15
8.675,7.913407742311389,,channel,snr_mrc,72,72,0.05555555555555555,0.805274010469049,4.754107186551735,90.2872345606653,0.5221930032461071,8.779161471914836,cs_095806,1b,,True,local_amplitudes,,15
8.675,7.117369129802999,,channel,quality_mrc,72,72,0.05555555555555555,0.6542974749606051,4.754107186551735,3.2184438355879768,0.5221930032461071,17.955399080080714,cs_095806,1b,,True,local_amplitudes,,15
8.675,9.524081892037696,,channel,best_tone,72,72,0.06944444444444445,0.7902818233166982,4.176488302273327,9.863832812954398,0.4935668460545162,9.78768751628467,cs_095806,1b,,True,remote_amplitudes,,15
8.675,8.869530474164538,,channel,equal_average,72,72,0.06944444444444445,0.7902818233166982,4.176488302273327,6.749243155584921,0.4935668460545162,2.2424262151531673,cs_095806,1b,,True,remote_amplitudes,,15
8.675,8.721941877390746,,channel,liu_weighted_median,72,72,0.06944444444444445,4.176488302273327,4.176488302273327,16.24355019030848,0.4935668460545162,0.5411167422564298,cs_095806,1b,,True,remote_amplitudes,,15
8.675,7.862197021996163,,channel,snr_mrc,72,72,0.06944444444444445,0.7902818233166982,4.176488302273327,47.9818273084235,0.4935668460545162,9.369486778142218,cs_095806,1b,,True,remote_amplitudes,,15
8.675,8.517850326227155,,channel,quality_mrc,72,72,0.06944444444444445,0.7902818233166982,4.176488302273327,7.959096023899291,0.4935668460545162,1.8115236169780513,cs_095806,1b,,True,remote_amplitudes,,15
8.675,7.967542328944679,,channel,best_tone,72,72,0.06944444444444445,0.7325057024901904,3.364248597290628,28.699741298929407,0.46730985651147944,8.155131654816383,cs_095806,1b,,True,phases,,15
8.675,8.66160947264808,,channel,equal_average,72,72,0.06944444444444445,0.7325057024901904,3.364248597290628,14.249725539335563,0.46730985651147944,0.15435766399909484,cs_095806,1b,,True,phases,,15
8.675,8.86953428648495,,channel,liu_weighted_median,72,72,0.06944444444444445,3.364248597290628,3.364248597290628,11.801171138139235,0.46730985651147944,2.2424701612097824,cs_095806,1b,,True,phases,,15
8.675,8.749763394574893,,channel,snr_mrc,72,72,0.06944444444444445,0.7325057024901904,3.364248597290628,42.68498281870861,0.46730985651147944,0.8618258740621634,cs_095806,1b,,True,phases,,15
8.675,8.778808078641,,channel,quality_mrc,72,72,0.06944444444444445,0.7325057024901904,3.364248597290628,13.565808331691665,0.46730985651147944,1.1966349122881672,cs_095806,1b,,True,phases,,15
8.675,9.6045474657341,,channel,best_tone,72,72,0.05555555555555555,0.806649049191649,4.541576980120644,11.540628264442859,0.5248725720543599,10.715244561776363,cs_095806,1b,,True,local_amplitudes,,16
8.675,6.512836460016707,,channel,equal_average,72,72,0.05555555555555555,0.6486373006840165,4.541576980120644,3.1196303064961306,0.5248725720543599,24.924075388856416,cs_095806,1b,,True,local_amplitudes,,16
8.675,8.772031404419973,,channel,liu_weighted_median,72,72,0.05555555555555555,4.541576980120644,4.541576980120644,16.414693242063308,0.5248725720543599,1.118517630201412,cs_095806,1b,,True,local_amplitudes,,16
8.675,7.91431030739378,,channel,snr_mrc,72,72,0.05555555555555555,0.806649049191649,4.541576980120644,126.81393500531982,0.5248725720543599,8.768757263472281,cs_095806,1b,,True,local_amplitudes,,16
8.675,6.532152802532157,,channel,quality_mrc,72,72,0.05555555555555555,0.7210200950325315,4.541576980120644,4.284888033743376,0.5248725720543599,24.70140861634402,cs_095806,1b,,True,local_amplitudes,,16
8.675,9.479155422730441,,channel,best_tone,72,72,0.06944444444444445,0.7964516105002476,3.9443540472838228,14.827644728502385,0.5123447438946803,9.26980314386675,cs_095806,1b,,True,remote_amplitudes,,16
8.675,9.488014453227677,,channel,equal_average,72,72,0.06944444444444445,0.6874396572278815,3.9443540472838228,3.858129605455735,0.5123447438946803,9.37192453288388,cs_095806,1b,,True,remote_amplitudes,,16
8.675,8.85000791741831,,channel,liu_weighted_median,72,72,0.06944444444444445,3.9443540472838228,3.9443540472838228,15.123998125860156,0.5123447438946803,2.0173823333522676,cs_095806,1b,,True,remote_amplitudes,,16
8.675,7.820073665257993,,channel,snr_mrc,72,72,0.06944444444444445,0.7964516105002476,3.9443540472838228,58.01572124960297,0.5123447438946803,9.855058613740718,cs_095806,1b,,True,remote_amplitudes,,16
8.675,7.523647542762657,,channel,quality_mrc,72,72,0.06944444444444445,0.7247288218573393,3.9443540472838228,4.520637315544739,0.5123447438946803,13.272074435012613,cs_095806,1b,,True,remote_amplitudes,,16
8.675,7.948607209037613,,channel,best_tone,72,72,0.08333333333333333,0.7243319807883419,3.300238896845976,31.515476331241977,0.460603882784611,8.373403930402164,cs_095806,1b,,True,phases,,16
8.675,8.755712076974095,,channel,equal_average,72,72,0.08333333333333333,0.7243319807883419,3.300238896845976,10.013173117165811,0.460603882784611,0.9303985818339454,cs_095806,1b,,True,phases,,16
8.675,8.803816863839467,,channel,liu_weighted_median,72,72,0.08333333333333333,3.300238896845976,3.300238896845976,11.04775653724868,0.460603882784611,1.4849206206278525,cs_095806,1b,,True,phases,,16
8.675,8.64786652114509,,channel,snr_mrc,72,72,0.08333333333333333,0.7243319807883419,3.300238896845976,19.31686039176603,0.460603882784611,0.3127778542352791,cs_095806,1b,,True,phases,,16
8.675,8.856673962583173,,channel,quality_mrc,72,72,0.08333333333333333,0.7243319807883419,3.300238896845976,8.991101098988025,0.460603882784611,2.0942243525437725,cs_095806,1b,,True,phases,,16
8.675,9.715347913299741,,channel,best_tone,72,72,0.05555555555555555,0.8068525111253929,4.329522654683297,14.13675586236485,0.5252698397149559,11.992483150429283,cs_095806,1b,,True,local_amplitudes,,17
8.675,6.265470297029703,,channel,equal_average,72,72,0.05555555555555555,0.7554959709808737,4.329522654683297,4.925669215190444,0.5252698397149559,27.775558535680666,cs_095806,1b,,True,local_amplitudes,,17
8.675,8.916586156839601,,channel,liu_weighted_median,72,72,0.05555555555555555,4.329522654683297,4.329522654683297,16.93710313915549,0.5252698397149559,2.7848548338858867,cs_095806,1b,,True,local_amplitudes,,17
8.675,7.887078803994166,,channel,snr_mrc,72,72,0.05555555555555555,0.8068525111253929,4.329522654683297,194.3091686776545,0.5252698397149559,9.082665083640745,cs_095806,1b,,True,local_amplitudes,,17
8.675,6.265470297029703,,channel,quality_mrc,72,72,0.05555555555555555,0.8068525111253929,4.329522654683297,7.848599038795991,0.5252698397149559,27.775558535680666,cs_095806,1b,,True,local_amplitudes,,17
8.675,9.433961647507068,,channel,best_tone,72,72,0.05555555555555555,0.7848336938624981,3.755264604719304,19.00022939571067,0.5149349460207755,8.748837435239972,cs_095806,1b,,True,remote_amplitudes,,17
8.675,10.464872561013776,,channel,equal_average,72,72,0.05555555555555555,0.5601942895904635,3.755264604719304,2.1818975977046455,0.5149349460207755,20.63253672638357,cs_095806,1b,,True,remote_amplitudes,,17
8.675,9.019212607530608,,channel,liu_weighted_median,72,72,0.05555555555555555,3.755264604719304,3.755264604719304,13.021877987652044,0.5149349460207755,3.967868674704412,cs_095806,1b,,True,remote_amplitudes,,17
8.675,7.8125654372868265,,channel,snr_mrc,72,72,0.05555555555555555,0.7848336938624981,3.755264604719304,54.76175433587221,0.5149349460207755,9.941608792082699,cs_095806,1b,,True,remote_amplitudes,,17
8.675,6.265470297029703,,channel,quality_mrc,72,72,0.05555555555555555,0.6155308258792273,3.755264604719304,2.8944613431542483,0.5149349460207755,27.775558535680666,cs_095806,1b,,True,remote_amplitudes,,17
8.675,7.93720909450382,,channel,best_tone,72,72,0.05555555555555555,0.7149770433252729,3.190117192390872,41.422543419798885,0.45827867255101734,8.504794299667788,cs_095806,1b,,True,phases,,17
8.675,8.84220663786986,,channel,equal_average,72,72,0.05555555555555555,0.7149770433252729,3.190117192390872,8.018612264014983,0.45827867255101734,1.9274540388456305,cs_095806,1b,,True,phases,,17
8.675,8.931751867882816,,channel,liu_weighted_median,72,72,0.05555555555555555,3.190117192390872,3.190117192390872,11.276629962387055,0.45827867255101734,2.9596757104647353,cs_095806,1b,,True,phases,,17
8.675,8.502848488842888,,channel,snr_mrc,72,72,0.05555555555555555,0.7149770433252729,3.190117192390872,14.16025599415591,0.45827867255101734,1.9844554600243522,cs_095806,1b,,True,phases,,17
8.675,8.922501965219888,,channel,quality_mrc,72,72,0.05555555555555555,0.7149770433252729,3.190117192390872,7.620421586635574,0.45827867255101734,2.8530485904309826,cs_095806,1b,,True,phases,,17
8.675,9.843845190407308,,channel,best_tone,72,72,0.05555555555555555,0.8051683120923114,4.222374717411802,10.364125707973738,0.5219874047505899,13.47371977414763,cs_095806,1b,,True,local_amplitudes,,18
8.675,6.265470297029703,,channel,equal_average,72,72,0.05555555555555555,0.7994839639184796,4.222374717411802,5.873818161584894,0.5219874047505899,27.775558535680666,cs_095806,1b,,True,local_amplitudes,,18
8.675,9.16739302131511,,channel,liu_weighted_median,72,72,0.05555555555555555,4.222374717411802,4.222374717411802,16.988600184588975,0.5219874047505899,5.676000245707314,cs_095806,1b,,True,local_amplitudes,,18
8.675,7.914003643990631,,channel,snr_mrc,72,72,0.05555555555555555,0.8051683120923114,4.222374717411802,163.404431356178,0.5219874047505899,8.77229228829245,cs_095806,1b,,True,local_amplitudes,,18
8.675,6.265470297029703,,channel,quality_mrc,72,72,0.05555555555555555,0.8051683120923114,4.222374717411802,7.580536094643371,0.5219874047505899,27.775558535680666,cs_095806,1b,,True,local_amplitudes,,18
8.675,9.385816587179841,,channel,best_tone,72,72,0.06944444444444445,0.7775356457550712,3.642704020702791,19.137163857821392,0.5161750764409814,8.193851149047148,cs_095806,1b,,True,remote_amplitudes,,18
8.675,11.22673923430255,,channel,equal_average,72,72,0.06944444444444445,0.5513030821632156,3.642704020702791,2.138757705933813,0.5161750764409814,29.41486149051929,cs_095806,1b,,True,remote_amplitudes,,18
8.675,9.272457347600458,,channel,liu_weighted_median,72,72,0.06944444444444445,3.642704020702791,3.642704020702791,11.324084048962883,0.5161750764409814,6.887116398852531,cs_095806,1b,,True,remote_amplitudes,,18
8.675,7.882625316978152,,channel,snr_mrc,72,72,0.06944444444444445,0.7775356457550712,3.642704020702791,49.86131143777183,0.5161750764409814,9.134002109761942,cs_095806,1b,,True,remote_amplitudes,,18
8.675,6.265470297029703,,channel,quality_mrc,72,72,0.06944444444444445,0.6289161876406824,3.642704020702791,3.175182156466129,0.5161750764409814,27.775558535680666,cs_095806,1b,,True,remote_amplitudes,,18
8.675,7.943372845858488,,channel,best_tone,72,72,0.06944444444444445,0.7220630480649796,3.2639389505831886,53.012157060375465,0.4613635979753199,8.433742410853169,cs_095806,1b,,True,phases,,18
8.675,8.944472842990642,,channel,equal_average,72,72,0.06944444444444445,0.7220630480649796,3.2639389505831886,7.839888828298915,0.4613635979753199,3.106315192975691,cs_095806,1b,,True,phases,,18
8.675,9.06686448823777,,channel,liu_weighted_median,72,72,0.06944444444444445,3.2639389505831886,3.2639389505831886,11.141583418029299,0.4613635979753199,4.51716989323076,cs_095806,1b,,True,phases,,18
8.675,8.542508113165056,,channel,snr_mrc,72,72,0.06944444444444445,0.7220630480649796,3.2639389505831886,14.934815844279566,0.4613635979753199,1.527283998097348,cs_095806,1b,,True,phases,,18
8.675,9.011080051718338,,channel,quality_mrc,72,72,0.06944444444444445,0.7220630480649796,3.2639389505831886,7.7623059334240265,0.4613635979753199,3.874121633640773,cs_095806,1b,,True,phases,,18
8.675,9.342974467597427,,channel,best_tone,72,72,0.05555555555555555,0.8014465282418812,4.119871513264316,27.81570330958647,0.514782359117197,7.699993862794543,cs_095806,1b,,True,local_amplitudes,,19
8.675,6.265470297029703,,channel,equal_average,72,72,0.05555555555555555,0.7360354304047239,4.119871513264316,4.647546629005764,0.514782359117197,27.775558535680666,cs_095806,1b,,True,local_amplitudes,,19
8.675,9.320653514289468,,channel,liu_weighted_median,72,72,0.05555555555555555,4.119871513264316,4.119871513264316,16.551353264761335,0.514782359117197,7.4426918073713795,cs_095806,1b,,True,local_amplitudes,,19
8.675,8.000796550572254,,channel,snr_mrc,72,72,0.05555555555555555,0.8014465282418812,4.119871513264316,145.56081704880884,0.514782359117197,7.771797687927917,cs_095806,1b,,True,local_amplitudes,,19
8.675,6.706926509250398,,channel,quality_mrc,72,72,0.05555555555555555,0.8014465282418812,4.119871513264316,7.6654503024343095,0.514782359117197,22.686726118151043,cs_095806,1b,,True,local_amplitudes,,19
8.675,9.363978536538866,,channel,best_tone,72,72,0.05555555555555555,0.779428437862954,3.605006549391886,18.17590346263873,0.5253910555253525,7.942115694972511,cs_095806,1b,,True,remote_amplitudes,,19
8.675,11.880018538930546,,channel,equal_average,72,72,0.05555555555555555,0.5513539503666038,3.605006549391886,2.1238017800823994,0.5253910555253525,36.945458662023576,cs_095806,1b,,True,remote_amplitudes,,19
8.675,9.363978536538866,,channel,liu_weighted_median,72,72,0.05555555555555555,3.605006549391886,3.605006549391886,9.946767536460538,0.5253910555253525,7.942115694972511,cs_095806,1b,,True,remote_amplitudes,,19
8.675,7.941029054747631,,channel,snr_mrc,72,72,0.05555555555555555,0.779428437862954,3.605006549391886,33.188740734933184,0.5253910555253525,8.460760175819825,cs_095806,1b,,True,remote_amplitudes,,19
8.675,6.265470297029703,,channel,quality_mrc,72,72,0.05555555555555555,0.5589581108733195,3.605006549391886,2.21289239418562,0.5253910555253525,27.775558535680666,cs_095806,1b,,True,remote_amplitudes,,19
8.675,7.979051354523024,,channel,best_tone,72,72,0.05555555555555555,0.7403719167070758,3.297012948852028,60.83937718450007,0.49236724051637554,8.02246277206889,cs_095806,1b,,True,phases,,19
8.675,8.99583563503498,,channel,equal_average,72,72,0.05555555555555555,0.7403719167070758,3.297012948852028,9.157425113097938,0.49236724051637554,3.698393487434927,cs_095806,1b,,True,phases,,19
8.675,9.209857457559227,,channel,liu_weighted_median,72,72,0.05555555555555555,3.297012948852028,3.297012948852028,11.08301901564031,0.49236724051637554,6.1655038335357535,cs_095806,1b,,True,phases,,19
8.675,8.54669634804652,,channel,snr_mrc,72,72,0.05555555555555555,0.7403719167070758,3.297012948852028,22.80664355583501,0.49236724051637554,1.4790046334695142,cs_095806,1b,,True,phases,,19
8.675,9.05407484373565,,channel,quality_mrc,72,72,0.05555555555555555,0.7403719167070758,3.297012948852028,9.43522928092087,0.49236724051637554,4.369738832687601,cs_095806,1b,,True,phases,,19
8.675,9.309598229532687,,channel,best_tone,72,72,0.05555555555555555,0.7976260361715528,4.141810927147288,30.18139297466397,0.507455501761152,7.315253366371027,cs_095806,1b,,True,local_amplitudes,,20
8.675,6.696183660122939,,channel,equal_average,72,72,0.05555555555555555,0.654961085177067,4.141810927147288,3.3220011296183607,0.507455501761152,22.810562995700998,cs_095806,1b,,True,local_amplitudes,,20
8.675,9.38155305865451,,channel,liu_weighted_median,72,72,0.05555555555555555,4.141810927147288,4.141810927147288,14.717834775075683,0.507455501761152,8.1447038461615,cs_095806,1b,,True,local_amplitudes,,20
8.675,8.14032024666995,,channel,snr_mrc,72,72,0.05555555555555555,0.7976260361715528,4.141810927147288,97.31523531783766,0.507455501761152,6.1634553697988625,cs_095806,1b,,True,local_amplitudes,,20
8.675,7.092096779919917,,channel,quality_mrc,72,72,0.05555555555555555,0.7684933758222853,4.141810927147288,5.366284209206413,0.507455501761152,18.246722998041314,cs_095806,1b,,True,local_amplitudes,,20
8.675,9.763888716128687,,channel,best_tone,72,72,0.05555555555555555,0.7773602317960153,3.604402236670358,7.925101674419134,0.5213071703273137,12.55203130984076,cs_095806,1b,,True,remote_amplitudes,,20
8.675,12.382077748500219,,channel,equal_average,72,72,0.05555555555555555,0.5905689915019765,3.604402236670358,2.630850762523392,0.5213071703273137,42.73288470893623,cs_095806,1b,,True,remote_amplitudes,,20
8.675,9.400323621757813,,channel,liu_weighted_median,72,72,0.05555555555555555,3.604402236670358,3.604402236670358,8.835519873914173,0.5213071703273137,8.361079213346544,cs_095806,1b,,True,remote_amplitudes,,20
8.675,7.995750011686022,,channel,snr_mrc,72,72,0.05555555555555555,0.7773602317960153,3.604402236670358,18.300443525851836,0.5213071703273137,7.829971046847016,cs_095806,1b,,True,remote_amplitudes,,20
8.675,6.265470297029703,,channel,quality_mrc,72,72,0.05555555555555555,0.5429091782052764,3.604402236670358,2.0439291801113497,0.5213071703273137,27.775558535680666,cs_095806,1b,,True,remote_amplitudes,,20
8.675,8.037941516371115,,channel,best_tone,72,72,0.041666666666666664,0.7398413641890437,3.2899988359958283,69.27434220066158,0.492356951039116,7.3436136441370135,cs_095806,1b,,True,phases,,20
8.675,8.967545242150008,,channel,equal_average,72,72,0.041666666666666664,0.7398413641890437,3.2899988359958283,12.32372741057806,0.492356951039116,3.3722794484150684,cs_095806,1b,,True,phases,,20
8.675,9.369533303772336,,channel,liu_weighted_median,72,72,0.041666666666666664,3.2899988359958283,3.2899988359958283,11.609628528221537,0.492356951039116,8.006147593917408,cs_095806,1b,,True,phases,,20
8.675,8.50096906490343,,channel,snr_mrc,72,72,0.041666666666666664,0.7398413641890437,3.2899988359958283,37.79940058474945,0.492356951039116,2.0061202892976477,cs_095806,1b,,True,phases,,20
8.675,9.007645923132133,,channel,quality_mrc,72,72,0.041666666666666664,0.7398413641890437,3.2899988359958283,13.150530795680506,0.492356951039116,3.83453513696982,cs_095806,1b,,True,phases,,20
8.675,9.482344110493818,,channel,best_tone,72,72,0.05555555555555555,0.7952198518255209,4.16378841012151,8.307458138896235,0.5028768458397621,9.306560351513744,cs_095806,1b,,True,local_amplitudes,,21
8.675,7.638291422602543,,channel,equal_average,72,72,0.05555555555555555,0.6247385772394045,4.16378841012151,2.909273715937146,0.5028768458397621,11.950531151555708,cs_095806,1b,,True,local_amplitudes,,21
8.675,9.343641589557478,,channel,liu_weighted_median,72,72,0.05555555555555555,4.16378841012151,4.16378841012151,12.787496654657224,0.5028768458397621,7.707684029481008,cs_095806,1b,,True,local_amplitudes,,21
8.675,8.267833270800248,,channel,snr_mrc,72,72,0.05555555555555555,0.7952198518255209,4.16378841012151,53.742439260941815,0.5028768458397621,4.69356460172626,cs_095806,1b,,True,local_amplitudes,,21
8.675,7.88541054477939,,channel,quality_mrc,72,72,0.05555555555555555,0.7138226887996806,4.16378841012151,4.339709454409187,0.5028768458397621,9.10189573741338,cs_095806,1b,,True,local_amplitudes,,21
8.675,9.658804322671946,,channel,best_tone,72,72,0.05555555555555555,0.7782021731327337,3.638108244649457,8.558005360800188,0.5181573853271004,11.340683834835104,cs_095806,1b,,True,remote_amplitudes,,21
8.675,12.384970112349796,,channel,equal_average,72,72,0.05555555555555555,0.5816211162924823,3.638108244649457,2.5049232828582766,0.5181573853271004,42.76622607896017,cs_095806,1b,,True,remote_amplitudes,,21
8.675,9.402428068496407,,channel,liu_weighted_median,72,72,0.05555555555555555,3.638108244649457,3.638108244649457,8.56595737515917,0.5181573853271004,8.385337965376443,cs_095806,1b,,True,remote_amplitudes,,21
8.675,8.169171798538677,,channel,snr_mrc,72,72,0.05555555555555555,0.7120967489853176,3.638108244649457,4.597173999696462,0.5181573853271004,5.830872639323611,cs_095806,1b,,True,remote_amplitudes,,21
8.675,12.358117550097548,,channel,quality_mrc,72,72,0.05555555555555555,0.49807273876326313,3.638108244649457,1.5730852123057955,0.5181573853271004,42.45668645645587,cs_095806,1b,,True,remote_amplitudes,,21
8.675,8.103597755478646,,channel,best_tone,72,72,0.041666666666666664,0.7481407976499599,3.3564457203129296,64.61472543292305,0.4990342784322586,6.586769389295159,cs_095806,1b,,True,phases,,21
8.675,8.924912706680104,,channel,equal_average,72,72,0.041666666666666664,0.7481407976499599,3.3564457203129296,18.9921695145897,0.4990342784322586,2.8808381173498905,cs_095806,1b,,True,phases,,21
8.675,9.42177843719309,,channel,liu_weighted_median,72,72,0.041666666666666664,3.3564457203129296,3.3564457203129296,12.191546792032472,0.4990342784322586,8.608396970525527,cs_095806,1b,,True,phases,,21
8.675,8.461244868498031,,channel,snr_mrc,72,72,0.041666666666666664,0.7481407976499599,3.3564457203129296,75.5068619770943,0.4990342784322586,2.464036098005409,cs_095806,1b,,True,phases,,21
8.675,8.944427651523,,channel,quality_mrc,72,72,0.041666666666666664,0.7481407976499599,3.3564457203129296,20.724948320223515,0.4990342784322586,3.105794253867428,cs_095806,1b,,True,phases,,21
8.675,9.48584437617412,,channel,best_tone,72,72,0.06944444444444445,0.7825282117682711,4.24254855262804,7.262161905257934,0.479181465219994,9.346909235436527,cs_095806,1b,,True,local_amplitudes,,22
8.675,8.366475842786514,,channel,equal_average,72,72,0.06944444444444445,0.6525939286306286,4.24254855262804,3.480008673207805,0.479181465219994,3.556474434737601,cs_095806,1b,,True,local_amplitudes,,22
8.675,9.298781977952446,,channel,liu_weighted_median,72,72,0.06944444444444445,4.24254855262804,4.24254855262804,11.940806842035864,0.479181465219994,7.1905703510368335,cs_095806,1b,,True,local_amplitudes,,22
8.675,8.296400785295516,,channel,snr_mrc,72,72,0.06944444444444445,0.7825282117682711,4.24254855262804,20.999671794574283,0.479181465219994,4.364256077285127,cs_095806,1b,,True,local_amplitudes,,22
8.675,8.316928737369167,,channel,quality_mrc,72,72,0.06944444444444445,0.6928181656799908,4.24254855262804,4.163983867741512,0.479181465219994,4.127622623986551,cs_095806,1b,,True,local_amplitudes,,22
8.675,9.54552665061571,,channel,best_tone,72,72,0.05555555555555555,0.7784314942236445,3.6517870158344516,9.832590112818496,0.5166729759930577,10.0348893442733,cs_095806,1b,,True,remote_amplitudes,,22
8.675,11.954246284101977,,channel,equal_average,72,72,0.05555555555555555,0.5270373144816303,3.6517870158344516,1.8621478004518872,0.5166729759930577,37.80110990319281,cs_095806,1b,,True,remote_amplitudes,,22
8.675,9.482343242268175,,channel,liu_weighted_median,72,72,0.05555555555555555,3.6517870158344516,3.6517870158344516,8.828783299357772,0.5166729759930577,9.306550343148988,cs_095806,1b,,True,remote_amplitudes,,22
8.675,10.852662719018277,,channel,snr_mrc,72,72,0.05555555555555555,0.561308271001758,3.6517870158344516,2.249543417993512,0.5166729759930577,25.10274027686773,cs_095806,1b,,True,remote_amplitudes,,22
8.675,11.7721378796284,,channel,quality_mrc,72,72,0.05555555555555555,0.498998095233889,3.6517870158344516,1.5804716800842817,0.5166729759930577,35.70187757496713,cs_095806,1b,,True,remote_amplitudes,,22
8.675,8.15199217236572,,channel,best_tone,72,72,0.041666666666666664,0.7587024913199171,3.4016242616399364,60.23341788720721,0.5135564420161582,6.0289086758994905,cs_095806,1b,,True,phases,,22
8.675,8.842765034063397,,channel,equal_average,72,72,0.041666666666666664,0.7587024913199171,3.4016242616399364,31.449970806831338,0.5135564420161582,1.9338908825751782,cs_095806,1b,,True,phases,,22
8.675,9.33178024952271,,channel,liu_weighted_median,72,72,0.041666666666666664,3.4016242616399364,3.4016242616399364,13.359889739247404,0.5135564420161582,7.570953884988005,cs_095806,1b,,True,phases,,22
8.675,8.389903925784637,,channel,snr_mrc,72,72,0.041666666666666664,0.7587024913199171,3.4016242616399364,127.54911490172638,0.5135564420161582,3.286410077410534,cs_095806,1b,,True,phases,,22
8.675,8.837044704052817,,channel,quality_mrc,72,72,0.041666666666666664,0.7587024913199171,3.4016242616399364,35.74210475896619,0.5135564420161582,1.8679504789949959,cs_095806,1b,,True,phases,,22
8.675,9.52035239215251,,channel,best_tone,72,72,0.06944444444444445,0.7832753486348019,4.397352250582781,7.040886039273495,0.48055530477267205,9.744696163141322,cs_095806,1b,,True,local_amplitudes,,23
8.675,8.605745832244518,,channel,equal_average,72,72,0.06944444444444445,0.7200140236451202,4.397352250582781,4.660480984697861,0.48055530477267205,0.7983189366626305,cs_095806,1b,,True,local_amplitudes,,23
8.675,9.330282153826662,,channel,liu_weighted_median,72,72,0.06944444444444445,4.397352250582781,4.397352250582781,11.466374226296773,0.48055530477267205,7.553684770336153,cs_095806,1b,,True,local_amplitudes,,23
8.675,8.336933792695138,,channel,snr_mrc,72,72,0.06944444444444445,0.7832753486348019,4.397352250582781,13.716464332204524,0.48055530477267205,3.897016798903315,cs_095806,1b,,True,local_amplitudes,,23
8.675,8.539718514267348,,channel,quality_mrc,72,72,0.06944444444444445,0.7706993227181745,4.397352250582781,5.715612885663262,0.48055530477267205,1.5594407577251088,cs_095806,1b,,True,local_amplitudes,,23
8.675,9.460953874915944,,channel,best_tone,72,72,0.05555555555555555,0.7826267130876412,3.719303793674178,10.68051668313513,0.5155399682934648,9.059987030731335,cs_095806,1b,,True,remote_amplitudes,,23
8.675,10.901543207850885,,channel,equal_average,72,72,0.05555555555555555,0.5324984683244717,3.719303793674178,1.8899152823628085,0.5155399682934648,25.66620412508224,cs_095806,1b,,True,remote_amplitudes,,23
8.675,9.401458095264747,,channel,liu_weighted_median,72,72,0.05555555555555555,3.719303793674178,3.719303793674178,9.059212650168188,0.5155399682934648,8.374156717749237,cs_095806,1b,,True,remote_amplitudes,,23
8.675,10.924104291058965,,channel,snr_mrc,72,72,0.05555555555555555,0.6342893236094056,3.719303793674178,3.1941069392637895,0.5155399682934648,25.92627424851832,cs_095806,1b,,True,remote_amplitudes,,23
8.675,10.526175848932757,,channel,quality_mrc,72,72,0.05555555555555555,0.526289021076207,3.719303793674178,1.824568526092917,0.5155399682934648,21.33920286954186,cs_095806,1b,,True,remote_amplitudes,,23
8.675,8.153296933053923,,channel,best_tone,72,72,0.027777777777777776,0.7619014075692511,3.4054509517473943,66.42883188003148,0.5194953798216506,6.013868206871211,cs_095806,1b,,True,phases,,23
8.675,8.716502142017113,,channel,equal_average,72,72,0.027777777777777776,0.7619014075692511,3.4054509517473943,48.28375047482895,0.5194953798216506,0.47841085898688435,cs_095806,1b,,True,phases,,23
8.675,9.250260947280434,,channel,liu_weighted_median,72,72,0.027777777777777776,3.4054509517473943,3.4054509517473943,16.183745303118982,0.5194953798216506,6.631250112742753,cs_095806,1b,,True,phases,,23
8.675,8.287992912623332,,channel,snr_mrc,72,72,0.027777777777777776,0.7619014075692511,3.4054509517473943,209.72800378807037,0.5194953798216506,4.461176799731045,cs_095806,1b,,True,phases,,23
8.675,8.716007868720812,,channel,quality_mrc,72,72,0.027777777777777776,0.7619014075692511,3.4054509517473943,54.444910233338625,0.5194953798216506,0.4727131841015712,cs_095806,1b,,True,phases,,23
8.675,9.444708751179725,,channel,best_tone,72,72,0.05555555555555555,0.7981785053589999,4.433153249431829,11.318742713240999,0.5085106870689009,8.872723356538607,cs_095806,1b,,True,local_amplitudes,,24
8.675,8.683177422646468,,channel,equal_average,72,72,0.05555555555555555,0.7981785053589999,4.433153249431829,7.2137454461194315,0.5085106870689009,0.09426423799962,cs_095806,1b,,True,local_amplitudes,,24
8.675,9.296928139566862,,channel,liu_weighted_median,72,72,0.05555555555555555,4.433153249431829,4.433153249431829,11.537496597241102,0.5085106870689009,7.169200456102151,cs_095806,1b,,True,local_amplitudes,,24
8.675,8.415896858205883,,channel,snr_mrc,72,72,0.05555555555555555,0.7981785053589999,4.433153249431829,13.640014164783215,0.5085106870689009,2.9867797324970304,cs_095806,1b,,True,local_amplitudes,,24
8.675,8.65354954920548,,channel,quality_mrc,72,72,0.05555555555555555,0.7981785053589999,4.433153249431829,8.19881429578482,0.5085106870689009,0.24726744431725023,cs_095806,1b,,True,local_amplitudes,,24
8.675,9.43008461717695,,channel,best_tone,72,72,0.05555555555555555,0.7798380133347657,3.6907692569199844,14.230450768141878,0.5139919299442555,8.704145442961956,cs_095806,1b,,True,remote_amplitudes,,24
8.675,9.840729064142995,,channel,equal_average,72,72,0.05555555555555555,0.5899553920163612,3.6907692569199844,2.5977393405006537,0.5139919299442555,13.437799010293878,cs_095806,1b,,True,remote_amplitudes,,24
8.675,9.350576634383518,,channel,liu_weighted_median,72,72,0.05555555555555555,3.6907692569199844,3.6907692569199844,9.361385052920447,0.5139919299442555,7.787626909320087,cs_095806,1b,,True,remote_amplitudes,,24
8.675,10.925387915745235,,channel,snr_mrc,72,72,0.05555555555555555,0.5771545342316398,3.6907692569199844,2.432284558787467,0.5139919299442555,25.941071074873012,cs_095806,1b,,True,remote_amplitudes,,24
8.675,9.628977120440982,,channel,quality_mrc,72,72,0.05555555555555555,0.6133246974743615,3.6907692569199844,2.9188340698883213,0.5139919299442555,10.996854414305265,cs_095806,1b,,True,remote_amplitudes,,24
8.675,8.153840281448316,,channel,best_tone,72,72,0.027777777777777776,0.7696375002966122,3.49192856024883,67.30149287910743,0.5222197618452699,6.007604824803281,cs_095806,1b,,True,phases,,24
8.675,8.61749900810303,,channel,equal_average,72,72,0.027777777777777776,0.7696375002966122,3.49192856024883,62.01570400246276,0.5222197618452699,0.6628356414636413,cs_095806,1b,,True,phases,,24
8.675,9.149105230766558,,channel,liu_weighted_median,72,72,0.027777777777777776,3.49192856024883,3.49192856024883,19.199858193454954,0.5222197618452699,5.465189980017955,cs_095806,1b,,True,phases,,24
8.675,8.253798986749029,,channel,snr_mrc,72,72,0.027777777777777776,0.7696375002966122,3.49192856024883,267.8543360908827,0.5222197618452699,4.855343092230222,cs_095806,1b,,True,phases,,24
8.675,8.628879619555226,,channel,quality_mrc,72,72,0.027777777777777776,0.7696375002966122,3.49192856024883,65.87563935461054,0.5222197618452699,0.5316470368273718,cs_095806,1b,,True,phases,,24
8.675,9.372521707648346,,channel,best_tone,72,72,0.05555555555555555,0.7997065022022185,4.434484292956933,12.74725967852382,0.5114366909417865,8.040596053583231,cs_095806,1b,,True,local_amplitudes,,25
8.675,8.676283091090399,,channel,equal_average,72,72,0.05555555555555555,0.7997065022022185,4.434484292956933,13.594988700410966,0.5114366909417865,0.014790675393639863,cs_095806,1b,,True,local_amplitudes,,25
8.675,9.285261396717146,,channel,liu_weighted_median,72,72,0.05555555555555555,4.434484292956933,4.434484292956933,11.879418305733942,0.5114366909417865,7.034713506825888,cs_095806,1b,,True,local_amplitudes,,25
8.675,8.498194959932368,,channel,snr_mrc,72,72,0.05555555555555555,0.7997065022022185,4.434484292956933,18.68306989423934,0.5114366909417865,2.0380984445836616,cs_095806,1b,,True,local_amplitudes,,25
8.675,8.660063583161389,,channel,quality_mrc,72,72,0.05555555555555555,0.7997065022022185,4.434484292956933,13.870751138394855,0.5114366909417865,0.17217771571887183,cs_095806,1b,,True,local_amplitudes,,25
8.675,9.411608933817043,,channel,best_tone,72,72,0.05555555555555555,0.7756591825589133,3.6538336655666814,11.623383689062326,0.5108860367904063,8.4911692659025,cs_095806,1b,,True,remote_amplitudes,,25
8.675,9.323966110117164,,channel,equal_average,72,72,0.05555555555555555,0.7284261670978219,3.6538336655666814,4.969298111880036,0.5108860367904063,7.480877350053753,cs_095806,1b,,True,remote_amplitudes,,25
8.675,9.396981446315598,,channel,liu_weighted_median,72,72,0.05555555555555555,3.6538336655666814,3.6538336655666814,9.297121783576952,0.5108860367904063,8.32255269528066,cs_095806,1b,,True,remote_amplitudes,,25
8.675,9.032689743714473,,channel,snr_mrc,72,72,0.05555555555555555,0.7756591825589133,3.6538336655666814,7.380575727070476,0.5108860367904063,4.123224711406016,cs_095806,1b,,True,remote_amplitudes,,25
8.675,9.239010189660364,,channel,quality_mrc,72,72,0.05555555555555555,0.749626541723577,3.6538336655666814,5.415933221859398,0.5108860367904063,6.501558382252029,cs_095806,1b,,True,remote_amplitudes,,25
8.675,8.174429687612369,,channel,best_tone,72,72,0.027777777777777776,0.7638056899030761,3.408478050807194,54.929227363497965,0.5229355387474373,5.7702629670044026,cs_095806,1b,,True,phases,,25
8.675,8.541573033633204,,channel,equal_average,72,72,0.027777777777777776,0.7638056899030761,3.408478050807194,75.00063481592046,0.5229355387474373,1.5380630128737336,cs_095806,1b,,True,phases,,25
8.675,9.129846641364644,,channel,liu_weighted_median,72,72,0.027777777777777776,3.408478050807194,3.408478050807194,19.105999437473308,0.5229355387474373,5.243188949448334,cs_095806,1b,,True,phases,,25
8.675,8.27359411503574,,channel,snr_mrc,72,72,0.027777777777777776,0.7638056899030761,3.408478050807194,268.78519873116943,0.5229355387474373,4.627157175380525,cs_095806,1b,,True,phases,,25
8.675,8.556297014479888,,channel,quality_mrc,72,72,0.027777777777777776,0.7638056899030761,3.408478050807194,76.51517819270065,0.5229355387474373,1.368334127032997,cs_095806,1b,,True,phases,,25
8.675,9.419078136990995,,channel,best_tone,72,72,0.05555555555555555,0.8014375728648068,4.363330121335478,6.710394169201737,0.5147651027496345,8.57726959067429,cs_095806,1b,,True,local_amplitudes,,26
8.675,8.63749528817028,,channel,equal_average,72,72,0.05555555555555555,0.8014375728648068,4.363330121335478,27.83453844395675,0.5147651027496345,0.43233097210052684,cs_095806,1b,,True,local_amplitudes,,26
8.675,9.326896709075774,,channel,liu_weighted_median,72,72,0.05555555555555555,4.363330121335478,4.363330121335478,11.86974262717378,0.5147651027496345,7.514659470614098,cs_095806,1b,,True,local_amplitudes,,26
8.675,8.453215930239178,,channel,snr_mrc,72,72,0.05555555555555555,0.8014375728648068,4.363330121335478,28.232162112891245,0.5147651027496345,2.556588700412939,cs_095806,1b,,True,local_amplitudes,,26
8.675,8.606510017658168,,channel,quality_mrc,72,72,0.05555555555555555,0.8014375728648068,4.363330121335478,29.9108604741375,0.5147651027496345,0.7895098829029664,cs_095806,1b,,True,local_amplitudes,,26
8.675,9.420845463128753,,channel,best_tone,72,72,0.05555555555555555,0.7712469743573368,3.632492354494943,10.131086884388086,0.5051678488290063,8.597642226268038,cs_095806,1b,,True,remote_amplitudes,,26
8.675,9.04197316165543,,channel,equal_average,72,72,0.05555555555555555,0.7712469743573368,3.632492354494943,11.02984944357097,0.5051678488290063,4.2302381747023645,cs_095806,1b,,True,remote_amplitudes,,26
8.675,9.36762850682049,,channel,liu_weighted_median,72,72,0.05555555555555555,3.632492354494943,3.632492354494943,9.270091444921661,0.5051678488290063,7.984190280351454,cs_095806,1b,,True,remote_amplitudes,,26
8.675,8.63805541263924,,channel,snr_mrc,72,72,0.05555555555555555,0.7712469743573368,3.632492354494943,22.503018319250817,0.5051678488290063,0.42587420588773484,cs_095806,1b,,True,remote_amplitudes,,26
8.675,8.966903572459866,,channel,quality_mrc,72,72,0.05555555555555555,0.7712469743573368,3.632492354494943,12.048065711277776,0.5051678488290063,3.3648826796526308,cs_095806,1b,,True,remote_amplitudes,,26
8.675,8.205599607465325,,channel,best_tone,72,72,0.013888888888888888,0.7790356497723311,3.36946944181203,46.177363649271875,0.5612682368734694,5.410955533540925,cs_095806,1b,,True,phases,,26
8.675,8.467491433037926,,channel,equal_average,72,72,0.013888888888888888,0.7790356497723311,3.36946944181203,103.40707819937037,0.5612682368734694,2.3920295903409152,cs_095806,1b,,True,phases,,26
8.675,9.079169536745804,,channel,liu_weighted_median,72,72,0.013888888888888888,3.36946944181203,3.36946944181203,16.63526668760241,0.5612682368734694,4.659014832804644,cs_095806,1b,,True,phases,,26
8.675,8.323874992776743,,channel,snr_mrc,72,72,0.013888888888888888,0.7790356497723311,3.36946944181203,222.4268664947417,0.5612682368734694,4.04755051554188,cs_095806,1b,,True,phases,,26
8.675,8.495529502409209,,channel,quality_mrc,72,72,0.013888888888888888,0.7790356497723311,3.36946944181203,102.46784778746903,0.5612682368734694,2.068824179720944,cs_095806,1b,,True,phases,,26
8.675,9.372904631123681,,channel,best_tone,72,72,0.041666666666666664,0.8181192283682465,4.398224982935519,8.140033757679092,0.5475828025748671,8.04501015704531,cs_095806,1b,,True,local_amplitudes,,27
8.675,8.594663704295748,,channel,equal_average,72,72,0.041666666666666664,0.8181192283682465,4.398224982935519,33.28261996230732,0.5475828025748671,0.9260668092709284,cs_095806,1b,,True,local_amplitudes,,27
8.675,9.28222738311642,,channel,liu_weighted_median,72,72,0.041666666666666664,4.398224982935519,4.398224982935519,11.52542923853867,0.5475828025748671,6.999739286644593,cs_095806,1b,,True,local_amplitudes,,27
8.675,8.409062782908377,,channel,snr_mrc,72,72,0.041666666666666664,0.8181192283682465,4.398224982935519,41.582407082402526,0.5475828025748671,3.0655586984625227,cs_095806,1b,,True,local_amplitudes,,27
8.675,8.546063623307274,,channel,quality_mrc,72,72,0.041666666666666664,0.8181192283682465,4.398224982935519,39.154130445105075,0.5475828025748671,1.4862982904060664,cs_095806,1b,,True,local_amplitudes,,27
8.675,9.437246125378255,,channel,best_tone,72,72,0.027777777777777776,0.8167749975605247,3.6651431083622947,9.954919205081682,0.5946704518802388,8.78669885162253,cs_095806,1b,,True,remote_amplitudes,,27
8.675,8.840910429677232,,channel,equal_average,72,72,0.027777777777777776,0.8167749975605247,3.6651431083622947,24.123166592520217,0.5946704518802388,1.912512157662604,cs_095806,1b,,True,remote_amplitudes,,27
8.675,9.293722331388707,,channel,liu_weighted_median,72,72,0.027777777777777776,3.6651431083622947,3.6651431083622947,9.07757296013493,0.5946704518802388,7.132245894970682,cs_095806,1b,,True,remote_amplitudes,,27
8.675,8.572152934249464,,channel,snr_mrc,72,72,0.027777777777777776,0.8167749975605247,3.6651431083622947,37.39045560494619,0.5946704518802388,1.1855569538966715,cs_095806,1b,,True,remote_amplitudes,,27
8.675,8.787649680016262,,channel,quality_mrc,72,72,0.027777777777777776,0.8167749975605247,3.6651431083622947,26.143950966080386,0.5946704518802388,1.2985553892364414,cs_095806,1b,,True,remote_amplitudes,,27
8.675,8.250547033984141,,channel,best_tone,72,72,0.013888888888888888,0.7939475795238766,3.3878280712674513,33.395444960251034,0.5909001717349892,4.892829579433542,cs_095806,1b,,True,phases,,27
8.675,8.435122172914452,,channel,equal_average,72,72,0.013888888888888888,0.7939475795238766,3.3878280712674513,118.17067214267266,0.5909001717349892,2.76516227187952,cs_095806,1b,,True,phases,,27
8.675,8.867895434700364,,channel,liu_weighted_median,72,72,0.013888888888888888,3.3878280712674513,3.3878280712674513,14.955294209762842,0.5909001717349892,2.2235784979868916,cs_095806,1b,,True,phases,,27
8.675,8.425806714598865,,channel,snr_mrc,72,72,0.013888888888888888,0.7939475795238766,3.3878280712674513,115.25385599979904,0.5909001717349892,2.872545076670151,cs_095806,1b,,True,phases,,27
8.675,8.465904774874563,,channel,quality_mrc,72,72,0.013888888888888888,0.7939475795238766,3.3878280712674513,127.68785063970653,0.5909001717349892,2.410319597987756,cs_095806,1b,,True,phases,,27
11.49,13.082816675563263,,channel,best_tone,72,72,0.0,0.7306465908453479,2.468923408512684,6.020667754406773,0.6319379844753213,13.862634252073654,cs_095806,2a,,True,local_amplitudes,,0
11.49,13.62671255225705,,channel,equal_average,72,72,0.0,0.7306465908453479,2.468923408512684,8.898590702774767,0.6319379844753213,18.59627982817276,cs_095806,2a,,True,local_amplitudes,,0
11.49,13.488603364561241,,channel,liu_weighted_median,72,72,0.0,2.468923408512684,2.468923408512684,7.418492687034018,0.6319379844753213,17.394285157190957,cs_095806,2a,,True,local_amplitudes,,0
11.49,13.458470869654025,,channel,snr_mrc,72,72,0.0,0.7306465908453479,2.468923408512684,10.522252723893043,0.6319379844753213,17.132035419095086,cs_095806,2a,,True,local_amplitudes,,0
11.49,13.541219527776814,,channel,quality_mrc,72,72,0.0,0.7306465908453479,2.468923408512684,9.963446332779446,0.6319379844753213,17.852215211286456,cs_095806,2a,,True,local_amplitudes,,0
11.49,13.569326818000146,,channel,best_tone,72,72,0.013888888888888888,0.6923791107952821,2.3010077386200614,10.98818259720244,0.5769973014739421,18.096839147085692,cs_095806,2a,,True,remote_amplitudes,,0
11.49,13.826893956677225,,channel,equal_average,72,72,0.013888888888888888,0.6923791107952821,2.3010077386200614,9.719162251892,0.5769973014739421,20.33850266907941,cs_095806,2a,,True,remote_amplitudes,,0
11.49,13.702349261861503,,channel,liu_weighted_median,72,72,0.013888888888888888,2.3010077386200614,2.3010077386200614,6.614960896000233,0.5769973014739421,19.254562766418648,cs_095806,2a,,True,remote_amplitudes,,0
11.49,13.794496695561323,,channel,snr_mrc,72,72,0.013888888888888888,0.6923791107952821,2.3010077386200614,8.927311221643498,0.5769973014739421,20.05654217198714,cs_095806,2a,,True,remote_amplitudes,,0
11.49,13.754543173042471,,channel,quality_mrc,72,72,0.013888888888888888,0.6923791107952821,2.3010077386200614,9.11470179227466,0.5769973014739421,19.708817868080686,cs_095806,2a,,True,remote_amplitudes,,0
11.49,14.184951935401738,,channel,best_tone,72,72,0.09722222222222222,0.6101783413581261,1.8873219597202942,6.820355540846153,0.4814867744176989,23.454760099231837,cs_095806,2a,,True,phases,,0
11.49,12.481232465018552,,channel,equal_average,72,72,0.09722222222222222,0.6101783413581261,1.8873219597202942,11.001202566805832,0.4814867744176989,8.626914403990876,cs_095806,2a,,True,phases,,0
11.49,13.217965831609273,,channel,liu_weighted_median,72,72,0.09722222222222222,1.8873219597202942,1.8873219597202942,4.788597244165246,0.4814867744176989,15.038867115833535,cs_095806,2a,,True,phases,,0
11.49,12.725829465072456,,channel,snr_mrc,72,72,0.09722222222222222,0.6101783413581261,1.8873219597202942,10.610203174822916,0.4814867744176989,10.75569595363321,cs_095806,2a,,True,phases,,0
11.49,12.570016031178167,,channel,quality_mrc,72,72,0.09722222222222222,0.6101783413581261,1.8873219597202942,10.84537832006031,0.4814867744176989,9.399617329662021,cs_095806,2a,,True,phases,,0
11.49,13.88634199398585,,channel,best_tone,72,72,0.0,0.7929954418287755,3.1518703688058767,7.840171335714624,0.6328542731720646,20.85589202772715,cs_095806,2a,,True,local_amplitudes,,1
11.49,13.631550766972419,,channel,equal_average,72,72,0.0,0.7929954418287755,3.1518703688058767,9.72658134478275,0.6328542731720646,18.638387876174225,cs_095806,2a,,True,local_amplitudes,,1
11.49,13.405845295952151,,channel,liu_weighted_median,72,72,0.0,3.1518703688058767,3.1518703688058767,7.517456680346675,0.6328542731720646,16.674023463465193,cs_095806,2a,,True,local_amplitudes,,1
11.49,13.448659769691108,,channel,snr_mrc,72,72,0.0,0.7929954418287755,3.1518703688058767,9.791180338470083,0.6328542731720646,17.046647255797286,cs_095806,2a,,True,local_amplitudes,,1
11.49,13.512930667154652,,channel,quality_mrc,72,72,0.0,0.7929954418287755,3.1518703688058767,10.26700626318309,0.6328542731720646,17.606011028325955,cs_095806,2a,,True,local_amplitudes,,1
11.49,14.001163191162863,,channel,best_tone,72,72,0.013888888888888888,0.7441016517523061,2.787704732211307,6.8746435164799395,0.5911667846562473,21.85520618940699,cs_095806,2a,,True,remote_amplitudes,,1
11.49,13.871279835877958,,channel,equal_average,72,72,0.013888888888888888,0.7441016517523061,2.787704732211307,10.000231559568588,0.5911667846562473,20.724802749155423,cs_095806,2a,,True,remote_amplitudes,,1
11.49,13.527272623867702,,channel,liu_weighted_median,72,72,0.013888888888888888,2.787704732211307,2.787704732211307,6.90938748723849,0.5911667846562473,17.730832235576173,cs_095806,2a,,True,remote_amplitudes,,1
11.49,13.802445453763761,,channel,snr_mrc,72,72,0.013888888888888888,0.7441016517523061,2.787704732211307,8.745567808928543,0.5911667846562473,20.125721964871722,cs_095806,2a,,True,remote_amplitudes,,1
11.49,13.776518423840077,,channel,quality_mrc,72,72,0.013888888888888888,0.7441016517523061,2.787704732211307,8.96978069084911,0.5911667846562473,19.900073314535046,cs_095806,2a,,True,remote_amplitudes,,1
11.49,14.043450521113723,,channel,best_tone,72,72,0.09722222222222222,0.6547010244595882,2.32480542312505,7.404137871465973,0.48283911226764326,22.2232421332787,cs_095806,2a,,True,phases,,1
11.49,12.525236292836983,,channel,equal_average,72,72,0.09722222222222222,0.6547010244595882,2.32480542312505,13.892982701629991,0.48283911226764326,9.009889406762248,cs_095806,2a,,True,phases,,1
11.49,13.139258980903346,,channel,liu_weighted_median,72,72,0.09722222222222222,2.32480542312505,2.32480542312505,5.142108648249812,0.48283911226764326,14.353864063562627,cs_095806,2a,,True,phases,,1
11.49,12.643354315357756,,channel,snr_mrc,72,72,0.09722222222222222,0.6547010244595882,2.32480542312505,11.628611752185328,0.48283911226764326,10.037896565341654,cs_095806,2a,,True,phases,,1
11.49,12.58618405466049,,channel,quality_mrc,72,72,0.09722222222222222,0.6547010244595882,2.32480542312505,13.648104440377486,0.48283911226764326,9.540331198089559,cs_095806,2a,,True,phases,,1
11.49,13.628037791045742,,channel,best_tone,72,72,0.013888888888888888,0.8200870198305793,3.7497712517791815,6.031300800089223,0.588349014378013,18.60781367315702,cs_095806,2a,,True,local_amplitudes,,2
11.49,13.492116631422542,,channel,equal_average,72,72,0.013888888888888888,0.8200870198305793,3.7497712517791815,6.909812838834205,0.588349014378013,17.424861892276255,cs_095806,2a,,True,local_amplitudes,,2
11.49,13.333886004568743,,channel,liu_weighted_median,72,72,0.013888888888888888,3.7497712517791815,3.7497712517791815,7.109319057724903,0.588349014378013,16.047745905733183,cs_095806,2a,,True,local_amplitudes,,2
11.49,13.33481060517062,,channel,snr_mrc,72,72,0.013888888888888888,0.8200870198305793,3.7497712517791815,7.3207840930382355,0.588349014378013,16.055792908360488,cs_095806,2a,,True,local_amplitudes,,2
11.49,13.382769709882057,,channel,quality_mrc,72,72,0.013888888888888888,0.8200870198305793,3.7497712517791815,7.043027741036005,0.588349014378013,16.473191556849926,cs_095806,2a,,True,local_amplitudes,,2
11.49,13.908023745823753,,channel,best_tone,72,72,0.0,0.7838500527317437,3.2117953012232436,6.313012016866072,0.5998064182138261,21.04459308810925,cs_095806,2a,,True,remote_amplitudes,,2
11.49,13.830484023838519,,channel,equal_average,72,72,0.0,0.7838500527317437,3.2117953012232436,7.094097508891451,0.5998064182138261,20.369747814086324,cs_095806,2a,,True,remote_amplitudes,,2
11.49,13.46415047198751,,channel,liu_weighted_median,72,72,0.0,3.2117953012232436,3.2117953012232436,6.4772302055398905,0.5998064182138261,17.181466248803396,cs_095806,2a,,True,remote_amplitudes,,2
11.49,13.735942067127061,,channel,snr_mrc,72,72,0.0,0.7838500527317437,3.2117953012232436,7.2666605722942,0.5998064182138261,19.546928347494,cs_095806,2a,,True,remote_amplitudes,,2
11.49,13.719137523281605,,channel,quality_mrc,72,72,0.0,0.7838500527317437,3.2117953012232436,7.038991458661322,0.5998064182138261,19.400674702189768,cs_095806,2a,,True,remote_amplitudes,,2
11.49,12.46261129796755,,channel,best_tone,72,72,0.05555555555555555,0.6808688402478656,2.616592819820477,8.393560305046892,0.4825187830819628,8.464850286923847,cs_095806,2a,,True,phases,,2
11.49,12.495930058691478,,channel,equal_average,72,72,0.05555555555555555,0.6808688402478656,2.616592819820477,13.904553769861337,0.4825187830819628,8.754830798011119,cs_095806,2a,,True,phases,,2
11.49,12.789681912037949,,channel,liu_weighted_median,72,72,0.05555555555555555,2.616592819820477,2.616592819820477,5.475404063658484,0.4825187830819628,11.311417859338109,cs_095806,2a,,True,phases,,2
11.49,12.408586109681647,,channel,snr_mrc,72,72,0.05555555555555555,0.6808688402478656,2.616592819820477,10.192323541404368,0.4825187830819628,7.994657177385955,cs_095806,2a,,True,phases,,2
11.49,12.48384615192931,,channel,quality_mrc,72,72,0.05555555555555555,0.6808688402478656,2.616592819820477,12.790186391498667,0.4825187830819628,8.649661896686766,cs_095806,2a,,True,phases,,2
14.04,15.686799372144613,,channel,best_tone,72,72,0.0,0.7541011158170143,2.669303348922455,6.041875654098039,0.6426149282460094,11.729340257440267,cs_095806,3,,True,local_amplitudes,,0
14.04,15.806411422496222,,channel,equal_average,72,72,0.0,0.7541011158170143,2.669303348922455,6.873424367183428,0.6426149282460094,12.581277938007284,cs_095806,3,,True,local_amplitudes,,0
14.04,15.516879361927495,,channel,liu_weighted_median,72,72,0.0,2.669303348922455,2.669303348922455,6.167953278606545,0.6426149282460094,10.519083774412367,cs_095806,3,,True,local_amplitudes,,0
14.04,15.664429632899287,,channel,snr_mrc,72,72,0.0,0.7541011158170143,2.669303348922455,6.4672783931153885,0.6426149282460094,11.57001163033681,cs_095806,3,,True,local_amplitudes,,0
14.04,15.705538162953797,,channel,quality_mrc,72,72,0.0,0.7541011158170143,2.669303348922455,6.5012177936944235,0.6426149282460094,11.862807428445855,cs_095806,3,,True,local_amplitudes,,0
14.04,15.223050570014639,,channel,best_tone,72,72,0.0,0.7473624944630448,2.5759681304510225,15.291924408028734,0.6482065334650909,8.426286111215383,cs_095806,3,,True,remote_amplitudes,,0
14.04,15.731288446886168,,channel,equal_average,72,72,0.0,0.7473624944630448,2.5759681304510225,6.347332795836138,0.6482065334650909,12.04621400916075,cs_095806,3,,True,remote_amplitudes,,0
14.04,15.456012941568929,,channel,liu_weighted_median,72,72,0.0,2.5759681304510225,2.5759681304510225,6.3120510222568464,0.6482065334650909,10.085562261886965,cs_095806,3,,True,remote_amplitudes,,0
14.04,15.591385558331613,,channel,snr_mrc,72,72,0.0,0.7388558674440446,2.5759681304510225,5.797443588576544,0.6482065334650909,11.049754688971609,cs_095806,3,,True,remote_amplitudes,,0
14.04,15.642969502881762,,channel,quality_mrc,72,72,0.0,0.7407893028290155,2.5759681304510225,5.843074977384974,0.6482065334650909,11.417161701437058,cs_095806,3,,True,remote_amplitudes,,0
14.04,15.994857564183928,,channel,best_tone,72,72,0.08333333333333333,0.6806863461006675,2.5806117496732246,6.9601496728599095,0.48885317314279886,13.923486924386957,cs_095806,3,,True,phases,,0
14.04,15.285466699540155,,channel,equal_average,72,72,0.08333333333333333,0.6806863461006675,2.5806117496732246,10.3871857394356,0.48885317314279886,8.8708454383202,cs_095806,3,,True,phases,,0
14.04,15.364238188387434,,channel,liu_weighted_median,72,72,0.08333333333333333,2.5806117496732246,2.5806117496732246,6.567914296064322,0.48885317314279886,9.431895928685433,cs_095806,3,,True,phases,,0
14.04,15.169795786514813,,channel,snr_mrc,72,72,0.08333333333333333,0.6806863461006675,2.5806117496732246,10.235441773453951,0.48885317314279886,8.046978536430299,cs_095806,3,,True,phases,,0
14.04,15.263226744323818,,channel,quality_mrc,72,72,0.08333333333333333,0.6806863461006675,2.5806117496732246,9.529280843597371,0.48885317314279886,8.7124411988876,cs_095806,3,,True,phases,,0
14.04,15.681077471410815,,channel,best_tone,72,72,0.0,0.8109507811055778,3.4015160489850085,6.385120295754137,0.6271493208473933,11.688585978709511,cs_095806,3,,True,local_amplitudes,,1
14.04,15.841075336711416,,channel,equal_average,72,72,0.0,0.7978701646229346,3.4015160489850085,5.714318425760566,0.6271493208473933,12.82817191389898,cs_095806,3,,True,local_amplitudes,,1
14.04,15.398213761646197,,channel,liu_weighted_median,72,72,0.0,3.4015160489850085,3.4015160489850085,5.733160095881087,0.6271493208473933,9.673887191212236,cs_095806,3,,True,local_amplitudes,,1
14.04,15.709133775285181,,channel,snr_mrc,72,72,0.0,0.7750252726694362,3.4015160489850085,5.237395307290722,0.6271493208473933,11.888417202885915,cs_095806,3,,True,local_amplitudes,,1
14.04,15.694666016321863,,channel,quality_mrc,72,72,0.0,0.7798914808269785,3.4015160489850085,5.3366692820202974,0.6271493208473933,11.785370486622961,cs_095806,3,,True,local_amplitudes,,1
14.04,14.872527700806863,,channel,best_tone,72,72,0.0,0.793536826537247,3.1513306704237554,6.43724173112602,0.6342599282584546,5.929684478681367,cs_095806,3,,True,remote_amplitudes,,1
14.04,15.762459232197722,,channel,equal_average,72,72,0.0,0.7435617753634198,3.1513306704237554,4.936295597556993,0.6342599282584546,12.268228149556434,cs_095806,3,,True,remote_amplitudes,,1
14.04,15.342360818958143,,channel,liu_weighted_median,72,72,0.0,3.1513306704237554,3.1513306704237554,5.794095655949728,0.6342599282584546,9.27607420910359,cs_095806,3,,True,remote_amplitudes,,1
14.04,15.763527394397329,,channel,snr_mrc,72,72,0.0,0.7029119597807298,3.1513306704237554,4.170160684987176,0.6342599282584546,12.275836142431123,cs_095806,3,,True,remote_amplitudes,,1
14.04,15.647910035399908,,channel,quality_mrc,72,72,0.0,0.7230853281795157,3.1513306704237554,4.539611002965399,0.6342599282584546,11.452350679486534,cs_095806,3,,True,remote_amplitudes,,1
14.04,14.32628084663181,,channel,best_tone,72,72,0.08333333333333333,0.7445200060915765,3.377527932847832,8.319689573741735,0.488753813047897,2.0390373691724464,cs_095806,3,,True,phases,,1
14.04,15.257191836300883,,channel,equal_average,72,72,0.08333333333333333,0.7445200060915765,3.377527932847832,7.675996268006861,0.488753813047897,8.669457523510573,cs_095806,3,,True,phases,,1
14.04,15.283364133559157,,channel,liu_weighted_median,72,72,0.08333333333333333,3.377527932847832,3.377527932847832,6.187684050665322,0.488753813047897,8.855869897145,cs_095806,3,,True,phases,,1
14.04,15.214055552519085,,channel,snr_mrc,72,72,0.08333333333333333,0.7445200060915765,3.377527932847832,7.501867012822939,0.488753813047897,8.362219035036224,cs_095806,3,,True,phases,,1
14.04,15.231432464630881,,channel,quality_mrc,72,72,0.08333333333333333,0.7445200060915765,3.377527932847832,7.306405315675186,0.488753813047897,8.485986215319672,cs_095806,3,,True,phases,,1
14.04,15.749311961664425,,channel,best_tone,72,72,0.0,0.8341501803951328,3.809210237537024,6.767167950893475,0.6094776616316476,12.174586621541495,cs_095806,3,,True,local_amplitudes,,2
14.04,15.772572814705896,,channel,equal_average,72,72,0.0,0.7811141386553191,3.809210237537024,4.926766762299648,0.6094776616316476,12.340262213004962,cs_095806,3,,True,local_amplitudes,,2
14.04,15.297566431406679,,channel,liu_weighted_median,72,72,0.0,3.809210237537024,3.809210237537024,5.937467964034713,0.6094776616316476,8.957025864719943,cs_095806,3,,True,local_amplitudes,,2
14.04,15.687913077882005,,channel,snr_mrc,72,72,0.0,0.7573848844017663,3.809210237537024,4.49126216338767,0.6094776616316476,11.737272634487221,cs_095806,3,,True,local_amplitudes,,2
14.04,15.616040653863019,,channel,quality_mrc,72,72,0.0,0.7645210568896555,3.809210237537024,4.619413728971912,0.6094776616316476,11.225360782500141,cs_095806,3,,True,local_amplitudes,,2
14.04,15.884970823801005,,channel,best_tone,72,72,0.0,0.8100477056841703,3.5009119048024835,7.205671362935823,0.6073102312572318,13.1408178333405,cs_095806,3,,True,remote_amplitudes,,2
14.04,15.73036809866697,,channel,equal_average,72,72,0.0,0.7079882678792808,3.5009119048024835,4.005877317176054,0.6073102312572318,12.039658822414323,cs_095806,3,,True,remote_amplitudes,,2
14.04,15.364041626701763,,channel,liu_weighted_median,72,72,0.0,3.5009119048024835,3.5009119048024835,5.655703218003293,0.6073102312572318,9.430495916679229,cs_095806,3,,True,remote_amplitudes,,2
14.04,15.930389350545445,,channel,snr_mrc,72,72,0.0,0.6559016016958528,3.5009119048024835,3.185191409994876,0.6073102312572318,13.464311613571553,cs_095806,3,,True,remote_amplitudes,,2
14.04,15.641693381101012,,channel,quality_mrc,72,72,0.0,0.6917825756819375,3.5009119048024835,3.7370449226620264,0.6073102312572318,11.40807251496448,cs_095806,3,,True,remote_amplitudes,,2
14.04,14.202064402328487,,channel,best_tone,72,72,0.06944444444444445,0.7595354020132628,3.689406804741711,6.68126027000299,0.4750589564551536,1.1543048598895145,cs_095806,3,,True,phases,,2
14.04,15.198063070662378,,channel,equal_average,72,72,0.06944444444444445,0.7395578444900136,3.689406804741711,5.538901357172838,0.4750589564551536,8.248312469105267,cs_095806,3,,True,phases,,2
14.04,15.15826305871123,,channel,liu_weighted_median,72,72,0.06944444444444445,3.689406804741711,3.689406804741711,5.972755104653091,0.4750589564551536,7.964836600507338,cs_095806,3,,True,phases,,2
14.04,15.34160624176603,,channel,snr_mrc,72,72,0.06944444444444445,0.7274986384252983,3.689406804741711,5.272344034441092,0.4750589564551536,9.270699727678283,cs_095806,3,,True,phases,,2
14.04,15.171275095582375,,channel,quality_mrc,72,72,0.06944444444444445,0.7402271182825517,3.689406804741711,5.553952501445291,0.4750589564551536,8.057514925800401,cs_095806,3,,True,phases,,2
14.04,15.839603313437479,,channel,best_tone,72,72,0.0,0.8357184222899801,3.9227354458168073,7.684362148772348,0.5951835215851581,12.817687417645867,cs_095806,3,,True,local_amplitudes,,3
14.04,15.718800673054131,,channel,equal_average,72,72,0.0,0.7437486391651587,3.9227354458168073,4.229118707621933,0.5951835215851581,11.957269751097808,cs_095806,3,,True,local_amplitudes,,3
14.04,15.218464441039494,,channel,liu_weighted_median,72,72,0.0,3.9227354458168073,3.9227354458168073,6.613458610640287,0.5951835215851581,8.393621374925177,cs_095806,3,,True,local_amplitudes,,3
14.04,15.648216664559945,,channel,snr_mrc,72,72,0.0,0.7324179922106534,3.9227354458168073,4.03876269842489,0.5951835215851581,11.454534647862861,cs_095806,3,,True,local_amplitudes,,3
14.04,15.528414006553778,,channel,quality_mrc,72,72,0.0,0.7396918259126314,3.9227354458168073,4.160291693619595,0.5951835215851581,10.601239362918651,cs_095806,3,,True,local_amplitudes,,3
14.04,15.920920485725127,,channel,best_tone,72,72,0.0,0.8120281518175299,3.614352645184951,10.057556021859236,0.5925741815376349,13.396869556446777,cs_095806,3,,True,remote_amplitudes,,3
14.04,15.783290582610105,,channel,equal_average,72,72,0.0,0.6627247537139085,3.614352645184951,3.2616516070590507,0.5925741815376349,12.416599591240072,cs_095806,3,,True,remote_amplitudes,,3
14.04,15.285493503131732,,channel,liu_weighted_median,72,72,0.0,3.614352645184951,3.614352645184951,5.910573406293799,0.5925741815376349,8.871036347092117,cs_095806,3,,True,remote_amplitudes,,3
14.04,16.364226296208546,,channel,snr_mrc,72,72,0.0,0.6179015566843974,3.614352645184951,2.6436007161210138,0.5925741815376349,16.554318349063728,cs_095806,3,,True,remote_amplitudes,,3
14.04,15.760858062362558,,channel,quality_mrc,72,72,0.0,0.6572206665674064,3.614352645184951,3.1810582916486165,0.5925741815376349,12.256823806001135,cs_095806,3,,True,remote_amplitudes,,3
14.04,14.045208795728708,,channel,best_tone,72,72,0.08333333333333333,0.7662187074374348,3.8139626742868007,6.232826257630069,0.47178247723016803,0.0370996846774163,cs_095806,3,,True,phases,,3
14.04,15.153166948050334,,channel,equal_average,72,72,0.08333333333333333,0.6814048391376022,3.8139626742868007,4.219962942447621,0.47178247723016803,7.928539516028025,cs_095806,3,,True,phases,,3
14.04,14.942926666668585,,channel,liu_weighted_median,72,72,0.08333333333333333,3.8139626742868007,3.8139626742868007,6.188329622398893,0.47178247723016803,6.431101614448618,cs_095806,3,,True,phases,,3
14.04,15.627732033466465,,channel,snr_mrc,72,72,0.08333333333333333,0.6923315549480145,3.8139626742868007,4.4262442495984615,0.47178247723016803,11.308632716997622,cs_095806,3,,True,phases,,3
14.04,15.16075755421219,,channel,quality_mrc,72,72,0.08333333333333333,0.6843071103752527,3.8139626742868007,4.274114522176238,0.47178247723016803,7.9826036624799865,cs_095806,3,,True,phases,,3
14.04,15.902502585634048,,channel,best_tone,72,72,0.0,0.835519862813924,3.971581082368498,7.877632596078628,0.5874445709056001,13.265687931866447,cs_095806,3,,True,local_amplitudes,,4
14.04,15.672990556523619,,channel,equal_average,72,72,0.0,0.699754739986452,3.971581082368498,3.5246699894820273,0.5874445709056001,11.630986869826351,cs_095806,3,,True,local_amplitudes,,4
14.04,15.356954807839736,,channel,liu_weighted_median,72,72,0.0,3.971581082368498,3.971581082368498,7.499095908816475,0.5874445709056001,9.380019998858529,cs_095806,3,,True,local_amplitudes,,4
14.04,15.3226146682161,,channel,snr_mrc,72,72,0.0,0.7018918914471949,3.971581082368498,3.5570632669439695,0.5874445709056001,9.135432109801295,cs_095806,3,,True,local_amplitudes,,4
14.04,15.429097069634114,,channel,quality_mrc,72,72,0.0,0.7086338391177598,3.971581082368498,3.6605519564941305,0.5874445709056001,9.893853772322757,cs_095806,3,,True,local_amplitudes,,4
14.04,15.966948966605294,,channel,best_tone,72,72,0.0,0.8184071632517715,3.6962736823151587,14.28907590840549,0.5932040905203712,13.724707739353953,cs_095806,3,,True,remote_amplitudes,,4
14.04,16.008882488559337,,channel,equal_average,72,72,0.0,0.6219079937541048,3.6962736823151587,2.63282141500578,0.5932040905203712,14.02337954814343,cs_095806,3,,True,remote_amplitudes,,4
14.04,15.3379899867414,,channel,liu_weighted_median,72,72,0.0,3.6962736823151587,3.6962736823151587,6.7413793467729555,0.5932040905203712,9.244942925508553,cs_095806,3,,True,remote_amplitudes,,4
14.04,17.112339639364986,,channel,snr_mrc,72,72,0.0,0.6018922638142269,3.6962736823151587,2.386707888239572,0.5932040905203712,21.882760964138086,cs_095806,3,,True,remote_amplitudes,,4
14.04,15.928564196826692,,channel,quality_mrc,72,72,0.0,0.6304119828471725,3.6962736823151587,2.7423088381470477,0.5932040905203712,13.451311943210062,cs_095806,3,,True,remote_amplitudes,,4
14.04,13.888673481467878,,channel,best_tone,72,72,0.09722222222222222,0.7576061241559863,3.7927025250302555,6.836062219226124,0.4586080149577481,1.07782420606924,cs_095806,3,,True,phases,,4
14.04,15.127472181254625,,channel,equal_average,72,72,0.09722222222222222,0.6284263384513822,3.7927025250302555,3.4243958085035016,0.4586080149577481,7.745528356514428,cs_095806,3,,True,phases,,4
14.04,15.122475933663726,,channel,liu_weighted_median,72,72,0.09722222222222222,3.7927025250302555,3.7927025250302555,6.601991787290454,0.4586080149577481,7.70994254746244,cs_095806,3,,True,phases,,4
14.04,15.832818206890845,,channel,snr_mrc,72,72,0.09722222222222222,0.6512519766324072,3.7927025250302555,3.811254794959287,0.4586080149577481,12.7693604479405,cs_095806,3,,True,phases,,4
14.04,15.131380884187116,,channel,quality_mrc,72,72,0.09722222222222222,0.6328812564696414,3.7927025250302555,3.4977399834822185,0.4586080149577481,7.773368120990865,cs_095806,3,,True,phases,,4
14.04,16.048996681840467,,channel,best_tone,72,72,0.0,0.8374844923147939,4.0982946105467875,13.882420696624825,0.5873951034178307,14.30909317550191,cs_095806,3,,True,local_amplitudes,,5
14.04,15.7024646126183,,channel,equal_average,72,72,0.0,0.6458044438897075,4.0982946105467875,2.7512117393336086,0.5873951034178307,11.840916044289894,cs_095806,3,,True,local_amplitudes,,5
14.04,15.151107920456003,,channel,liu_weighted_median,72,72,0.0,4.0982946105467875,4.0982946105467875,7.936727103690905,0.5873951034178307,7.913874077321963,cs_095806,3,,True,local_amplitudes,,5
14.04,14.937618511131047,,channel,snr_mrc,72,72,0.0,0.6820929292822387,4.0982946105467875,3.241541389181159,0.5873951034178307,6.3932942388251295,cs_095806,3,,True,local_amplitudes,,5
14.04,15.292267421813754,,channel,quality_mrc,72,72,0.0,0.6704310757803631,4.0982946105467875,3.0781043450112398,0.5873951034178307,8.919283631152105,cs_095806,3,,True,local_amplitudes,,5
14.04,16.011267737968986,,channel,best_tone,72,72,0.0,0.821488592920578,3.7883020094904563,16.38264438649339,0.5853559116308026,14.04036850405261,cs_095806,3,,True,remote_amplitudes,,5
14.04,16.594316389208657,,channel,equal_average,72,72,0.0,0.5781007252876756,3.7883020094904563,2.0910151592511954,0.5853559116308026,18.193136675275344,cs_095806,3,,True,remote_amplitudes,,5
14.04,15.477895192720329,,channel,liu_weighted_median,72,72,0.0,3.7883020094904563,3.7883020094904563,7.604886587994031,0.5853559116308026,10.241418751569299,cs_095806,3,,True,remote_amplitudes,,5
14.04,17.13256263152736,,channel,snr_mrc,72,72,0.0,0.6034075436452863,3.7883020094904563,2.3778192823558126,0.5853559116308026,22.026799369853002,cs_095806,3,,True,remote_amplitudes,,5
14.04,16.600287498955318,,channel,quality_mrc,72,72,0.0,0.5779800125058648,3.7883020094904563,2.0897055627918104,0.5853559116308026,18.235665946975203,cs_095806,3,,True,remote_amplitudes,,5
14.04,13.790093128675375,,channel,best_tone,72,72,0.06944444444444445,0.7742268884429948,4.006980810467482,8.23355408599031,0.4640927138075354,1.7799634709731067,cs_095806,3,,True,phases,,5
14.04,15.168465392695662,,channel,equal_average,72,72,0.06944444444444445,0.6055197779181428,4.006980810467482,2.8703278120472135,0.4640927138075354,8.037502796977657,cs_095806,3,,True,phases,,5
14.04,14.890897099349159,,channel,liu_weighted_median,72,72,0.06944444444444445,4.006980810467482,4.006980810467482,7.011453062821428,0.4640927138075354,6.060520650635041,cs_095806,3,,True,phases,,5
14.04,15.814541625606335,,channel,snr_mrc,72,72,0.06944444444444445,0.619917954331238,4.006980810467482,3.0799888518036345,0.4640927138075354,12.639185367566494,cs_095806,3,,True,phases,,5
14.04,15.14628494008608,,channel,quality_mrc,72,72,0.06944444444444445,0.6098186248517496,4.006980810467482,2.9318959471330377,0.4640927138075354,7.879522365285475,cs_095806,3,,True,phases,,5
14.04,16.172010301569514,,channel,best_tone,72,72,0.0,0.8415884084800612,4.090541355643788,10.960942134430175,0.596072705143389,15.185258558187432,cs_095806,3,,True,local_amplitudes,,6
14.04,15.884749938300601,,channel,equal_average,72,72,0.0,0.5864513995306285,4.090541355643788,2.030243347272216,0.596072705143389,13.139244574790613,cs_095806,3,,True,local_amplitudes,,6
14.04,15.203671010807195,,channel,liu_weighted_median,72,72,0.0,4.090541355643788,4.090541355643788,7.869112948152816,0.596072705143389,8.288255062729316,cs_095806,3,,True,local_amplitudes,,6
14.04,14.487318724262604,,channel,snr_mrc,72,72,0.0,0.6869820786657872,4.090541355643788,3.2635347257689857,0.596072705143389,3.186030799591202,cs_095806,3,,True,local_amplitudes,,6
14.04,15.030394807876608,,channel,quality_mrc,72,72,0.0,0.638789405549209,4.090541355643788,2.6237661750040746,0.596072705143389,7.054094073195218,cs_095806,3,,True,local_amplitudes,,6
14.04,16.190611561243394,,channel,best_tone,72,72,0.0,0.8205265600635545,3.7702227256508443,13.12754454761355,0.5860989117927045,15.317746162702242,cs_095806,3,,True,remote_amplitudes,,6
14.04,17.209860003766813,,channel,equal_average,72,72,0.0,0.5319180072108982,3.7702227256508443,1.634584583177391,0.5860989117927045,22.57735045417959,cs_095806,3,,True,remote_amplitudes,,6
14.04,15.614210687115053,,channel,liu_weighted_median,72,72,0.0,3.7702227256508443,3.7702227256508443,8.043322230837633,0.5860989117927045,11.212326831303802,cs_095806,3,,True,remote_amplitudes,,6
14.04,16.532535891753536,,channel,snr_mrc,72,72,0.0,0.6038100066060414,3.7702227256508443,2.390970611296025,0.5860989117927045,17.75310464211921,cs_095806,3,,True,remote_amplitudes,,6
14.04,17.009465556333936,,channel,quality_mrc,72,72,0.0,0.5378232232562611,3.7702227256508443,1.68963140574395,0.5860989117927045,21.15003957502804,cs_095806,3,,True,remote_amplitudes,,6
14.04,13.736054543040659,,channel,best_tone,72,72,0.06944444444444445,0.7710346893602841,4.078712005500179,9.892242313158253,0.4583758761179025,2.1648536820465836,cs_095806,3,,True,phases,,6
14.04,15.27138320080136,,channel,equal_average,72,72,0.06944444444444445,0.5726909500480003,4.078712005500179,2.458614609843396,0.4583758761179025,8.77053561824331,cs_095806,3,,True,phases,,6
14.04,14.785701155383945,,channel,liu_weighted_median,72,72,0.06944444444444445,4.078712005500179,4.078712005500179,7.151672426620132,0.4583758761179025,5.311261790483947,cs_095806,3,,True,phases,,6
14.04,14.91445959604051,,channel,snr_mrc,72,72,0.06944444444444445,0.5753366636749933,4.078712005500179,2.492847142606442,0.4583758761179025,6.228344701143242,cs_095806,3,,True,phases,,6
14.04,15.144850189605988,,channel,quality_mrc,72,72,0.06944444444444445,0.5670552613344052,4.078712005500179,2.386742960461954,0.4583758761179025,7.869303344772,cs_095806,3,,True,phases,,6
14.04,16.265551857363157,,channel,best_tone,72,72,0.0,0.8510941000378539,4.163217367557564,9.220564710431425,0.6164995156323394,15.851508955578048,cs_095806,3,,True,local_amplitudes,,7
14.04,16.48422333616319,,channel,equal_average,72,72,0.0,0.5246957465872867,4.163217367557564,1.4058569802557501,0.6164995156323394,17.40899812082045,cs_095806,3,,True,local_amplitudes,,7
14.04,15.18421310333331,,channel,liu_weighted_median,72,72,0.0,4.163217367557564,4.163217367557564,7.233701526685629,0.6164995156323394,8.149665978157483,cs_095806,3,,True,local_amplitudes,,7
14.04,14.469609153510653,,channel,snr_mrc,72,72,0.0,0.8030046976723731,4.163217367557564,5.039329646450225,0.6164995156323394,3.0598942557738895,cs_095806,3,,True,local_amplitudes,,7
14.04,14.547351860739532,,channel,quality_mrc,72,72,0.0,0.6203422525403409,4.163217367557564,2.323339086157926,0.6164995156323394,3.6136172417345644,cs_095806,3,,True,local_amplitudes,,7
14.04,16.300200297987143,,channel,best_tone,72,72,0.0,0.8253971039939739,3.7803615543090703,13.863424641813614,0.5949979587817065,16.098292720706155,cs_095806,3,,True,remote_amplitudes,,7
14.04,17.625436881302246,,channel,equal_average,72,72,0.0,0.5550613341727972,3.7803615543090703,1.8246742940792215,0.5949979587817065,25.53729972437498,cs_095806,3,,True,remote_amplitudes,,7
14.04,15.281128980467345,,channel,liu_weighted_median,72,72,0.0,3.7803615543090703,3.7803615543090703,7.659595159089055,0.5949979587817065,8.839950003328676,cs_095806,3,,True,remote_amplitudes,,7
14.04,15.324305373651054,,channel,snr_mrc,72,72,0.0,0.6490696090411882,3.7803615543090703,2.917670557141888,0.5949979587817065,9.14747417130381,cs_095806,3,,True,remote_amplitudes,,7
14.04,17.68457206984575,,channel,quality_mrc,72,72,0.0,0.5205452055000342,3.7803615543090703,1.5050044370501816,0.5949979587817065,25.958490525966887,cs_095806,3,,True,remote_amplitudes,,7
14.04,13.727820352899275,,channel,best_tone,72,72,0.08333333333333333,0.7722200789566033,4.07057759212924,11.091727713691288,0.4604932507966111,2.223501759976664,cs_095806,3,,True,phases,,7
14.04,15.67635623669722,,channel,equal_average,72,72,0.08333333333333333,0.5398049812334058,4.07057759212924,2.0494562156905105,0.4604932507966111,11.654958950834908,cs_095806,3,,True,phases,,7
14.04,14.725632995723691,,channel,liu_weighted_median,72,72,0.08333333333333333,4.07057759212924,4.07057759212924,6.824445157469833,0.4604932507966111,4.883425895467892,cs_095806,3,,True,phases,,7
14.04,13.550632244728805,,channel,snr_mrc,72,72,0.08333333333333333,0.6313459627726612,4.07057759212924,3.2789153434570397,0.4604932507966111,3.4855253224444063,cs_095806,3,,True,phases,,7
14.04,14.73069417588461,,channel,quality_mrc,72,72,0.08333333333333333,0.5281562978714605,4.07057759212924,1.9196204567440447,0.4604932507966111,4.919474187212327,cs_095806,3,,True,phases,,7
14.04,16.343650123853493,,channel,best_tone,72,72,0.0,0.8586673477038512,4.117601032970979,7.743922590549913,0.6331036907015258,16.407764414910925,cs_095806,3,,True,local_amplitudes,,8
14.04,11.897940995698908,,channel,equal_average,72,72,0.0,0.5201171333972241,4.117601032970979,1.3334596725656722,0.6331036907015258,15.256830514965033,cs_095806,3,,True,local_amplitudes,,8
14.04,15.144057420788771,,channel,liu_weighted_median,72,72,0.0,4.117601032970979,4.117601032970979,6.9077071730549795,0.6331036907015258,7.863656843224871,cs_095806,3,,True,local_amplitudes,,8
14.04,14.228950063785575,,channel,snr_mrc,72,72,0.0,0.8430540368686669,4.117601032970979,5.678617833943649,0.6331036907015258,1.345798175110941,cs_095806,3,,True,local_amplitudes,,8
14.04,14.204611665628937,,channel,quality_mrc,72,72,0.0,0.6014182273886981,4.117601032970979,2.0616083471790976,0.6331036907015258,1.172447760889869,cs_095806,3,,True,local_amplitudes,,8
14.04,16.372980596061936,,channel,best_tone,72,72,0.0,0.8268990505246511,3.736886818093418,10.63848515408201,0.6052119948875927,16.616670912122057,cs_095806,3,,True,remote_amplitudes,,8
14.04,17.878800280069747,,channel,equal_average,72,72,0.0,0.583766016482141,3.736886818093418,2.1111067694586145,0.6052119948875927,27.34188233667912,cs_095806,3,,True,remote_amplitudes,,8
14.04,15.22024423393244,,channel,liu_weighted_median,72,72,0.0,3.736886818093418,3.736886818093418,7.235511427329006,0.6052119948875927,8.406297962481778,cs_095806,3,,True,remote_amplitudes,,8
14.04,13.409927108621112,,channel,snr_mrc,72,72,0.0,0.6132381820035946,3.736886818093418,2.4472668816225487,0.6052119948875927,4.487698656544782,cs_095806,3,,True,remote_amplitudes,,8
14.04,18.038382365032678,,channel,quality_mrc,72,72,0.0,0.5628800811066025,3.736886818093418,1.8925240696206194,0.6052119948875927,28.47850687345213,cs_095806,3,,True,remote_amplitudes,,8
14.04,13.748472140854146,,channel,best_tone,72,72,0.09722222222222222,0.7752756546521831,4.0671776495297,10.891984830107038,0.46598124691407206,2.076409253175594,cs_095806,3,,True,phases,,8
14.04,16.99863387115461,,channel,equal_average,72,72,0.09722222222222222,0.5181471908776113,4.0671776495297,1.7911924712942704,0.46598124691407206,21.072890820189535,cs_095806,3,,True,phases,,8
14.04,14.545120821356381,,channel,liu_weighted_median,72,72,0.09722222222222222,4.0671776495297,4.0671776495297,6.564722150784881,0.46598124691407206,3.5977266478374776,cs_095806,3,,True,phases,,8
14.04,13.223606959912958,,channel,snr_mrc,72,72,0.09722222222222222,0.7544783056801336,4.0671776495297,5.529973891554146,0.46598124691407206,5.814765242785192,cs_095806,3,,True,phases,,8
14.04,13.244534530086991,,channel,quality_mrc,72,72,0.09722222222222222,0.4930627847498769,4.0671776495297,1.543439049571239,0.46598124691407206,5.665708475163876,cs_095806,3,,True,phases,,8
14.04,16.392460050519887,,channel,best_tone,72,72,0.0,0.865498396902129,4.046424102717386,6.688810615857809,0.6483340087873662,16.755413465241364,cs_095806,3,,True,local_amplitudes,,9
14.04,10.30392115758996,,channel,equal_average,72,72,0.0,0.5505583568548955,4.046424102717386,1.5444097131983898,0.6483340087873662,26.61024816531367,cs_095806,3,,True,local_amplitudes,,9
14.04,15.047715427219805,,channel,liu_weighted_median,72,72,0.0,4.046424102717386,4.046424102717386,6.729235594932291,0.6483340087873662,7.177460307833372,cs_095806,3,,True,local_amplitudes,,9
14.04,14.663862343831598,,channel,snr_mrc,72,72,0.0,0.8269532925540817,4.046424102717386,5.233538087015926,0.6483340087873662,4.44346398740455,cs_095806,3,,True,local_amplitudes,,9
14.04,14.095776588250079,,channel,quality_mrc,72,72,0.0,0.6303339844803415,4.046424102717386,2.317739462546142,0.6483340087873662,0.397269147080339,cs_095806,3,,True,local_amplitudes,,9
14.04,16.404092666919986,,channel,best_tone,72,72,0.013888888888888888,0.8242280687264615,3.6309513297008515,7.755499692058548,0.616853117902277,16.83826685840447,cs_095806,3,,True,remote_amplitudes,,9
14.04,17.979345654154212,,channel,equal_average,72,72,0.013888888888888888,0.6051241111405897,3.6309513297008515,2.3743373432952857,0.616853117902277,28.05801747973086,cs_095806,3,,True,remote_amplitudes,,9
14.04,15.097207736522943,,channel,liu_weighted_median,72,72,0.013888888888888888,3.6309513297008515,3.6309513297008515,6.749637897871451,0.616853117902277,7.529969633354303,cs_095806,3,,True,remote_amplitudes,,9
14.04,13.344568772028047,,channel,snr_mrc,72,72,0.013888888888888888,0.8242280687264615,3.6309513297008515,13.310754818064465,0.616853117902277,4.9532138744441,cs_095806,3,,True,remote_amplitudes,,9
14.04,18.200793052258856,,channel,quality_mrc,72,72,0.013888888888888888,0.5734456603003981,3.6309513297008515,2.0206256482646463,0.616853117902277,29.635278149991862,cs_095806,3,,True,remote_amplitudes,,9
14.04,13.789217621796762,,channel,best_tone,72,72,0.09722222222222222,0.7854984382909056,4.047627365132468,9.714199996687269,0.48465866060967566,1.7861992749518292,cs_095806,3,,True,phases,,9
14.04,17.6835789128481,,channel,equal_average,72,72,0.09722222222222222,0.5436492804898994,4.047627365132468,1.9891691968641927,0.48465866060967566,25.95141675817735,cs_095806,3,,True,phases,,9
14.04,14.435699185706511,,channel,liu_weighted_median,72,72,0.09722222222222222,4.047627365132468,4.047627365132468,6.234925180424532,0.48465866060967566,2.8183702685649,cs_095806,3,,True,phases,,9
14.04,12.974150026382903,,channel,snr_mrc,72,72,0.09722222222222222,0.7854984382909056,4.047627365132468,6.931447119138931,0.48465866060967566,7.591524028611797,cs_095806,3,,True,phases,,9
14.04,12.703802113634273,,channel,quality_mrc,72,72,0.09722222222222222,0.5449729017030064,4.047627365132468,2.0037336716382645,0.48465866060967566,9.517078962718847,cs_095806,3,,True,phases,,9
14.04,14.803383524931325,,channel,best_tone,72,72,0.0,0.8643830752798133,3.8961779135186307,6.416567009359254,0.6630403757238909,5.437204593527964,cs_095806,3,,True,local_amplitudes,,10
14.04,8.956900126876304,,channel,equal_average,72,72,0.0,0.6191820592744214,3.8961779135186307,2.205401059045119,0.6630403757238909,36.20441505073857,cs_095806,3,,True,local_amplitudes,,10
14.04,15.048935873249068,,channel,liu_weighted_median,72,72,0.0,3.8961779135186307,3.8961779135186307,6.374891285837787,0.6630403757238909,7.186152943369437,cs_095806,3,,True,local_amplitudes,,10
14.04,14.16018560311081,,channel,snr_mrc,72,72,0.0,0.8643830752798133,3.8961779135186307,6.595712157447132,0.6630403757238909,0.8560228141795613,cs_095806,3,,True,local_amplitudes,,10
14.04,14.036103666889328,,channel,quality_mrc,72,72,0.0,0.6975522231422321,3.8961779135186307,3.153280953901843,0.6630403757238909,0.027751660332412567,cs_095806,3,,True,local_amplitudes,,10
14.04,14.65911844224004,,channel,best_tone,72,72,0.013888888888888888,0.8201732665793143,3.5212738200263374,6.458096106481471,0.6267250039623151,4.4096755145302025,cs_095806,3,,True,remote_amplitudes,,10
14.04,17.934352699745357,,channel,equal_average,72,72,0.013888888888888888,0.6713477332156544,3.5212738200263374,3.290614467136095,0.6267250039623151,27.737554841491157,cs_095806,3,,True,remote_amplitudes,,10
14.04,15.02201256012673,,channel,liu_weighted_median,72,72,0.013888888888888888,3.5212738200263374,3.5212738200263374,6.276955601913703,0.6267250039623151,6.994391453894089,cs_095806,3,,True,remote_amplitudes,,10
14.04,13.816064921842447,,channel,snr_mrc,72,72,0.013888888888888888,0.8201732665793143,3.5212738200263374,16.806741300641704,0.6267250039623151,1.5949791891563563,cs_095806,3,,True,remote_amplitudes,,10
14.04,18.325385808246885,,channel,quality_mrc,72,72,0.013888888888888888,0.5949230863513278,3.5212738200263374,2.289901961223933,0.6267250039623151,30.522690941929394,cs_095806,3,,True,remote_amplitudes,,10
14.04,13.828646910835452,,channel,best_tone,72,72,0.06944444444444445,0.7788366105134465,3.80660850959895,8.406369544483047,0.49643323801282224,1.5053638829383673,cs_095806,3,,True,phases,,10
14.04,17.910590168163107,,channel,equal_average,72,72,0.06944444444444445,0.665380784221814,3.80660850959895,3.7413034969856396,0.49643323801282224,27.56830604104778,cs_095806,3,,True,phases,,10
14.04,14.535652518464358,,channel,liu_weighted_median,72,72,0.06944444444444445,3.80660850959895,3.80660850959895,5.831182966627679,0.49643323801282224,3.530288593050992,cs_095806,3,,True,phases,,10
14.04,12.787517617560372,,channel,snr_mrc,72,72,0.06944444444444445,0.7470505673951623,3.80660850959895,5.294953810844487,0.49643323801282224,8.920814689740935,cs_095806,3,,True,phases,,10
14.04,12.498523439925243,,channel,quality_mrc,72,72,0.06944444444444445,0.6014894688333193,3.80660850959895,2.7637341181296136,0.49643323801282224,10.979177778310227,cs_095806,3,,True,phases,,10
14.04,14.771294866439826,,channel,best_tone,72,72,0.0,0.8604625553120175,3.7845685829629474,6.584855192724384,0.6733479453422188,5.208652894870561,cs_095806,3,,True,local_amplitudes,,11
14.04,8.437238882813027,,channel,equal_average,72,72,0.0,0.6708431997083681,3.7845685829629474,2.8432718664009644,0.6733479453422188,39.90570596287017,cs_095806,3,,True,local_amplitudes,,11
14.04,14.88778541452432,,channel,liu_weighted_median,72,72,0.0,3.7845685829629474,3.7845685829629474,6.2592205631136,0.6733479453422188,6.038357653307128,cs_095806,3,,True,local_amplitudes,,11
14.04,14.180652127619606,,channel,snr_mrc,72,72,0.0,0.8604625553120175,3.7845685829629474,6.186124196854978,0.6733479453422188,1.0017957807664293,cs_095806,3,,True,local_amplitudes,,11
14.04,13.960228104823695,,channel,quality_mrc,72,72,0.0,0.7013435452898198,3.7845685829629474,3.248985220680236,0.6733479453422188,0.5681758915691153,cs_095806,3,,True,local_amplitudes,,11
14.04,14.670555944388951,,channel,best_tone,72,72,0.013888888888888888,0.8156340189258618,3.433353284761303,6.412070356575915,0.6321606974360084,4.491139205049517,cs_095806,3,,True,remote_amplitudes,,11
14.04,17.671162896284002,,channel,equal_average,72,72,0.013888888888888888,0.6308322855036897,3.433353284761303,2.7759202994803123,0.6321606974360084,25.862983591766408,cs_095806,3,,True,remote_amplitudes,,11
14.04,14.91498985768555,,channel,liu_weighted_median,72,72,0.013888888888888888,3.433353284761303,3.433353284761303,6.0549659274558305,0.6321606974360084,6.232121493486827,cs_095806,3,,True,remote_amplitudes,,11
14.04,14.556796972048817,,channel,snr_mrc,72,72,0.013888888888888888,0.8156340189258618,3.433353284761303,10.78818898303856,0.6321606974360084,3.6808901143078185,cs_095806,3,,True,remote_amplitudes,,11
14.04,18.270101234807893,,channel,quality_mrc,72,72,0.013888888888888888,0.5251092244874853,3.433353284761303,1.6010843006177198,0.6321606974360084,30.1289261738454,cs_095806,3,,True,remote_amplitudes,,11
14.04,13.844800307397337,,channel,best_tone,72,72,0.08333333333333333,0.7738763790986315,3.6474745714444885,7.48478243762368,0.508255973233472,1.3903112008736611,cs_095806,3,,True,phases,,11
14.04,17.86751761265908,,channel,equal_average,72,72,0.08333333333333333,0.6723642130028838,3.6474745714444885,3.935049926232935,0.508255973233472,27.26152145768575,cs_095806,3,,True,phases,,11
14.04,14.57537731929574,,channel,liu_weighted_median,72,72,0.08333333333333333,3.6474745714444885,3.6474745714444885,5.445961081874227,0.508255973233472,3.813228769912682,cs_095806,3,,True,phases,,11
14.04,17.920344206146552,,channel,snr_mrc,72,72,0.08333333333333333,0.6161985275432931,3.6474745714444885,3.0289942304087423,0.508255973233472,27.637779246058074,cs_095806,3,,True,phases,,11
14.04,12.429626784934669,,channel,quality_mrc,72,72,0.08333333333333333,0.6090040624611465,3.6474745714444885,2.9241324918017226,0.508255973233472,11.469894694197508,cs_095806,3,,True,phases,,11
14.04,14.758684236240233,,channel,best_tone,72,72,0.0,0.8574043488759426,3.721465004960909,6.662036084112385,0.6774903254098164,5.118833591454659,cs_095806,3,,True,local_amplitudes,,12
14.04,8.240421174097598,,channel,equal_average,72,72,0.0,0.6585964852247624,3.721465004960909,2.7192706197551275,0.6774903254098164,41.307541495031344,cs_095806,3,,True,local_amplitudes,,12
14.04,14.790377972048265,,channel,liu_weighted_median,72,72,0.0,3.721465004960909,3.721465004960909,6.322857164732408,0.6774903254098164,5.344572450486226,cs_095806,3,,True,local_amplitudes,,12
14.04,14.328477657717038,,channel,snr_mrc,72,72,0.0,0.7834038239570402,3.721465004960909,4.57668756614327,0.6774903254098164,2.0546841717737787,cs_095806,3,,True,local_amplitudes,,12
14.04,13.823334018595437,,channel,quality_mrc,72,72,0.0,0.6640147645947799,3.721465004960909,2.786938678226462,0.6774903254098164,1.5432049957589884,cs_095806,3,,True,local_amplitudes,,12
14.04,14.710090573834123,,channel,best_tone,72,72,0.013888888888888888,0.8098990528680847,3.363597623037384,6.277361067666676,0.6317549125185218,4.772724884858429,cs_095806,3,,True,remote_amplitudes,,12
14.04,17.078561002038615,,channel,equal_average,72,72,0.013888888888888888,0.5998336078975133,3.363597623037384,2.4375355723049426,0.6317549125185218,21.642172379192424,cs_095806,3,,True,remote_amplitudes,,12
14.04,14.843178900302028,,channel,liu_weighted_median,72,72,0.013888888888888888,3.363597623037384,3.363597623037384,5.898964555081353,0.6317549125185218,5.720647438048642,cs_095806,3,,True,remote_amplitudes,,12
14.04,15.016233096382024,,channel,snr_mrc,72,72,0.013888888888888888,0.8098990528680847,3.363597623037384,7.643506285082649,0.6317549125185218,6.9532271822081535,cs_095806,3,,True,remote_amplitudes,,12
14.04,14.70842293581833,,channel,quality_mrc,72,72,0.013888888888888888,0.5477468048136624,3.363597623037384,1.8560861740884207,0.6317549125185218,4.7608471212131835,cs_095806,3,,True,remote_amplitudes,,12
14.04,13.818382192893317,,channel,best_tone,72,72,0.06944444444444445,0.7744488948043324,3.5975596292805303,7.008291955884904,0.5164523801302805,1.5784744095917531,cs_095806,3,,True,phases,,12
14.04,17.58771283225401,,channel,equal_average,72,72,0.06944444444444445,0.5703519642347751,3.5975596292805303,2.3966343635033733,0.5164523801302805,25.26860991633911,cs_095806,3,,True,phases,,12
14.04,14.5202264177383,,channel,liu_weighted_median,72,72,0.06944444444444445,3.5975596292805303,3.5975596292805303,5.390825330679557,0.5164523801302805,3.4204160807571293,cs_095806,3,,True,phases,,12
14.04,17.529948343826447,,channel,snr_mrc,72,72,0.06944444444444445,0.6534585039654717,3.5975596292805303,3.6043503598625874,0.5164523801302805,24.857181936085816,cs_095806,3,,True,phases,,12
14.04,12.582093779444458,,channel,quality_mrc,72,72,0.06944444444444445,0.5544147702742831,3.5975596292805303,2.201290366729302,0.5164523801302805,10.383947439854284,cs_095806,3,,True,phases,,12
14.04,14.773091340670476,,channel,best_tone,72,72,0.0,0.8511673362154413,3.753916712630639,6.510291071138219,0.657082961464633,5.221448295373766,cs_095806,3,,True,local_amplitudes,,13
14.04,8.326785899433217,,channel,equal_average,72,72,0.0,0.5990367702404547,3.753916712630639,2.091543235982345,0.657082961464633,40.69240812369503,cs_095806,3,,True,local_amplitudes,,13
14.04,14.705671948816727,,channel,liu_weighted_median,72,72,0.0,3.753916712630639,3.753916712630639,6.431675655089612,0.657082961464633,4.741253196700343,cs_095806,3,,True,local_amplitudes,,13
14.04,14.261928862626787,,channel,snr_mrc,72,72,0.0,0.6610735980324551,3.753916712630639,2.810967607730971,0.657082961464633,1.5806899047492016,cs_095806,3,,True,local_amplitudes,,13
14.04,13.786852273491418,,channel,quality_mrc,72,72,0.0,0.5879531666457972,3.753916712630639,1.9775824732213243,0.657082961464633,1.8030464851038572,cs_095806,3,,True,local_amplitudes,,13
14.04,15.367720870446233,,channel,best_tone,72,72,0.013888888888888888,0.805324504949825,3.343335224651332,6.048425814820527,0.6248745114782629,9.456701356454655,cs_095806,3,,True,remote_amplitudes,,13
14.04,16.477611637391522,,channel,equal_average,72,72,0.013888888888888888,0.6031936099632188,3.343335224651332,2.521208158636805,0.6248745114782629,17.361906249227374,cs_095806,3,,True,remote_amplitudes,,13
14.04,14.747083015226192,,channel,liu_weighted_median,72,72,0.013888888888888888,3.343335224651332,3.343335224651332,5.9203138658716545,0.6248745114782629,5.03620381215237,cs_095806,3,,True,remote_amplitudes,,13
14.04,15.204182663725023,,channel,snr_mrc,72,72,0.013888888888888888,0.7226452673027207,3.343335224651332,4.335248491781722,0.6248745114782629,8.291899314280796,cs_095806,3,,True,remote_amplitudes,,13
14.04,15.127403007823279,,channel,quality_mrc,72,72,0.013888888888888888,0.591858395872338,3.343335224651332,2.381726811789097,0.6248745114782629,7.74503566825698,cs_095806,3,,True,remote_amplitudes,,13
14.04,13.74405737240251,,channel,best_tone,72,72,0.041666666666666664,0.7858743534987901,3.747927805738779,6.917843273338981,0.5179980476291113,2.1078534729165868,cs_095806,3,,True,phases,,13
14.04,16.96574762805966,,channel,equal_average,72,72,0.041666666666666664,0.5131965684347746,3.747927805738779,1.670871815498225,0.5179980476291113,20.838658319513254,cs_095806,3,,True,phases,,13
14.04,14.352125964067438,,channel,liu_weighted_median,72,72,0.041666666666666664,3.747927805738779,3.747927805738779,5.677695306147857,0.5179980476291113,2.223119402189738,cs_095806,3,,True,phases,,13
14.04,17.32890311717109,,channel,snr_mrc,72,72,0.041666666666666664,0.6070378071416513,3.747927805738779,2.765280067716819,0.5179980476291113,23.425235877286983,cs_095806,3,,True,phases,,13
14.04,13.167628618358295,,channel,quality_mrc,72,72,0.041666666666666664,0.5362351807984159,3.747927805738779,1.9061532424585133,0.5179980476291113,6.213471379214417,cs_095806,3,,True,phases,,13
14.04,14.831811829581204,,channel,best_tone,72,72,0.0,0.8465539820207426,3.721329847548966,6.054119938751769,0.6521174110491565,5.639685395877526,cs_095806,3,,True,local_amplitudes,,14
14.04,8.620602557130473,,channel,equal_average,72,72,0.0,0.5796733572359852,3.721329847548966,1.926359324669504,0.6521174110491565,38.59969688653509,cs_095806,3,,True,local_amplitudes,,14
14.04,14.779253824507716,,channel,liu_weighted_median,72,72,0.0,3.721329847548966,3.721329847548966,6.54431991111337,0.6521174110491565,5.265340630396845,cs_095806,3,,True,local_amplitudes,,14
14.04,13.857546702466715,,channel,snr_mrc,72,72,0.0,0.5527619795370082,3.721329847548966,1.6703280335585804,0.6521174110491565,1.2995249112057266,cs_095806,3,,True,local_amplitudes,,14
14.04,8.458541089781399,,channel,quality_mrc,72,72,0.0,0.5198452185606249,3.721329847548966,1.389342883986971,0.6521174110491565,39.75398084201282,cs_095806,3,,True,local_amplitudes,,14
14.04,12.98636599031076,,channel,best_tone,72,72,0.013888888888888888,0.7910978049290707,3.3120844167372074,14.441564865886066,0.5979283320881228,7.50451573852734,cs_095806,3,,True,remote_amplitudes,,14
14.04,16.02819052252532,,channel,equal_average,72,72,0.013888888888888888,0.5719858258225203,3.3120844167372074,2.2678614170523934,0.5979283320881228,14.160901157587766,cs_095806,3,,True,remote_amplitudes,,14
14.04,14.746812448540256,,channel,liu_weighted_median,72,72,0.013888888888888888,3.3120844167372074,3.3120844167372074,6.0831194101852955,0.5979283320881228,5.0342766990046774,cs_095806,3,,True,remote_amplitudes,,14
14.04,14.93596793923655,,channel,snr_mrc,72,72,0.013888888888888888,0.5553917910457142,3.3120844167372074,2.0761516895149352,0.5979283320881228,6.381538028750359,cs_095806,3,,True,remote_amplitudes,,14
14.04,15.06019368320538,,channel,quality_mrc,72,72,0.013888888888888888,0.5735273452613586,3.3120844167372074,2.2862467465360825,0.5979283320881228,7.266336774967103,cs_095806,3,,True,remote_amplitudes,,14
14.04,13.641495414231235,,channel,best_tone,72,72,0.027777777777777776,0.7887147185614938,3.7030149496627995,7.196595927873644,0.5299859570941338,2.8383517504897733,cs_095806,3,,True,phases,,14
14.04,15.840278814674646,,channel,equal_average,72,72,0.027777777777777776,0.5621363736632042,3.7030149496627995,2.172283368328704,0.5299859570941338,12.822498680018851,cs_095806,3,,True,phases,,14
14.04,14.170470155806804,,channel,liu_weighted_median,72,72,0.027777777777777776,3.7030149496627995,3.7030149496627995,5.991446291981644,0.5299859570941338,0.9292746140085801,cs_095806,3,,True,phases,,14
14.04,16.92629925627527,,channel,snr_mrc,72,72,0.027777777777777776,0.5191853424759015,3.7030149496627995,1.7114281975596788,0.5299859570941338,20.55768701050764,cs_095806,3,,True,phases,,14
14.04,14.60887366726675,,channel,quality_mrc,72,72,0.027777777777777776,0.6031133463889604,3.7030149496627995,2.682799590785884,0.5299859570941338,4.051806746914176,cs_095806,3,,True,phases,,14
14.04,13.632816174482391,,channel,best_tone,72,72,0.013888888888888888,0.8047167445935351,3.559858609061043,14.14129254100243,0.5855397151576827,2.90016969741886,cs_095806,3,,True,local_amplitudes,,15
14.04,9.148949614434084,,channel,equal_average,72,72,0.013888888888888888,0.5255015618541665,3.559858609061043,1.6708758002871194,0.5855397151576827,34.83654120773444,cs_095806,3,,True,local_amplitudes,,15
14.04,14.551631319454813,,channel,liu_weighted_median,72,72,0.013888888888888888,3.559858609061043,3.559858609061043,6.561152956058054,0.5855397151576827,3.6440977169146307,cs_095806,3,,True,local_amplitudes,,15
14.04,10.016076990686424,,channel,snr_mrc,72,72,0.013888888888888888,0.5114105346735993,3.559858609061043,1.5400369658004165,0.5855397151576827,28.66042029425624,cs_095806,3,,True,local_amplitudes,,15
14.04,13.187020853996438,,channel,quality_mrc,72,72,0.013888888888888888,0.4835347326789595,3.559858609061043,1.301682785426962,0.5855397151576827,6.075350042760404,cs_095806,3,,True,local_amplitudes,,15
14.04,14.219748989927977,,channel,best_tone,72,72,0.027777777777777776,0.7658868147806127,3.181403723407049,7.165893008822018,0.5648524087822031,1.280263461025483,cs_095806,3,,True,remote_amplitudes,,15
14.04,15.469896854069935,,channel,equal_average,72,72,0.027777777777777776,0.5104674179268274,3.181403723407049,1.7764850341107858,0.5648524087822031,10.184450527563648,cs_095806,3,,True,remote_amplitudes,,15
14.04,14.798310257740754,,channel,liu_weighted_median,72,72,0.027777777777777776,3.181403723407049,3.181403723407049,6.258374756722779,0.5648524087822031,5.401070211828738,cs_095806,3,,True,remote_amplitudes,,15
14.04,13.273838279491805,,channel,snr_mrc,72,72,0.027777777777777776,0.4790091602672027,3.181403723407049,1.4678745054484161,0.5648524087822031,5.4569923113119225,cs_095806,3,,True,remote_amplitudes,,15
14.04,14.521221196636361,,channel,quality_mrc,72,72,0.027777777777777776,0.5162063693969337,3.181403723407049,1.8370777973681156,0.5648524087822031,3.427501400543889,cs_095806,3,,True,remote_amplitudes,,15
14.04,13.533459595371411,,channel,best_tone,72,72,0.041666666666666664,0.7722144368386533,3.6029550870508893,8.06887163893704,0.5112283069383367,3.6078376398047562,cs_095806,3,,True,phases,,15
14.04,15.349641339814324,,channel,equal_average,72,72,0.041666666666666664,0.6011220873684521,3.6029550870508893,2.830254944357977,0.5112283069383367,9.327929770757303,cs_095806,3,,True,phases,,15
14.04,13.977216200297889,,channel,liu_weighted_median,72,72,0.041666666666666664,3.6029550870508893,3.6029550870508893,6.094732846117162,0.5112283069383367,0.4471780605563415,cs_095806,3,,True,phases,,15
14.04,14.48126212989202,,channel,snr_mrc,72,72,0.041666666666666664,0.6340373483749139,3.6029550870508893,3.3211005418936366,0.5112283069383367,3.142892663048581,cs_095806,3,,True,phases,,15
14.04,14.95900780706381,,channel,quality_mrc,72,72,0.041666666666666664,0.6484360347648922,3.6029550870508893,3.5525395741800603,0.5112283069383367,6.545639651451641,cs_095806,3,,True,phases,,15
14.04,13.448441853723448,,channel,best_tone,72,72,0.013888888888888888,0.777584469052139,3.3028055023925447,12.919359614812686,0.5694029659183922,4.2133771102318445,cs_095806,3,,True,local_amplitudes,,16
14.04,9.721951820486483,,channel,equal_average,72,72,0.013888888888888888,0.5137449376153679,3.3028055023925447,1.730418635517011,0.5694029659183922,30.75532891391393,cs_095806,3,,True,local_amplitudes,,16
14.04,14.536572795923988,,channel,liu_weighted_median,72,72,0.013888888888888888,3.3028055023925447,3.3028055023925447,6.477429487354181,0.5694029659183922,3.536843275811884,cs_095806,3,,True,local_amplitudes,,16
14.04,10.037409265817818,,channel,snr_mrc,72,72,0.013888888888888888,0.5465214671437963,3.3028055023925447,2.0831962921068254,0.5694029659183922,28.508481012693604,cs_095806,3,,True,local_amplitudes,,16
14.04,12.835615818526533,,channel,quality_mrc,72,72,0.013888888888888888,0.48758656152324237,3.3028055023925447,1.4793253503539725,0.5694029659183922,8.578234910779676,cs_095806,3,,True,local_amplitudes,,16
14.04,13.907231505949913,,channel,best_tone,72,72,0.013888888888888888,0.7470853417433116,3.021406078627775,6.285679145298724,0.5520285494291864,0.9456445445162865,cs_095806,3,,True,remote_amplitudes,,16
14.04,14.646716458839206,,channel,equal_average,72,72,0.013888888888888888,0.4751540447338,3.021406078627775,1.5436324364492886,0.5520285494291864,4.321342299424552,cs_095806,3,,True,remote_amplitudes,,16
14.04,14.57978075182174,,channel,liu_weighted_median,72,72,0.013888888888888888,3.021406078627775,3.021406078627775,6.094191569374995,0.5520285494291864,3.8445922494426013,cs_095806,3,,True,remote_amplitudes,,16
14.04,11.403631351527666,,channel,snr_mrc,72,72,0.013888888888888888,0.5076141600585374,3.021406078627775,1.8820960765969206,0.5520285494291864,18.777554476298665,cs_095806,3,,True,remote_amplitudes,,16
14.04,14.106339239194366,,channel,quality_mrc,72,72,0.013888888888888888,0.5069357613402856,3.021406078627775,1.8745601997207317,0.5520285494291864,0.47250170366358046,cs_095806,3,,True,remote_amplitudes,,16
14.04,13.46101564325067,,channel,best_tone,72,72,0.05555555555555555,0.7498233858084985,3.3942919392804844,9.55128436561849,0.4968070410814607,4.1238202047673,cs_095806,3,,True,phases,,16
14.04,15.224916076440483,,channel,equal_average,72,72,0.05555555555555555,0.6238405977451054,3.3942919392804844,3.4553751732162525,0.4968070410814607,8.43957319402054,cs_095806,3,,True,phases,,16
14.04,13.969670285407418,,channel,liu_weighted_median,72,72,0.05555555555555555,3.3942919392804844,3.3942919392804844,6.146285850229393,0.4968070410814607,0.5009238931095559,cs_095806,3,,True,phases,,16
14.04,14.506430841602144,,channel,snr_mrc,72,72,0.05555555555555555,0.7200675499552803,3.3942919392804844,5.313663226536371,0.4968070410814607,3.322156991468271,cs_095806,3,,True,phases,,16
14.04,14.981337028392177,,channel,quality_mrc,72,72,0.05555555555555555,0.6590051616307108,3.3942919392804844,4.073247083436433,0.4968070410814607,6.70467968940298,cs_095806,3,,True,phases,,16
14.04,13.286413881363838,,channel,best_tone,72,72,0.0,0.7553120802824347,3.0477394166174303,10.03369738506963,0.5655375574015485,5.367422497408553,cs_095806,3,,True,local_amplitudes,,17
14.04,10.343528752273336,,channel,equal_average,72,72,0.0,0.5001748152555061,3.0477394166174303,1.742358102545511,0.5655375574015485,26.328142790075947,cs_095806,3,,True,local_amplitudes,,17
14.04,14.378664225930553,,channel,liu_weighted_median,72,72,0.0,3.0477394166174303,3.0477394166174303,6.157019700083513,0.5655375574015485,2.4121383613287315,cs_095806,3,,True,local_amplitudes,,17
14.04,10.731209175689074,,channel,snr_mrc,72,72,0.0,0.5038743686767517,3.0477394166174303,1.7813069368976695,0.5655375574015485,23.56688621304078,cs_095806,3,,True,local_amplitudes,,17
14.04,12.62707769452619,,channel,quality_mrc,72,72,0.0,0.49163857201646655,3.0477394166174303,1.6546639453348602,0.5655375574015485,10.063549184286396,cs_095806,3,,True,local_amplitudes,,17
14.04,13.832771408417043,,channel,best_tone,72,72,0.013888888888888888,0.7240203878392351,2.8548093095943594,6.507413015701129,0.5317840096371129,1.4759871195367216,cs_095806,3,,True,remote_amplitudes,,17
14.04,13.792198015637515,,channel,equal_average,72,72,0.013888888888888888,0.47981864191087414,2.8548093095943594,1.746345681644138,0.5317840096371129,1.7649713985931903,cs_095806,3,,True,remote_amplitudes,,17
14.04,14.601912596473817,,channel,liu_weighted_median,72,72,0.013888888888888888,2.8548093095943594,2.8548093095943594,5.81944869949594,0.5317840096371129,4.002226470611235,cs_095806,3,,True,remote_amplitudes,,17
14.04,11.959195179765809,,channel,snr_mrc,72,72,0.013888888888888888,0.5012411138105334,2.8548093095943594,1.9908517544571003,0.5317840096371129,14.820547152665176,cs_095806,3,,True,remote_amplitudes,,17
14.04,13.758548423706788,,channel,quality_mrc,72,72,0.013888888888888888,0.507180786948336,2.8548093095943594,2.0624681127311213,0.5317840096371129,2.0046408567892526,cs_095806,3,,True,remote_amplitudes,,17
14.04,13.43004193339503,,channel,best_tone,72,72,0.027777777777777776,0.7273425616762562,3.222814388373499,10.900085256910568,0.47757513024202075,4.344430673824569,cs_095806,3,,True,phases,,17
14.04,15.201608267382941,,channel,equal_average,72,72,0.027777777777777776,0.6310102189472602,3.222814388373499,3.91781047053343,0.47757513024202075,8.273563157998161,cs_095806,3,,True,phases,,17
14.04,14.035134210160074,,channel,liu_weighted_median,72,72,0.027777777777777776,3.222814388373499,3.222814388373499,6.280418804426919,0.47757513024202075,0.03465662279149276,cs_095806,3,,True,phases,,17
14.04,14.699822745034163,,channel,snr_mrc,72,72,0.027777777777777776,0.6990177612506366,3.222814388373499,5.32597198231592,0.47757513024202075,4.699592201098037,cs_095806,3,,True,phases,,17
14.04,14.979517939595544,,channel,quality_mrc,72,72,0.027777777777777776,0.6550915510670775,3.222814388373499,4.383694088029935,0.47757513024202075,6.691723216492484,cs_095806,3,,True,phases,,17
14.04,13.876025649357882,,channel,best_tone,72,72,0.0,0.7221148457397241,2.8424501920773233,6.715219226181806,0.5298902747493467,1.1679084803569633,cs_095806,3,,True,local_amplitudes,,18
14.04,10.844731542175412,,channel,equal_average,72,72,0.0,0.46181520314639457,2.8424501920773233,1.569412500389102,0.5298902747493467,22.758322349177977,cs_095806,3,,True,local_amplitudes,,18
14.04,14.654647869324128,,channel,liu_weighted_median,72,72,0.0,2.8424501920773233,2.8424501920773233,5.795900844623852,0.5298902747493467,4.3778338270949355,cs_095806,3,,True,local_amplitudes,,18
14.04,13.024330658838293,,channel,snr_mrc,72,72,0.0,0.4918997661570808,2.8424501920773233,1.8965411833802,0.5298902747493467,7.234112116536368,cs_095806,3,,True,local_amplitudes,,18
14.04,12.885770544228794,,channel,quality_mrc,72,72,0.0,0.4869797461812204,2.8424501920773233,1.8402004242960208,0.5298902747493467,8.221007519737926,cs_095806,3,,True,local_amplitudes,,18
14.04,14.66063560193431,,channel,best_tone,72,72,0.0,0.7224890864625251,2.7129882853440725,6.744265246975434,0.5560398872588376,4.420481495258621,cs_095806,3,,True,remote_amplitudes,,18
14.04,13.57717870212609,,channel,equal_average,72,72,0.0,0.4909734232841723,2.7129882853440725,1.8829176609566451,0.5560398872588376,3.2964479905549045,cs_095806,3,,True,remote_amplitudes,,18
14.04,14.66063560193431,,channel,liu_weighted_median,72,72,0.0,2.7129882853440725,2.7129882853440725,5.476472113105691,0.5560398872588376,4.420481495258621,cs_095806,3,,True,remote_amplitudes,,18
14.04,13.057252410279181,,channel,snr_mrc,72,72,0.0,0.5272055196695875,2.7129882853440725,2.3312949461795296,0.5560398872588376,6.999626707413233,cs_095806,3,,True,remote_amplitudes,,18
14.04,13.659293977290021,,channel,quality_mrc,72,72,0.0,0.5188829200377769,2.7129882853440725,2.222621456932766,0.5560398872588376,2.7115813583331763,cs_095806,3,,True,remote_amplitudes,,18
14.04,13.451741872276042,,channel,best_tone,72,72,0.041666666666666664,0.7182221034461189,3.049033907688975,11.032326973029791,0.4860422657874565,4.189872704586591,cs_095806,3,,True,phases,,18
14.04,15.218367997387576,,channel,equal_average,72,72,0.041666666666666664,0.6427037841515753,3.049033907688975,4.2993967300976905,0.4860422657874565,8.392934454327468,cs_095806,3,,True,phases,,18
14.04,14.100892105714905,,channel,liu_weighted_median,72,72,0.041666666666666664,3.049033907688975,3.049033907688975,6.196343090344328,0.4860422657874565,0.4337044566588754,cs_095806,3,,True,phases,,18
14.04,14.841513099476687,,channel,snr_mrc,72,72,0.041666666666666664,0.6699675652021595,3.049033907688975,4.87008212285264,0.4860422657874565,5.708782759805472,cs_095806,3,,True,phases,,18
14.04,14.988477122547108,,channel,quality_mrc,72,72,0.041666666666666664,0.6539316029003833,3.049033907688975,4.528683080664485,0.4860422657874565,6.755535060876845,cs_095806,3,,True,phases,,18
14.04,13.791637975384004,,channel,best_tone,72,72,0.0,0.7073860205074893,2.742833704089994,6.015323682513146,0.5162141831321033,1.768960289287712,cs_095806,3,,True,local_amplitudes,,19
14.04,13.329932491989952,,channel,equal_average,72,72,0.0,0.42369916440807237,2.742833704089994,1.2893019931863343,0.5162141831321033,5.057460883262443,cs_095806,3,,True,local_amplitudes,,19
14.04,14.76945847095079,,channel,liu_weighted_median,72,72,0.0,2.742833704089994,2.742833704089994,5.513901319117265,0.5162141831321033,5.195573154920161,cs_095806,3,,True,local_amplitudes,,19
14.04,13.614516237818368,,channel,snr_mrc,72,72,0.0,0.4863143663885773,2.742833704089994,1.94954439659034,0.5162141831321033,3.0305111266497966,cs_095806,3,,True,local_amplitudes,,19
14.04,13.596022383068519,,channel,quality_mrc,72,72,0.0,0.47916256482105646,2.742833704089994,1.8647923299441898,0.5162141831321033,3.162233738828208,cs_095806,3,,True,local_amplitudes,,19
14.04,14.760910482293449,,channel,best_tone,72,72,0.0,0.7096457933559815,2.621246786990882,7.6790302782389475,0.545352085513953,5.134690044825139,cs_095806,3,,True,remote_amplitudes,,19
14.04,13.886843236977459,,channel,equal_average,72,72,0.0,0.48155271284823653,2.621246786990882,1.8748125574460088,0.545352085513953,1.090860135488179,cs_095806,3,,True,remote_amplitudes,,19
14.04,14.752663314184794,,channel,liu_weighted_median,72,72,0.0,2.621246786990882,2.621246786990882,5.21680748476286,0.545352085513953,5.075949531230731,cs_095806,3,,True,remote_amplitudes,,19
14.04,13.931820639509581,,channel,snr_mrc,72,72,0.0,0.5405162462473458,2.621246786990882,2.651261763053319,0.545352085513953,0.7705082656012662,cs_095806,3,,True,remote_amplitudes,,19
14.04,13.95582560776409,,channel,quality_mrc,72,72,0.0,0.5181265333028222,2.621246786990882,2.3352525319687887,0.545352085513953,0.5995327082329673,cs_095806,3,,True,remote_amplitudes,,19
14.04,13.512150845476505,,channel,best_tone,72,72,0.027777777777777776,0.7030435232941517,2.968883414875441,9.650885051818848,0.46818067434441785,3.759609362702951,cs_095806,3,,True,phases,,19
14.04,15.257072828345553,,channel,equal_average,72,72,0.027777777777777776,0.6422842670589147,2.968883414875441,4.574951213483827,0.46818067434441785,8.668609888501097,cs_095806,3,,True,phases,,19
14.04,14.17253358207669,,channel,liu_weighted_median,72,72,0.027777777777777776,2.968883414875441,2.968883414875441,5.910991452786976,0.46818067434441785,0.9439713823126161,cs_095806,3,,True,phases,,19
14.04,14.973129483468892,,channel,snr_mrc,72,72,0.027777777777777776,0.6547644841911185,2.968883414875441,4.846854227896257,0.46818067434441785,6.646221392228579,cs_095806,3,,True,phases,,19
14.04,15.083145180571762,,channel,quality_mrc,72,72,0.027777777777777776,0.6462157172126047,2.968883414875441,4.659476924997158,0.46818067434441785,7.4298089784313595,cs_095806,3,,True,phases,,19
14.04,13.354879919292674,,channel,best_tone,72,72,0.0,0.6995502826408888,2.703638486956317,7.301544068057572,0.5064868572616807,4.8797726546105755,cs_095806,3,,True,local_amplitudes,,20
14.04,14.284937834022305,,channel,equal_average,72,72,0.0,0.44414208291709595,2.703638486956317,1.5355367543640797,0.5064868572616807,1.7445714673953394,cs_095806,3,,True,local_amplitudes,,20
14.04,14.879847588539256,,channel,liu_weighted_median,72,72,0.0,2.703638486956317,2.703638486956317,5.619240577535269,0.5064868572616807,5.981820431191291,cs_095806,3,,True,local_amplitudes,,20
14.04,14.249340863235266,,channel,snr_mrc,72,72,0.0,0.46492216061896624,2.703638486956317,1.7613074961212538,0.5064868572616807,1.4910317894249812,cs_095806,3,,True,local_amplitudes,,20
14.04,14.085967924155435,,channel,quality_mrc,72,72,0.0,0.4663041382448861,2.703638486956317,1.7770606494533843,0.5064868572616807,0.32740686720395884,cs_095806,3,,True,local_amplitudes,,20
14.04,14.882222415411698,,channel,best_tone,72,72,0.0,0.6973228054394484,2.575783438359236,9.176457058840306,0.5265653179328786,5.998735152504981,cs_095806,3,,True,remote_amplitudes,,20
14.04,14.409260154888822,,channel,equal_average,72,72,0.0,0.45814913664157175,2.575783438359236,1.7016500926019418,0.5265653179328786,2.630058083253721,cs_095806,3,,True,remote_amplitudes,,20
14.04,14.823061152727927,,channel,liu_weighted_median,72,72,0.0,2.575783438359236,2.575783438359236,5.203381261580039,0.5265653179328786,5.5773586376633055,cs_095806,3,,True,remote_amplitudes,,20
14.04,14.546926391987867,,channel,snr_mrc,72,72,0.0,0.5205682799390521,2.575783438359236,2.4962193687800758,0.5265653179328786,3.610586837520427,cs_095806,3,,True,remote_amplitudes,,20
14.04,14.230800188232758,,channel,quality_mrc,72,72,0.0,0.502732037651598,2.575783438359236,2.248326252405573,0.5265653179328786,1.3589756996635227,cs_095806,3,,True,remote_amplitudes,,20
14.04,13.620638516033093,,channel,best_tone,72,72,0.041666666666666664,0.6979802666495042,2.8529022921369287,7.899345576361196,0.47676298098417486,2.9869051564594447,cs_095806,3,,True,phases,,20
14.04,15.311674342025416,,channel,equal_average,72,72,0.041666666666666664,0.6464653954732399,2.8529022921369287,4.767137349890181,0.47676298098417486,9.05750955858559,cs_095806,3,,True,phases,,20
14.04,14.557588639525745,,channel,liu_weighted_median,72,72,0.041666666666666664,2.8529022921369287,2.8529022921369287,5.665708942441431,0.47676298098417486,3.6865287715508983,cs_095806,3,,True,phases,,20
14.04,15.234358300953252,,channel,snr_mrc,72,72,0.041666666666666664,0.648509332178487,2.8529022921369287,4.812497394182335,0.47676298098417486,8.506825505365049,cs_095806,3,,True,phases,,20
14.04,15.163915931121473,,channel,quality_mrc,72,72,0.041666666666666664,0.6452617388325327,2.8529022921369287,4.740559038355535,0.47676298098417486,8.00509922451192,cs_095806,3,,True,phases,,20
14.04,13.537352175582239,,channel,best_tone,72,72,0.0,0.7027784166802885,2.7417472542482266,6.732419639302865,0.5063931470551514,3.5801127095282075,cs_095806,3,,True,local_amplitudes,,21
14.04,14.948584907094865,,channel,equal_average,72,72,0.0,0.4791208265442823,2.7417472542482266,1.901214651875747,0.5063931470551514,6.471402472185657,cs_095806,3,,True,local_amplitudes,,21
14.04,15.096217087803756,,channel,liu_weighted_median,72,72,0.0,2.7417472542482266,2.7417472542482266,6.1733207576390505,0.5063931470551514,7.522913730795993,cs_095806,3,,True,local_amplitudes,,21
14.04,14.670594048381064,,channel,snr_mrc,72,72,0.0,0.5179582562345122,2.7417472542482266,2.402040275246633,0.5063931470551514,4.491410601004735,cs_095806,3,,True,local_amplitudes,,21
14.04,14.67239511624194,,channel,quality_mrc,72,72,0.0,0.49935283003006503,2.7417472542482266,2.1523780344171377,0.5063931470551514,4.504238719671946,cs_095806,3,,True,local_amplitudes,,21
14.04,15.024276834474088,,channel,best_tone,72,72,0.0,0.6928945477001514,2.553243570967982,10.577832492160399,0.5211577208160288,7.010518764060465,cs_095806,3,,True,remote_amplitudes,,21
14.04,14.862089976188736,,channel,equal_average,72,72,0.0,0.4935916834082367,2.553243570967982,2.1689688725003737,0.5211577208160288,5.85534171074599,cs_095806,3,,True,remote_amplitudes,,21
14.04,15.065534027420425,,channel,liu_weighted_median,72,72,0.0,2.553243570967982,2.553243570967982,5.4094503271989005,0.5211577208160288,7.304373414675395,cs_095806,3,,True,remote_amplitudes,,21
14.04,14.9772935369848,,channel,snr_mrc,72,72,0.0,0.5178570709824678,2.553243570967982,2.50483746494956,0.5211577208160288,6.675879893054132,cs_095806,3,,True,remote_amplitudes,,21
14.04,14.701061395470132,,channel,quality_mrc,72,72,0.0,0.49116379975222585,2.553243570967982,2.137119810316511,0.5211577208160288,4.708414497650522,cs_095806,3,,True,remote_amplitudes,,21
14.04,13.753897299340878,,channel,best_tone,72,72,0.05555555555555555,0.6868860492826366,2.7861980433757867,6.7323709290263505,0.4652668347286585,2.037768523213116,cs_095806,3,,True,phases,,21
14.04,15.366332320562709,,channel,equal_average,72,72,0.05555555555555555,0.6467136024659899,2.7861980433757867,5.007640574149011,0.4652668347286585,9.4468114000193,cs_095806,3,,True,phases,,21
14.04,14.770456346063442,,channel,liu_weighted_median,72,72,0.05555555555555555,2.7861980433757867,2.7861980433757867,5.727203626580292,0.4652668347286585,5.2026805275174,cs_095806,3,,True,phases,,21
14.04,15.57606062678395,,channel,snr_mrc,72,72,0.05555555555555555,0.6626603217359466,2.7861980433757867,5.387286393964166,0.4652668347286585,10.94060275487144,cs_095806,3,,True,phases,,21
14.04,15.267971591011783,,channel,quality_mrc,72,72,0.05555555555555555,0.6454859870621016,2.7861980433757867,4.9791776127737855,0.4652668347286585,8.746236403217832,cs_095806,3,,True,phases,,21
14.04,13.76359984301049,,channel,best_tone,72,72,0.0,0.7113064195806483,2.7751966827548555,6.6027001504387215,0.5187240791079892,1.9686620868198594,cs_095806,3,,True,local_amplitudes,,22
14.04,15.563186318613718,,channel,equal_average,72,72,0.0,0.4895672516287045,2.7751966827548555,1.9562220184988701,0.5187240791079892,10.848905403231619,cs_095806,3,,True,local_amplitudes,,22
14.04,15.454231789797342,,channel,liu_weighted_median,72,72,0.0,2.7751966827548555,2.7751966827548555,6.612210621210612,0.5187240791079892,10.072875995707573,cs_095806,3,,True,local_amplitudes,,22
14.04,14.958210399395846,,channel,snr_mrc,72,72,0.0,0.564672265659586,2.7751966827548555,3.0017217926552715,0.5187240791079892,6.5399601096570255,cs_095806,3,,True,local_amplitudes,,22
14.04,15.186324972921396,,channel,quality_mrc,72,72,0.0,0.5386878633587762,2.7751966827548555,2.6061093756353113,0.5187240791079892,8.164707784340433,cs_095806,3,,True,local_amplitudes,,22
14.04,15.162090772123037,,channel,best_tone,72,72,0.0,0.6962358762741987,2.5502469736258395,11.256042850097234,0.5293549093855437,7.992099516545852,cs_095806,3,,True,remote_amplitudes,,22
14.04,15.265405427397075,,channel,equal_average,72,72,0.0,0.5261210513134893,2.5502469736258395,2.5890419864988883,0.5293549093855437,8.72795888459456,cs_095806,3,,True,remote_amplitudes,,22
14.04,15.401275676768066,,channel,liu_weighted_median,72,72,0.0,2.5502469736258395,2.5502469736258395,5.808162243894254,0.5293549093855437,9.695695703476257,cs_095806,3,,True,remote_amplitudes,,22
14.04,15.206140625878064,,channel,snr_mrc,72,72,0.0,0.5789210499939008,2.5502469736258395,3.4493723599063344,0.5293549093855437,8.305844913661428,cs_095806,3,,True,remote_amplitudes,,22
14.04,15.047003131189868,,channel,quality_mrc,72,72,0.0,0.5358076521833599,2.5502469736258395,2.7346943341000065,0.5293549093855437,7.172386974286815,cs_095806,3,,True,remote_amplitudes,,22
14.04,15.807277077202187,,channel,best_tone,72,72,0.05555555555555555,0.6821352581455011,2.79546280688224,8.275056978290378,0.4541692918704424,12.587443569816154,cs_095806,3,,True,phases,,22
14.04,15.419204612722925,,channel,equal_average,72,72,0.05555555555555555,0.6584002525095292,2.79546280688224,5.395227012608724,0.4541692918704424,9.82339467751372,cs_095806,3,,True,phases,,22
14.04,14.873385014272815,,channel,liu_weighted_median,72,72,0.05555555555555555,2.79546280688224,2.79546280688224,5.864057731512576,0.4541692918704424,5.93579069994883,cs_095806,3,,True,phases,,22
14.04,15.796608786120341,,channel,snr_mrc,72,72,0.05555555555555555,0.6821352581455011,2.79546280688224,6.182801602460252,0.4541692918704424,12.511458590600727,cs_095806,3,,True,phases,,22
14.04,15.330006754367233,,channel,quality_mrc,72,72,0.05555555555555555,0.657021997554681,2.79546280688224,5.361415771815486,0.4541692918704424,9.188082296062918,cs_095806,3,,True,phases,,22
14.04,14.322097248805678,,channel,best_tone,72,72,0.0,0.7238575630246201,2.837227515487242,6.219632256435954,0.5347184599915314,2.0092396638581094,cs_095806,3,,True,local_amplitudes,,23
14.04,16.130910322847228,,channel,equal_average,72,72,0.0,0.5509078947763586,2.837227515487242,2.645019569055765,0.5347184599915314,14.892523667003058,cs_095806,3,,True,local_amplitudes,,23
14.04,15.581410352739427,,channel,liu_weighted_median,72,72,0.0,2.837227515487242,2.837227515487242,6.9382269673927714,0.5347184599915314,10.97870621609279,cs_095806,3,,True,local_amplitudes,,23
14.04,15.449157965848393,,channel,snr_mrc,72,72,0.0,0.5838221147468977,2.837227515487242,3.1479913216710034,0.5347184599915314,10.036737648492833,cs_095806,3,,True,local_amplitudes,,23
14.04,15.789803104290579,,channel,quality_mrc,72,72,0.0,0.5656990327514166,2.837227515487242,2.8638364332232156,0.5347184599915314,12.462985073294728,cs_095806,3,,True,local_amplitudes,,23
14.04,15.283741039593853,,channel,best_tone,72,72,0.0,0.7083857978869519,2.622533241033413,11.596332809567778,0.5421862837170162,8.858554413061634,cs_095806,3,,True,remote_amplitudes,,23
14.04,15.664200603086165,,channel,equal_average,72,72,0.0,0.5541817275242884,2.622533241033413,2.872753218501009,0.5421862837170162,11.568380363861582,cs_095806,3,,True,remote_amplitudes,,23
14.04,15.468038690738421,,channel,liu_weighted_median,72,72,0.0,2.622533241033413,2.622533241033413,6.351296178869783,0.5421862837170162,10.171215746000156,cs_095806,3,,True,remote_amplitudes,,23
14.04,15.486523736400542,,channel,snr_mrc,72,72,0.0,0.6621041086114425,2.622533241033413,4.899148030035588,0.5421862837170162,10.302875615388485,cs_095806,3,,True,remote_amplitudes,,23
14.04,15.466527880445847,,channel,quality_mrc,72,72,0.0,0.5925417151822902,2.622533241033413,3.511547151541282,0.5421862837170162,10.16045498893054,cs_095806,3,,True,remote_amplitudes,,23
14.04,16.781875885503,,channel,best_tone,72,72,0.08333333333333333,0.6802147505380455,2.859248715636923,11.131227339651975,0.4402974729910672,19.529030523525638,cs_095806,3,,True,phases,,23
14.04,15.452815125312515,,channel,equal_average,72,72,0.08333333333333333,0.6802147505380455,2.859248715636923,6.110436444629418,0.4402974729910672,10.062785792824188,cs_095806,3,,True,phases,,23
14.04,15.035044817873604,,channel,liu_weighted_median,72,72,0.08333333333333333,2.859248715636923,2.859248715636923,6.199522285690208,0.4402974729910672,7.087213802518557,cs_095806,3,,True,phases,,23
14.04,15.916914167522373,,channel,snr_mrc,72,72,0.08333333333333333,0.6802147505380455,2.859248715636923,6.350322524562611,0.4402974729910672,13.368334526512635,cs_095806,3,,True,phases,,23
14.04,15.388137296223597,,channel,quality_mrc,72,72,0.08333333333333333,0.6802147505380455,2.859248715636923,6.211458102756148,0.4402974729910672,9.602117494470072,cs_095806,3,,True,phases,,23
14.04,15.99093641575118,,channel,best_tone,72,72,0.0,0.7344142683757878,2.87992724286641,18.566811518286787,0.5501761916735087,13.895558516746306,cs_095806,3,,True,local_amplitudes,,24
14.04,16.49368246713141,,channel,equal_average,72,72,0.0,0.6241150209309579,2.87992724286641,3.682322640585026,0.5501761916735087,17.47637084851433,cs_095806,3,,True,local_amplitudes,,24
14.04,15.895396051278501,,channel,liu_weighted_median,72,72,0.0,2.87992724286641,2.87992724286641,7.278102030653688,0.5501761916735087,13.215071590302724,cs_095806,3,,True,local_amplitudes,,24
14.04,16.0332960923754,,channel,snr_mrc,72,72,0.0,0.6730295851120547,2.87992724286641,4.617749809415804,0.5501761916735087,14.197265615209421,cs_095806,3,,True,local_amplitudes,,24
14.04,16.340672406238188,,channel,quality_mrc,72,72,0.0,0.6484070022006512,2.87992724286641,4.129248516007405,0.5501761916735087,16.386555599987098,cs_095806,3,,True,local_amplitudes,,24
14.04,14.430131856762449,,channel,best_tone,72,72,0.0,0.7060456631814577,2.63442445103497,6.145455146222765,0.5344075831046854,2.7787169285074764,cs_095806,3,,True,remote_amplitudes,,24
14.04,16.05255559543373,,channel,equal_average,72,72,0.0,0.5760220998218591,2.63442445103497,3.258144331880154,0.5344075831046854,14.334441562918315,cs_095806,3,,True,remote_amplitudes,,24
14.04,15.513604290988752,,channel,liu_weighted_median,72,72,0.0,2.63442445103497,2.63442445103497,6.490793136860099,0.5344075831046854,10.495757058324452,cs_095806,3,,True,remote_amplitudes,,24
14.04,15.772617239262503,,channel,snr_mrc,72,72,0.0,0.7060456631814577,2.63442445103497,7.631459387269373,0.5344075831046854,12.340578627225815,cs_095806,3,,True,remote_amplitudes,,24
14.04,15.890046769869949,,channel,quality_mrc,72,72,0.0,0.6141414098807894,2.63442445103497,3.948735335766228,0.5344075831046854,13.176971295370013,cs_095806,3,,True,remote_amplitudes,,24
14.04,14.253742271972575,,channel,best_tone,72,72,0.08333333333333333,0.6910811017171197,2.9413413321276387,6.28201220806221,0.4488503998062788,1.5223808545055264,cs_095806,3,,True,phases,,24
14.04,15.473337359815144,,channel,equal_average,72,72,0.08333333333333333,0.6910811017171197,2.9413413321276387,7.2443740002644486,0.4488503998062788,10.208955554238923,cs_095806,3,,True,phases,,24
14.04,15.253908973303218,,channel,liu_weighted_median,72,72,0.08333333333333333,2.9413413321276387,2.9413413321276387,6.351143076937577,0.4488503998062788,8.64607530842749,cs_095806,3,,True,phases,,24
14.04,15.727587935670725,,channel,snr_mrc,72,72,0.08333333333333333,0.6910811017171197,2.9413413321276387,7.024044543887872,0.4488503998062788,12.019857091671835,cs_095806,3,,True,phases,,24
14.04,15.425676212034178,,channel,quality_mrc,72,72,0.08333333333333333,0.6910811017171197,2.9413413321276387,7.374516294618188,0.4488503998062788,9.869488689702129,cs_095806,3,,True,phases,,24
16.17,15.40236616578811,,channel,best_tone,72,72,0.027777777777777776,0.5500099555681176,1.5271342535616428,6.025003719739123,0.4358072237690046,4.747271701990676,cs_095806,4a,,True,local_amplitudes,,0
16.17,15.368013957939496,,channel,equal_average,72,72,0.027777777777777776,0.4437007985480188,1.5271342535616428,3.1499976485144234,0.4358072237690046,4.959715782687109,cs_095806,4a,,True,local_amplitudes,,0
16.17,16.25924478136301,,channel,liu_weighted_median,72,72,0.027777777777777776,1.5271342535616428,1.5271342535616428,5.171587671873393,0.4358072237690046,0.5519157783735749,cs_095806,4a,,True,local_amplitudes,,0
16.17,15.121186351924777,,channel,snr_mrc,72,72,0.027777777777777776,0.4395316505076141,1.5271342535616428,3.0620343641714713,0.4358072237690046,6.486169746909242,cs_095806,4a,,True,local_amplitudes,,0
16.17,15.229394785573154,,channel,quality_mrc,72,72,0.027777777777777776,0.5094110268110674,1.5271342535616428,4.766994196878663,0.4358072237690046,5.816977207339811,cs_095806,4a,,True,local_amplitudes,,0
16.17,15.258409985501856,,channel,best_tone,72,72,0.013888888888888888,0.542361337051639,1.468371718628556,8.306334571473046,0.43460042651085024,5.637538741485128,cs_095806,4a,,True,remote_amplitudes,,0
16.17,15.100018377392214,,channel,equal_average,72,72,0.013888888888888888,0.38805866223813174,1.468371718628556,2.197744636517565,0.43460042651085024,6.617078680320271,cs_095806,4a,,True,remote_amplitudes,,0
16.17,16.324352747425152,,channel,liu_weighted_median,72,72,0.013888888888888888,1.468371718628556,1.468371718628556,4.445768925174401,0.43460042651085024,0.9545624454245545,cs_095806,4a,,True,remote_amplitudes,,0
16.17,15.0388470336684,,channel,snr_mrc,72,72,0.013888888888888888,0.48389893757918817,1.468371718628556,4.261368468740094,0.43460042651085024,6.995380125736558,cs_095806,4a,,True,remote_amplitudes,,0
16.17,14.992282471982277,,channel,quality_mrc,72,72,0.013888888888888888,0.4736670518506368,1.468371718628556,3.9967281687097604,0.43460042651085024,7.283348967332868,cs_095806,4a,,True,remote_amplitudes,,0
16.17,15.08195624871356,,channel,best_tone,72,72,0.0,0.49928700707849105,1.463625853693686,6.4567480115224924,0.3401580183099869,6.728780156378737,cs_095806,4a,,True,phases,,0
16.17,14.666084267107655,,channel,equal_average,72,72,0.0,0.4854439654536263,1.463625853693686,5.514647749274608,0.3401580183099869,9.300653883069552,cs_095806,4a,,True,phases,,0
16.17,15.06641818060155,,channel,liu_weighted_median,72,72,0.0,1.463625853693686,1.463625853693686,5.20420579396366,0.3401580183099869,6.824872105123385,cs_095806,4a,,True,phases,,0
16.17,14.560860028366768,,channel,snr_mrc,72,72,0.0,0.49928700707849105,1.463625853693686,9.103611296096435,0.3401580183099869,9.951391290248814,cs_095806,4a,,True,phases,,0
16.17,14.797262262833135,,channel,quality_mrc,72,72,0.0,0.49928700707849105,1.463625853693686,7.13202259858755,0.3401580183099869,8.48941086683282,cs_095806,4a,,True,phases,,0
16.17,15.529880481928583,,channel,best_tone,72,72,0.013888888888888888,0.5644178810603446,1.680953575489415,8.201479996138962,0.42786480493240453,3.958685949730482,cs_095806,4a,,True,local_amplitudes,,1
16.17,15.21650365278888,,channel,equal_average,72,72,0.013888888888888888,0.44781075126322256,1.680953575489415,2.9966257481140217,0.42786480493240453,5.896699735381085,cs_095806,4a,,True,local_amplitudes,,1
16.17,16.503503380438104,,channel,liu_weighted_median,72,72,0.013888888888888888,1.680953575489415,1.680953575489415,6.220972864060793,0.42786480493240453,2.0624822537916057,cs_095806,4a,,True,local_amplitudes,,1
16.17,15.141725842301542,,channel,snr_mrc,72,72,0.013888888888888888,0.3678867201056837,1.680953575489415,1.6614653619289712,0.42786480493240453,6.359147542971305,cs_095806,4a,,True,local_amplitudes,,1
16.17,15.179050875351875,,channel,quality_mrc,72,72,0.013888888888888888,0.5644178810603446,1.680953575489415,6.1677021437388335,0.42786480493240453,6.128318643463988,cs_095806,4a,,True,local_amplitudes,,1
16.17,15.578468137016278,,channel,best_tone,72,72,0.013888888888888888,0.5688689397395648,1.6961596551930376,7.586397565937568,0.43414012626040205,3.6582057080007626,cs_095806,4a,,True,remote_amplitudes,,1
16.17,14.78587371802624,,channel,equal_average,72,72,0.013888888888888888,0.420985206133752,1.6961596551930376,2.4317285192943654,0.43414012626040205,8.559840952218687,cs_095806,4a,,True,remote_amplitudes,,1
16.17,16.46941156839397,,channel,liu_weighted_median,72,72,0.013888888888888888,1.6961596551930376,1.6961596551930376,4.848425697205746,0.43414012626040205,1.85164853675923,cs_095806,4a,,True,remote_amplitudes,,1
16.17,15.032646397617508,,channel,snr_mrc,72,72,0.013888888888888888,0.5482188862565972,1.6961596551930376,5.370028166116271,0.43414012626040205,7.033726669032116,cs_095806,4a,,True,remote_amplitudes,,1
16.17,14.828713864330483,,channel,quality_mrc,72,72,0.013888888888888888,0.5363756434304418,1.6961596551930376,5.029464304183741,0.43414012626040205,8.294904982495476,cs_095806,4a,,True,remote_amplitudes,,1
16.17,15.182813227300091,,channel,best_tone,72,72,0.0,0.5105787810601057,1.557225545177979,10.159079425590466,0.34189815598211853,6.105051160791036,cs_095806,4a,,True,phases,,1
16.17,14.814035261713673,,channel,equal_average,72,72,0.0,0.48014476170247383,1.557225545177979,4.989758760274932,0.34189815598211853,8.385681745741053,cs_095806,4a,,True,phases,,1
16.17,15.196859960469096,,channel,liu_weighted_median,72,72,0.0,1.557225545177979,1.557225545177979,5.632813397778952,0.34189815598211853,6.0181820626524765,cs_095806,4a,,True,phases,,1
16.17,14.735459508120957,,channel,snr_mrc,72,72,0.0,0.5105787810601057,1.557225545177979,8.866194529037024,0.34189815598211853,8.871617142109118,cs_095806,4a,,True,phases,,1
16.17,14.973210755939139,,channel,quality_mrc,72,72,0.0,0.5105787810601057,1.557225545177979,6.9444167159533565,0.34189815598211853,7.401294026350419,cs_095806,4a,,True,phases,,1
16.17,15.678805796294684,,channel,best_tone,72,72,0.027777777777777776,0.5957360963076522,2.0398845884305854,6.346230800159199,0.41458743943577814,3.037688334603077,cs_095806,4a,,True,local_amplitudes,,2
16.17,15.058344677516196,,channel,equal_average,72,72,0.027777777777777776,0.5957360963076522,2.0398845884305854,6.161752098934565,0.41458743943577814,6.874801004847282,cs_095806,4a,,True,local_amplitudes,,2
16.17,16.689241070457335,,channel,liu_weighted_median,72,72,0.027777777777777776,2.0398845884305854,2.0398845884305854,7.092781540180981,0.41458743943577814,3.211138345438054,cs_095806,4a,,True,local_amplitudes,,2
16.17,15.04427942290749,,channel,snr_mrc,72,72,0.027777777777777776,0.37682409095354574,2.0398845884305854,1.5184674436061791,0.41458743943577814,6.961784644975336,cs_095806,4a,,True,local_amplitudes,,2
16.17,15.131072529291405,,channel,quality_mrc,72,72,0.027777777777777776,0.5957360963076522,2.0398845884305854,8.320486526619117,0.41458743943577814,6.425030740312904,cs_095806,4a,,True,local_amplitudes,,2
16.17,15.465884834782713,,channel,best_tone,72,72,0.013888888888888888,0.6027765449790567,2.0516847039018873,6.899577428614255,0.4269906894167924,4.354453711918914,cs_095806,4a,,True,remote_amplitudes,,2
16.17,14.572498412403034,,channel,equal_average,72,72,0.013888888888888888,0.5438493769485946,2.0516847039018873,4.406747043124789,0.4269906894167924,9.879416126140802,cs_095806,4a,,True,remote_amplitudes,,2
16.17,16.649221953684886,,channel,liu_weighted_median,72,72,0.013888888888888888,2.0516847039018873,2.0516847039018873,4.909156478005189,0.4269906894167924,2.9636484457939685,cs_095806,4a,,True,remote_amplitudes,,2
16.17,14.991409482139579,,channel,snr_mrc,72,72,0.013888888888888888,0.6027765449790567,2.0516847039018873,7.789755807742146,0.4269906894167924,7.288747791344605,cs_095806,4a,,True,remote_amplitudes,,2
16.17,14.825368565086803,,channel,quality_mrc,72,72,0.013888888888888888,0.6027765449790567,2.0516847039018873,7.21897337849438,0.4269906894167924,8.315593289506483,cs_095806,4a,,True,remote_amplitudes,,2
16.17,17.155209877599948,,channel,best_tone,72,72,0.0,0.5338907905080553,1.7585442398440463,7.723483124674018,0.34614971732146604,6.092825464439986,cs_095806,4a,,True,phases,,2
16.17,15.081398727419236,,channel,equal_average,72,72,0.0,0.5151891523627102,1.7585442398440463,5.391307366986316,0.34614971732146604,6.732228030802507,cs_095806,4a,,True,phases,,2
16.17,15.36275446715166,,channel,liu_weighted_median,72,72,0.0,1.7585442398440463,1.7585442398440463,5.690078529834418,0.34614971732146604,4.992242008956966,cs_095806,4a,,True,phases,,2
16.17,14.983744803909694,,channel,snr_mrc,72,72,0.0,0.5338907905080553,1.7585442398440463,10.36960927313179,0.34614971732146604,7.336148398826886,cs_095806,4a,,True,phases,,2
16.17,15.189443187532122,,channel,quality_mrc,72,72,0.0,0.5338907905080553,1.7585442398440463,6.571295932264122,0.34614971732146604,6.064049551440195,cs_095806,4a,,True,phases,,2
16.17,15.881803807265198,,channel,best_tone,72,72,0.013888888888888888,0.6069601968458652,2.0064816990288126,7.263829548415393,0.44576444369550405,1.7822893799307564,cs_095806,4a,,True,local_amplitudes,,3
16.17,15.033844767458778,,channel,equal_average,72,72,0.013888888888888888,0.6069601968458652,2.0064816990288126,7.770286912765627,0.44576444369550405,7.026315600131255,cs_095806,4a,,True,local_amplitudes,,3
16.17,16.631963324519468,,channel,liu_weighted_median,72,72,0.013888888888888888,2.0064816990288126,2.0064816990288126,7.418601470757393,0.44576444369550405,2.8569160452657156,cs_095806,4a,,True,local_amplitudes,,3
16.17,14.694125000547219,,channel,snr_mrc,72,72,0.013888888888888888,0.49798213801895885,2.0064816990288126,3.3136902583428647,0.44576444369550405,9.127241802429083,cs_095806,4a,,True,local_amplitudes,,3
16.17,15.206677673018918,,channel,quality_mrc,72,72,0.013888888888888888,0.6069601968458652,2.0064816990288126,8.878390180980922,0.44576444369550405,5.95746646246805,cs_095806,4a,,True,local_amplitudes,,3
16.17,15.73103896265199,,channel,best_tone,72,72,0.013888888888888888,0.594604562105442,1.982037686262286,7.648044293156348,0.42426069053302523,2.7146631870625337,cs_095806,4a,,True,remote_amplitudes,,3
16.17,14.542717142859267,,channel,equal_average,72,72,0.013888888888888888,0.5502190992776812,1.982037686262286,4.754157049430653,0.42426069053302523,10.063592190109674,cs_095806,4a,,True,remote_amplitudes,,3
16.17,16.962685252433424,,channel,liu_weighted_median,72,72,0.013888888888888888,1.982037686262286,1.982037686262286,4.930085887143553,0.42426069053302523,4.902196984745963,cs_095806,4a,,True,remote_amplitudes,,3
16.17,15.166705765393566,,channel,snr_mrc,72,72,0.013888888888888888,0.594604562105442,1.982037686262286,11.181050150318516,0.42426069053302523,6.204664406966208,cs_095806,4a,,True,remote_amplitudes,,3
16.17,14.913974880798836,,channel,quality_mrc,72,72,0.013888888888888888,0.594604562105442,1.982037686262286,6.699417091356638,0.42426069053302523,7.767625969085748,cs_095806,4a,,True,remote_amplitudes,,3
16.17,17.276366741958803,,channel,best_tone,72,72,0.0,0.5345733047316115,1.7157169516406643,9.297733969638522,0.3561526263113397,6.8420948791515235,cs_095806,4a,,True,phases,,3
16.17,15.530386962766991,,channel,equal_average,72,72,0.0,0.5237708594545182,1.7157169516406643,5.643563880438232,0.3561526263113397,3.9555537243847256,cs_095806,4a,,True,phases,,3
16.17,15.599689191188645,,channel,liu_weighted_median,72,72,0.0,1.7157169516406643,1.7157169516406643,5.49643804200271,0.3561526263113397,3.5269685146033187,cs_095806,4a,,True,phases,,3
16.17,15.341405660430416,,channel,snr_mrc,72,72,0.0,0.5345733047316115,1.7157169516406643,9.067708172765968,0.3561526263113397,5.124269261407456,cs_095806,4a,,True,phases,,3
16.17,15.532100270530057,,channel,quality_mrc,72,72,0.0,0.5345733047316115,1.7157169516406643,6.744380004849014,0.3561526263113397,3.9449581290658307,cs_095806,4a,,True,phases,,3
16.17,16.094946886596567,,channel,best_tone,72,72,0.0,0.6145818402522312,2.0478826192842283,11.888412070377006,0.4534131398775824,0.4641503611838879,cs_095806,4a,,True,local_amplitudes,,4
16.17,15.218669604138723,,channel,equal_average,72,72,0.0,0.5512761977777105,2.0478826192842283,4.3303181413692435,0.4534131398775824,5.883304859995537,cs_095806,4a,,True,local_amplitudes,,4
16.17,17.12385597690766,,channel,liu_weighted_median,72,72,0.0,2.0478826192842283,2.0478826192842283,7.095208567996233,0.4534131398775824,5.898923790399862,cs_095806,4a,,True,local_amplitudes,,4
16.17,15.420919148003247,,channel,snr_mrc,72,72,0.0,0.6145818402522312,2.0478826192842283,7.035929520348141,0.4534131398775824,4.632534644383148,cs_095806,4a,,True,local_amplitudes,,4
16.17,15.507933871871305,,channel,quality_mrc,72,72,0.0,0.6145818402522312,2.0478826192842283,6.8150597049391095,0.4534131398775824,4.094410192508945,cs_095806,4a,,True,local_amplitudes,,4
16.17,17.474821894206112,,channel,best_tone,72,72,0.013888888888888888,0.5865472464513137,1.910471679832612,12.770256795133877,0.4225016293201983,8.069399469425544,cs_095806,4a,,True,remote_amplitudes,,4
16.17,14.759831649765324,,channel,equal_average,72,72,0.013888888888888888,0.45226309475765913,1.910471679832612,2.750525654453534,0.4225016293201983,8.720892703986873,cs_095806,4a,,True,remote_amplitudes,,4
16.17,17.23370727470351,,channel,liu_weighted_median,72,72,0.013888888888888888,1.910471679832612,1.910471679832612,4.979185403815132,0.4225016293201983,6.5782762814069695,cs_095806,4a,,True,remote_amplitudes,,4
16.17,15.483698985323901,,channel,snr_mrc,72,72,0.013888888888888888,0.5865472464513137,1.910471679832612,11.936819003857654,0.4225016293201983,4.244285805047004,cs_095806,4a,,True,remote_amplitudes,,4
16.17,15.222829979548328,,channel,quality_mrc,72,72,0.013888888888888888,0.5564845276454878,1.910471679832612,5.1239104480557796,0.4225016293201983,5.857575884054879,cs_095806,4a,,True,remote_amplitudes,,4
16.17,17.431036435563662,,channel,best_tone,72,72,0.0,0.5344037775647504,1.6970608400371774,11.455419624710308,0.3597254274811438,7.798617412267535,cs_095806,4a,,True,phases,,4
16.17,16.064757493444723,,channel,equal_average,72,72,0.0,0.5344037775647504,1.6970608400371774,6.495848473535481,0.3597254274811438,0.6508503806758084,cs_095806,4a,,True,phases,,4
16.17,15.84302744629366,,channel,liu_weighted_median,72,72,0.0,1.6970608400371774,1.6970608400371774,5.256802240475496,0.3597254274811438,2.022093714943357,cs_095806,4a,,True,phases,,4
16.17,15.950561946117114,,channel,snr_mrc,72,72,0.0,0.519124570269583,1.6970608400371774,5.49993359597207,0.3597254274811438,1.35706897886758,cs_095806,4a,,True,phases,,4
16.17,16.0219105748583,,channel,quality_mrc,72,72,0.0,0.5344037775647504,1.6970608400371774,6.372456117586159,0.3597254274811438,0.9158282321688433,cs_095806,4a,,True,phases,,4
8.675,11.65408183639969,,channel,best_tone,72,72,0.027777777777777776,0.6681726726483548,2.094267744588306,6.7499042230705495,0.5697625713175123,34.34100099596184,cs_102621,1a,,True,local_amplitudes,,0
8.675,10.143493557447425,,channel,equal_average,72,72,0.027777777777777776,0.5645811794051337,2.094267744588306,3.6196311033499557,0.5697625713175123,16.927879624754162,cs_102621,1a,,True,local_amplitudes,,0
8.675,10.24152731083959,,channel,liu_weighted_median,72,72,0.027777777777777776,2.094267744588306,2.094267744588306,5.580598454925722,0.5697625713175123,18.057951709966446,cs_102621,1a,,True,local_amplitudes,,0
8.675,10.538342248258989,,channel,snr_mrc,72,72,0.027777777777777776,0.5523855041099541,2.094267744588306,3.3900955657133363,0.5697625713175123,21.479449547654035,cs_102621,1a,,True,local_amplitudes,,0
8.675,10.219800656230024,,channel,quality_mrc,72,72,0.027777777777777776,0.5859802166778784,2.094267744588306,4.0470072610695675,0.5697625713175123,17.80750036000027,cs_102621,1a,,True,local_amplitudes,,0
8.675,9.095018007136112,,channel,best_tone,72,72,0.0,0.5592590453079203,1.7833786076208185,32.98704653604743,0.3923335875285653,4.841706134133844,cs_102621,1a,,True,remote_amplitudes,,0
8.675,9.78678269554462,,channel,equal_average,72,72,0.0,0.4501096170543545,1.7833786076208185,3.128002388224413,0.3923335875285653,12.815938853540276,cs_102621,1a,,True,remote_amplitudes,,0
8.675,10.986932079583827,,channel,liu_weighted_median,72,72,0.0,1.7833786076208185,1.7833786076208185,5.830844036883715,0.3923335875285653,26.65051388569252,cs_102621,1a,,True,remote_amplitudes,,0
8.675,9.406972028063537,,channel,snr_mrc,72,72,0.0,0.5592590453079203,1.7833786076208185,10.22688494420602,0.3923335875285653,8.437717902749696,cs_102621,1a,,True,remote_amplitudes,,0
8.675,9.798628903618452,,channel,quality_mrc,72,72,0.0,0.5154105125493603,1.7833786076208185,4.69647501807547,0.3923335875285653,12.95249456620693,cs_102621,1a,,True,remote_amplitudes,,0
8.675,11.68234130610623,,channel,best_tone,72,72,0.027777777777777776,0.5726869527516185,1.773826487215862,5.800095633128545,0.43814394924023126,34.66675857182972,cs_102621,1a,,True,phases,,0
8.675,9.697900324629463,,channel,equal_average,72,72,0.027777777777777776,0.5256288585872426,1.773826487215862,4.484570868339129,0.43814394924023126,11.791358208985162,cs_102621,1a,,True,phases,,0
8.675,10.122224880011018,,channel,liu_weighted_median,72,72,0.027777777777777776,1.773826487215862,1.773826487215862,6.124153831060964,0.43814394924023126,16.682707550559275,cs_102621,1a,,True,phases,,0
8.675,9.144754551105969,,channel,snr_mrc,72,72,0.027777777777777776,0.5791921328886275,1.773826487215862,14.298842861399672,0.43814394924023126,5.415038053094731,cs_102621,1a,,True,phases,,0
8.675,9.543621245343326,,channel,quality_mrc,72,72,0.027777777777777776,0.5541611436108214,1.773826487215862,5.2552272432431995,0.43814394924023126,10.012925018366861,cs_102621,1a,,True,phases,,0
8.675,11.76371351367369,,channel,best_tone,72,72,0.013888888888888888,0.6790544558275096,2.2335863891334435,8.361368301852595,0.56075227834844,35.604766728226956,cs_102621,1a,,True,local_amplitudes,,1
8.675,10.134565377134026,,channel,equal_average,72,72,0.013888888888888888,0.6194601805300023,2.2335863891334435,4.554887183216815,0.56075227834844,16.824961119700575,cs_102621,1a,,True,local_amplitudes,,1
8.675,10.307002533601516,,channel,liu_weighted_median,72,72,0.013888888888888888,2.2335863891334435,2.2335863891334435,5.60769992547775,0.56075227834844,18.81270932105493,cs_102621,1a,,True,local_amplitudes,,1
8.675,10.652902357357263,,channel,snr_mrc,72,72,0.013888888888888888,0.6025962176501595,2.2335863891334435,4.192920659828291,0.56075227834844,22.800027174147115,cs_102621,1a,,True,local_amplitudes,,1
8.675,10.136115554603737,,channel,quality_mrc,72,72,0.013888888888888888,0.624216667408322,2.2335863891334435,4.660618154938226,0.56075227834844,16.84283060061944,cs_102621,1a,,True,local_amplitudes,,1
8.675,9.097047214818023,,channel,best_tone,72,72,0.0,0.5682714155392482,1.8525073528511176,31.27539746330427,0.39624836633684857,4.8650975771529925,cs_102621,1a,,True,remote_amplitudes,,1
8.675,10.273816330743784,,channel,equal_average,72,72,0.0,0.48442530823392776,1.8525073528511176,3.7167580385710357,0.39624836633684857,18.430159432205,cs_102621,1a,,True,remote_amplitudes,,1
8.675,11.06517388606302,,channel,liu_weighted_median,72,72,0.0,1.8525073528511176,1.8525073528511176,5.058361306264723,0.39624836633684857,27.55243672695123,cs_102621,1a,,True,remote_amplitudes,,1
8.675,9.769955241130043,,channel,snr_mrc,72,72,0.0,0.5682714155392482,1.8525073528511176,6.315398093010017,0.39624836633684857,12.621962433775707,cs_102621,1a,,True,remote_amplitudes,,1
8.675,10.09127907838146,,channel,quality_mrc,72,72,0.0,0.5440538982086343,1.8525073528511176,5.265136026755548,0.39624836633684857,16.325983612466384,cs_102621,1a,,True,remote_amplitudes,,1
8.675,11.415373037285889,,channel,best_tone,72,72,0.041666666666666664,0.5979412874003232,1.8885237278993938,22.33614723180427,0.4528070417004388,31.58931455084597,cs_102621,1a,,True,phases,,1
8.675,9.509985154387564,,channel,equal_average,72,72,0.041666666666666664,0.5979412874003232,1.8885237278993938,8.140401758059346,0.4528070417004388,9.625189099568457,cs_102621,1a,,True,phases,,1
8.675,10.251447124297478,,channel,liu_weighted_median,72,72,0.041666666666666664,1.8885237278993938,1.8885237278993938,5.785946109147523,0.4528070417004388,18.172301144639505,cs_102621,1a,,True,phases,,1
8.675,8.880534442439844,,channel,snr_mrc,72,72,0.041666666666666664,0.5979412874003232,1.8885237278993938,21.839231967669104,0.4528070417004388,2.369273111698479,cs_102621,1a,,True,phases,,1
8.675,9.31287111218533,,channel,quality_mrc,72,72,0.041666666666666664,0.5979412874003232,1.8885237278993938,9.396833809679597,0.4528070417004388,7.352981120291988,cs_102621,1a,,True,phases,,1
8.675,9.863760985926755,,channel,best_tone,72,72,0.013888888888888888,0.7049466850746468,2.54570756755149,8.940213340153536,0.5504530668410758,13.703296667743558,cs_102621,1a,,True,local_amplitudes,,2
8.675,10.062220316608446,,channel,equal_average,72,72,0.013888888888888888,0.659865204932395,2.54570756755149,4.9209405406127535,0.5504530668410758,15.991012295198214,cs_102621,1a,,True,local_amplitudes,,2
8.675,10.306608763076461,,channel,liu_weighted_median,72,72,0.013888888888888888,2.54570756755149,2.54570756755149,5.473996965186324,0.5504530668410758,18.80817017955574,cs_102621,1a,,True,local_amplitudes,,2
8.675,10.161202384292684,,channel,snr_mrc,72,72,0.013888888888888888,0.6674895408119469,2.54570756755149,5.093494332024091,0.5504530668410758,17.13201595726436,cs_102621,1a,,True,local_amplitudes,,2
8.675,9.992427652010472,,channel,quality_mrc,72,72,0.013888888888888888,0.6502563077798192,2.54570756755149,4.7090809230418245,0.5504530668410758,15.186485902137992,cs_102621,1a,,True,local_amplitudes,,2
8.675,9.154622717714314,,channel,best_tone,72,72,0.0,0.5678433296008544,1.8302614168659557,21.820612166832607,0.4001588740106351,5.528792135035316,cs_102621,1a,,True,remote_amplitudes,,2
8.675,10.521139752653125,,channel,equal_average,72,72,0.0,0.5099491403820975,1.8302614168659557,4.3455650649125115,0.4001588740106351,21.28114988649135,cs_102621,1a,,True,remote_amplitudes,,2
8.675,11.076120525433426,,channel,liu_weighted_median,72,72,0.0,1.8302614168659557,1.8302614168659557,4.219297391382799,0.4001588740106351,27.678622771566864,cs_102621,1a,,True,remote_amplitudes,,2
8.675,10.321479017064966,,channel,snr_mrc,72,72,0.0,0.5396880200474533,1.8302614168659557,5.151029036133143,0.4001588740106351,18.979585211123524,cs_102621,1a,,True,remote_amplitudes,,2
8.675,10.24417352711008,,channel,quality_mrc,72,72,0.0,0.5313803334463854,1.8302614168659557,4.916794937676157,0.4001588740106351,18.08845564392022,cs_102621,1a,,True,remote_amplitudes,,2
8.675,11.49725821318883,,channel,best_tone,72,72,0.027777777777777776,0.6133683995605846,2.0041808902907934,21.302051879971696,0.4605611143335178,32.533235886902936,cs_102621,1a,,True,phases,,2
8.675,9.370527188015364,,channel,equal_average,72,72,0.027777777777777776,0.6133683995605846,2.0041808902907934,8.892902632840528,0.4605611143335178,8.01760447279958,cs_102621,1a,,True,phases,,2
8.675,10.28292270263792,,channel,liu_weighted_median,72,72,0.027777777777777776,2.0041808902907934,2.0041808902907934,4.86082287610627,0.4605611143335178,18.53513201888092,cs_102621,1a,,True,phases,,2
8.675,8.482063611976615,,channel,snr_mrc,72,72,0.027777777777777776,0.6133683995605846,2.0041808902907934,24.420947068855007,0.4605611143335178,2.2240505824021373,cs_102621,1a,,True,phases,,2
8.675,9.047977229137002,,channel,quality_mrc,72,72,0.027777777777777776,0.6133683995605846,2.0041808902907934,13.347248582432155,0.4605611143335178,4.299449327227682,cs_102621,1a,,True,phases,,2
8.675,10.040424376207078,,channel,best_tone,72,72,0.027777777777777776,0.7007227378737183,2.6376257097816627,9.716434696430555,0.521777628586841,15.739762261753048,cs_102621,1a,,True,local_amplitudes,,3
8.675,9.933677227823525,,channel,equal_average,72,72,0.027777777777777776,0.6561762497323892,2.6376257097816627,4.926904462100435,0.521777628586841,14.509247582980104,cs_102621,1a,,True,local_amplitudes,,3
8.675,10.383496547936488,,channel,liu_weighted_median,72,72,0.027777777777777776,2.6376257097816627,2.6376257097816627,5.566844365861991,0.521777628586841,19.694484702437894,cs_102621,1a,,True,local_amplitudes,,3
8.675,9.797190808116405,,channel,snr_mrc,72,72,0.027777777777777776,0.6387636167886762,2.6376257097816627,4.544992109194404,0.521777628586841,12.935917096442695,cs_102621,1a,,True,local_amplitudes,,3
8.675,9.85424181938614,,channel,quality_mrc,72,72,0.027777777777777776,0.6578202129482784,2.6376257097816627,4.964028447889924,0.521777628586841,13.593565641338772,cs_102621,1a,,True,local_amplitudes,,3
8.675,9.26640842051241,,channel,best_tone,72,72,0.0,0.5610082704004118,1.7561720095765916,11.679277559795436,0.4021617216504237,6.817388132707898,cs_102621,1a,,True,remote_amplitudes,,3
8.675,10.599727711536522,,channel,equal_average,72,72,0.0,0.5038094624906132,1.7561720095765916,4.345526669656648,0.4021617216504237,22.187062957193326,cs_102621,1a,,True,remote_amplitudes,,3
8.675,10.872600579915778,,channel,liu_weighted_median,72,72,0.0,1.7561720095765916,1.7561720095765916,3.6274695045733925,0.4021617216504237,25.33257152640665,cs_102621,1a,,True,remote_amplitudes,,3
8.675,10.349597960484166,,channel,snr_mrc,72,72,0.0,0.5148042603305506,1.7561720095765916,4.636282132052709,0.4021617216504237,19.303722887425536,cs_102621,1a,,True,remote_amplitudes,,3
8.675,10.333507894576226,,channel,quality_mrc,72,72,0.0,0.4927076282527695,1.7561720095765916,4.064539214420153,0.4021617216504237,19.118246623357056,cs_102621,1a,,True,remote_amplitudes,,3
8.675,8.587950531700793,,channel,best_tone,72,72,0.013888888888888888,0.6182265408504626,2.0145886915870204,14.378336434441124,0.46915520237092445,1.0034520841407237,cs_102621,1a,,True,phases,,3
8.675,9.121973624206428,,channel,equal_average,72,72,0.013888888888888888,0.6182265408504626,2.0145886915870204,6.453985404284232,0.46915520237092445,5.152433708431433,cs_102621,1a,,True,phases,,3
8.675,10.550974475205388,,channel,liu_weighted_median,72,72,0.013888888888888888,2.0145886915870204,2.0145886915870204,4.293213102459112,0.46915520237092445,21.625065996603887,cs_102621,1a,,True,phases,,3
8.675,8.012658723555422,,channel,snr_mrc,72,72,0.013888888888888888,0.6182265408504626,2.0145886915870204,18.690228561472754,0.46915520237092445,7.63505794172425,cs_102621,1a,,True,phases,,3
8.675,8.55301397459378,,channel,quality_mrc,72,72,0.013888888888888888,0.6182265408504626,2.0145886915870204,10.046636398935549,0.46915520237092445,1.406178967218684,cs_102621,1a,,True,phases,,3
8.675,10.186356277262133,,channel,best_tone,72,72,0.027777777777777776,0.7172519607503863,2.7965028916607926,11.528901516752946,0.5277885339177928,17.421974377661467,cs_102621,1a,,True,local_amplitudes,,4
8.675,9.786350896199293,,channel,equal_average,72,72,0.027777777777777776,0.6734196580959536,2.7965028916607926,4.965847607020272,0.5277885339177928,12.81096133947311,cs_102621,1a,,True,local_amplitudes,,4
8.675,10.482134628828202,,channel,liu_weighted_median,72,72,0.027777777777777776,2.7965028916607926,2.7965028916607926,6.1977721117721405,0.5277885339177928,20.831523098884166,cs_102621,1a,,True,local_amplitudes,,4
8.675,9.434664757108543,,channel,snr_mrc,72,72,0.027777777777777776,0.7172519607503863,2.7965028916607926,6.616487964721251,0.5277885339177928,8.756942445055238,cs_102621,1a,,True,local_amplitudes,,4
8.675,9.712590642611655,,channel,quality_mrc,72,72,0.027777777777777776,0.6919401527204945,2.7965028916607926,5.386933535328013,0.5277885339177928,11.960699050278436,cs_102621,1a,,True,local_amplitudes,,4
8.675,9.255581402034132,,channel,best_tone,72,72,0.0,0.5523436779220208,1.6832959456927985,10.536307593597867,0.40043098584601894,6.692581003275283,cs_102621,1a,,True,remote_amplitudes,,4
8.675,10.592695820471715,,channel,equal_average,72,72,0.0,0.46773549799836156,1.6832959456927985,3.643544529218198,0.40043098584601894,22.106003694198428,cs_102621,1a,,True,remote_amplitudes,,4
8.675,10.809570786579476,,channel,liu_weighted_median,72,72,0.0,1.6832959456927985,1.6832959456927985,3.3996662628345673,0.40043098584601894,24.6060033035098,cs_102621,1a,,True,remote_amplitudes,,4
8.675,10.11916929670541,,channel,snr_mrc,72,72,0.0,0.4842649037316783,1.6832959456927985,4.043636185411583,0.40043098584601894,16.64748468824679,cs_102621,1a,,True,remote_amplitudes,,4
8.675,10.357586494026936,,channel,quality_mrc,72,72,0.0,0.48261770860924,1.6832959456927985,4.0025138927387305,0.40043098584601894,19.39580972941712,cs_102621,1a,,True,remote_amplitudes,,4
8.675,8.73870799969204,,channel,best_tone,72,72,0.027777777777777776,0.6113103659907635,1.9882211001872092,11.165499141555854,0.4596006067982374,0.7343861635969849,cs_102621,1a,,True,phases,,4
8.675,7.984149799093876,,channel,equal_average,72,72,0.027777777777777776,0.5131121896397675,1.9882211001872092,3.548158122941217,0.4596006067982374,7.963691076727662,cs_102621,1a,,True,phases,,4
8.675,10.615479065312948,,channel,liu_weighted_median,72,72,0.027777777777777776,1.9882211001872092,1.9882211001872092,4.244626108949821,0.4596006067982374,22.368634758650693,cs_102621,1a,,True,phases,,4
8.675,7.741478605448466,,channel,snr_mrc,72,72,0.027777777777777776,0.6113103659907635,1.9882211001872092,15.684075383183275,0.4596006067982374,10.761053539498954,cs_102621,1a,,True,phases,,4
8.675,7.783430306011735,,channel,quality_mrc,72,72,0.027777777777777776,0.6040276479820205,1.9882211001872092,5.788105302011927,0.4596006067982374,10.277460449432455,cs_102621,1a,,True,phases,,4
8.675,10.743885454783069,,channel,best_tone,72,72,0.041666666666666664,0.7218497316142122,2.921829604459491,9.886988498988547,0.5149268099917959,23.848823686260147,cs_102621,1a,,True,local_amplitudes,,5
8.675,9.628898174651066,,channel,equal_average,72,72,0.041666666666666664,0.7049958402451652,2.921829604459491,5.5894685366870345,0.5149268099917959,10.99594437638116,cs_102621,1a,,True,local_amplitudes,,5
8.675,10.392844728643256,,channel,liu_weighted_median,72,72,0.041666666666666664,2.921829604459491,2.921829604459491,7.514713048773708,0.5149268099917959,19.802244710585075,cs_102621,1a,,True,local_amplitudes,,5
8.675,9.035973703710084,,channel,snr_mrc,72,72,0.041666666666666664,0.7218497316142122,2.921829604459491,15.078826376995186,0.5149268099917959,4.161080158041308,cs_102621,1a,,True,local_amplitudes,,5
8.675,9.543603359325266,,channel,quality_mrc,72,72,0.041666666666666664,0.7218497316142122,2.921829604459491,6.003880177174395,0.5149268099917959,10.01271883948432,cs_102621,1a,,True,local_amplitudes,,5
8.675,9.099668673429054,,channel,best_tone,72,72,0.027777777777777776,0.5520223789226337,1.6964046952198604,10.751227353443056,0.39664371631439765,4.895316120219636,cs_102621,1a,,True,remote_amplitudes,,5
8.675,10.51700895892266,,channel,equal_average,72,72,0.027777777777777776,0.4467880163762562,1.6964046952198604,3.181161703932172,0.39664371631439765,21.233532667696352,cs_102621,1a,,True,remote_amplitudes,,5
8.675,10.890594087168083,,channel,liu_weighted_median,72,72,0.027777777777777776,1.6964046952198604,1.6964046952198604,3.392997383891599,0.39664371631439765,25.539989477441864,cs_102621,1a,,True,remote_amplitudes,,5
8.675,9.931970138731481,,channel,snr_mrc,72,72,0.027777777777777776,0.4642281380357713,1.6964046952198604,3.568416831495333,0.39664371631439765,14.489569322553086,cs_102621,1a,,True,remote_amplitudes,,5
8.675,10.271706462914223,,channel,quality_mrc,72,72,0.027777777777777776,0.4672461626386891,1.6964046952198604,3.6384668913643186,0.39664371631439765,18.40583818921293,cs_102621,1a,,True,remote_amplitudes,,5
8.675,8.885783536562077,,channel,best_tone,72,72,0.013888888888888888,0.6118627303067699,1.973531056968166,11.00582058194449,0.46427791681241654,2.4297814012919403,cs_102621,1a,,True,phases,,5
8.675,7.119609576801598,,channel,equal_average,72,72,0.013888888888888888,0.4005262685231228,1.973531056968166,1.6829928197426123,0.46427791681241654,17.929572601710692,cs_102621,1a,,True,phases,,5
8.675,10.723779822809187,,channel,liu_weighted_median,72,72,0.013888888888888888,1.973531056968166,1.973531056968166,4.287406253324832,0.46427791681241654,23.61705847618658,cs_102621,1a,,True,phases,,5
8.675,7.511831169279136,,channel,snr_mrc,72,72,0.013888888888888888,0.6118627303067699,1.973531056968166,11.908822686565237,0.46427791681241654,13.408286233093536,cs_102621,1a,,True,phases,,5
8.675,7.317632257072181,,channel,quality_mrc,72,72,0.013888888888888888,0.4684691346324062,1.973531056968166,2.6929742247520103,0.46427791681241654,15.646890408389853,cs_102621,1a,,True,phases,,5
8.675,8.935773689532043,,channel,best_tone,72,72,0.041666666666666664,0.7097801581707583,2.783878413231155,14.928883072922984,0.513784846975764,3.006036766939971,cs_102621,1a,,True,local_amplitudes,,6
8.675,9.486599962813504,,channel,equal_average,72,72,0.041666666666666664,0.7097801581707583,2.783878413231155,7.267078777304788,0.513784846975764,9.355619167878995,cs_102621,1a,,True,local_amplitudes,,6
8.675,10.264072046577303,,channel,liu_weighted_median,72,72,0.041666666666666664,2.783878413231155,2.783878413231155,8.58119613717804,0.513784846975764,18.317833389940077,cs_102621,1a,,True,local_amplitudes,,6
8.675,8.846570516636811,,channel,snr_mrc,72,72,0.041666666666666664,0.7097801581707583,2.783878413231155,31.535738422253573,0.513784846975764,1.9777581168508431,cs_102621,1a,,True,local_amplitudes,,6
8.675,9.343898993420513,,channel,quality_mrc,72,72,0.041666666666666664,0.7097801581707583,2.783878413231155,8.38202282100237,0.513784846975764,7.710651220985734,cs_102621,1a,,True,local_amplitudes,,6
8.675,8.915684747273364,,channel,best_tone,72,72,0.05555555555555555,0.5653075245083595,1.7964471599438268,13.539189776475864,0.40225350990428,2.7744639455142717,cs_102621,1a,,True,remote_amplitudes,,6
8.675,10.377613864362939,,channel,equal_average,72,72,0.05555555555555555,0.45048550736480175,1.7964471599438268,3.0362632515463646,0.40225350990428,19.626672788045394,cs_102621,1a,,True,remote_amplitudes,,6
8.675,10.728487544355932,,channel,liu_weighted_median,72,72,0.05555555555555555,1.7964471599438268,1.7964471599438268,3.61932013928795,0.40225350990428,23.671326159722554,cs_102621,1a,,True,remote_amplitudes,,6
8.675,9.681769565775296,,channel,snr_mrc,72,72,0.05555555555555555,0.46260744398043185,1.7964471599438268,3.2880226647936595,0.40225350990428,11.605412861963057,cs_102621,1a,,True,remote_amplitudes,,6
8.675,10.11659481767191,,channel,quality_mrc,72,72,0.05555555555555555,0.46387495102425713,1.7964471599438268,3.3151235333796514,0.40225350990428,16.617807696506155,cs_102621,1a,,True,remote_amplitudes,,6
8.675,8.998743908239884,,channel,best_tone,72,72,0.0,0.6220873016746811,1.9542728610981461,13.118124622406599,0.4927524582230192,3.7319182506038455,cs_102621,1a,,True,phases,,6
8.675,13.267199512643767,,channel,equal_average,72,72,0.0,0.4285440450252823,1.9542728610981461,1.9614788738908153,0.4927524582230192,52.93601743681575,cs_102621,1a,,True,phases,,6
8.675,10.894816172501967,,channel,liu_weighted_median,72,72,0.0,1.9542728610981461,1.9542728610981461,4.519943940350911,0.4927524582230192,25.58865904901402,cs_102621,1a,,True,phases,,6
8.675,7.540469624776306,,channel,snr_mrc,72,72,0.0,0.6220873016746811,1.9542728610981461,6.229658420722258,0.4927524582230192,13.078159944941723,cs_102621,1a,,True,phases,,6
8.675,7.152642923115458,,channel,quality_mrc,72,72,0.0,0.4868164726438399,1.9542728610981461,2.875365362812021,0.4927524582230192,17.548784747948616,cs_102621,1a,,True,phases,,6
8.675,8.789874172577267,,channel,best_tone,72,72,0.0,0.7476981103275222,2.7799755411991303,18.361875368816875,0.6014476959995749,1.3241979547811713,cs_102621,1a,,True,local_amplitudes,,7
8.675,9.394875549534078,,channel,equal_average,72,72,0.0,0.7476981103275222,2.7799755411991303,10.801649896908165,0.6014476959995749,8.298277228058524,cs_102621,1a,,True,local_amplitudes,,7
8.675,9.967477850750463,,channel,liu_weighted_median,72,72,0.0,2.7799755411991303,2.7799755411991303,8.591211542730791,0.6014476959995749,14.898880123924632,cs_102621,1a,,True,local_amplitudes,,7
8.675,8.88115394970479,,channel,snr_mrc,72,72,0.0,0.7476981103275222,2.7799755411991303,29.746712923816318,0.6014476959995749,2.3764144058189043,cs_102621,1a,,True,local_amplitudes,,7
8.675,9.255686758514948,,channel,quality_mrc,72,72,0.0,0.7476981103275222,2.7799755411991303,13.824332148326139,0.6014476959995749,6.693795487203998,cs_102621,1a,,True,local_amplitudes,,7
8.675,8.759773531086019,,channel,best_tone,72,72,0.013888888888888888,0.5742608334940187,1.8345871756315093,21.684642214736346,0.41290413193117453,0.9772164966687957,cs_102621,1a,,True,remote_amplitudes,,7
8.675,10.187785017345043,,channel,equal_average,72,72,0.013888888888888888,0.47217457680114144,1.8345871756315093,3.3352735452704145,0.41290413193117453,17.438444003977427,cs_102621,1a,,True,remote_amplitudes,,7
8.675,10.67060579382353,,channel,liu_weighted_median,72,72,0.013888888888888888,1.8345871756315093,1.8345871756315093,4.148209362502846,0.41290413193117453,23.004101369723674,cs_102621,1a,,True,remote_amplitudes,,7
8.675,9.395354175972287,,channel,snr_mrc,72,72,0.013888888888888888,0.5175138384263764,1.8345871756315093,4.391264144964691,0.41290413193117453,8.303794535703585,cs_102621,1a,,True,remote_amplitudes,,7
8.675,9.981585029807459,,channel,quality_mrc,72,72,0.013888888888888888,0.46952444268722304,1.8345871756315093,3.2794293343853087,0.41290413193117453,15.061498902679629,cs_102621,1a,,True,remote_amplitudes,,7
8.675,9.132061805545607,,channel,best_tone,72,72,0.0,0.6352019773543987,2.0159802291407,17.17395761613617,0.508521414990618,5.268723983234658,cs_102621,1a,,True,phases,,7
8.675,13.805709912664318,,channel,equal_average,72,72,0.0,0.478262062809643,2.0159802291407,2.561023268782543,0.508521414990618,59.14363011716791,cs_102621,1a,,True,phases,,7
8.675,10.92466056382551,,channel,liu_weighted_median,72,72,0.0,2.0159802291407,2.0159802291407,4.867725441645067,0.508521414990618,25.932686614703275,cs_102621,1a,,True,phases,,7
8.675,7.7675330265485965,,channel,snr_mrc,72,72,0.0,0.6011148645762566,2.0159802291407,5.084966882230684,0.508521414990618,10.460714391370654,cs_102621,1a,,True,phases,,7
8.675,7.120171550617141,,channel,quality_mrc,72,72,0.0,0.45822012964958714,2.0159802291407,2.2523621360451687,0.508521414990618,17.923094517381664,cs_102621,1a,,True,phases,,7
8.675,8.697544708430275,,channel,best_tone,72,72,0.0,0.7560695975469488,2.807188633018975,29.550438488429307,0.6158482610164021,0.25988136519048227,cs_102621,1a,,True,local_amplitudes,,8
8.675,9.371350699435544,,channel,equal_average,72,72,0.0,0.7560695975469488,2.807188633018975,8.453674259481351,0.6158482610164021,8.02709739983335,cs_102621,1a,,True,local_amplitudes,,8
8.675,10.007947458030443,,channel,liu_weighted_median,72,72,0.0,2.807188633018975,2.807188633018975,8.434207484151507,0.6158482610164021,15.365388565192422,cs_102621,1a,,True,local_amplitudes,,8
8.675,8.886098013779925,,channel,snr_mrc,72,72,0.0,0.7560695975469488,2.807188633018975,28.899065375754876,0.6158482610164021,2.433406498904029,cs_102621,1a,,True,local_amplitudes,,8
8.675,9.196203599355755,,channel,quality_mrc,72,72,0.0,0.7560695975469488,2.807188633018975,11.005167911573709,0.6158482610164021,6.008110655397743,cs_102621,1a,,True,local_amplitudes,,8
8.675,8.842681493313464,,channel,best_tone,72,72,0.0,0.5811697293053111,1.8732372963002706,6.891643550532864,0.4191564487581477,1.9329278768122526,cs_102621,1a,,True,remote_amplitudes,,8
8.675,9.97295854478621,,channel,equal_average,72,72,0.0,0.5000195826593068,1.8732372963002706,3.8212313607216113,0.4191564487581477,14.96205815315514,cs_102621,1a,,True,remote_amplitudes,,8
8.675,10.62444488013115,,channel,liu_weighted_median,72,72,0.0,1.8732372963002706,1.8732372963002706,4.497696531872033,0.4191564487581477,22.471987090848987,cs_102621,1a,,True,remote_amplitudes,,8
8.675,9.451651171266077,,channel,snr_mrc,72,72,0.0,0.5520949226436295,1.8732372963002706,5.1437938273191195,0.4191564487581477,8.952751253787621,cs_102621,1a,,True,remote_amplitudes,,8
8.675,9.872434748307205,,channel,quality_mrc,72,72,0.0,0.5035930800736365,1.8732372963002706,3.903746023451616,0.4191564487581477,13.80328240123578,cs_102621,1a,,True,remote_amplitudes,,8
8.675,9.237556490921738,,channel,best_tone,72,72,0.013888888888888888,0.6504859772940481,2.1293644771454012,15.219427369965105,0.5170395952946008,6.484801048089195,cs_102621,1a,,True,phases,,8
8.675,13.942471486568378,,channel,equal_average,72,72,0.013888888888888888,0.5075073135096585,2.1293644771454012,2.849471708068272,0.5170395952946008,60.72013241001011,cs_102621,1a,,True,phases,,8
8.675,10.768870757925026,,channel,liu_weighted_median,72,72,0.013888888888888888,2.1293644771454012,2.1293644771454012,5.196489025122795,0.5170395952946008,24.13683870806945,cs_102621,1a,,True,phases,,8
8.675,7.884356329345045,,channel,snr_mrc,72,72,0.013888888888888888,0.5531697163779292,2.1293644771454012,3.689883233425123,0.5170395952946008,9.114048076714187,cs_102621,1a,,True,phases,,8
8.675,14.284540702595898,,channel,quality_mrc,72,72,0.013888888888888888,0.454069896045992,2.1293644771454012,2.0408240517376344,0.5170395952946008,64.66329340168181,cs_102621,1a,,True,phases,,8
8.675,8.626750489174945,,channel,best_tone,72,72,0.0,0.7674716933337945,2.919870198001641,26.291717558566205,0.6192749956815327,0.5561903265136063,cs_102621,1a,,True,local_amplitudes,,9
8.675,9.35008398906553,,channel,equal_average,72,72,0.0,0.7674716933337945,2.919870198001641,7.505594609211409,0.6192749956815327,7.781948000755376,cs_102621,1a,,True,local_amplitudes,,9
8.675,10.011008255942512,,channel,liu_weighted_median,72,72,0.0,2.919870198001641,2.919870198001641,8.22912379657442,0.6192749956815327,15.400671538242202,cs_102621,1a,,True,local_amplitudes,,9
8.675,8.894539458255805,,channel,snr_mrc,72,72,0.0,0.7674716933337945,2.919870198001641,39.95405454962728,0.6192749956815327,2.5307142162052343,cs_102621,1a,,True,local_amplitudes,,9
8.675,9.113898272606683,,channel,quality_mrc,72,72,0.0,0.7674716933337945,2.919870198001641,10.508902315751358,0.6192749956815327,5.059346081921407,cs_102621,1a,,True,local_amplitudes,,9
8.675,8.755606862177952,,channel,best_tone,72,72,0.0,0.5823704342709235,1.8926119398672023,7.410359126357658,0.41744222027409367,0.929185731157944,cs_102621,1a,,True,remote_amplitudes,,9
8.675,9.742581678742711,,channel,equal_average,72,72,0.0,0.5532643084027374,1.8926119398672023,5.1445957851023145,0.41744222027409367,12.30641704602548,cs_102621,1a,,True,remote_amplitudes,,9
8.675,10.585295216212781,,channel,liu_weighted_median,72,72,0.0,1.8926119398672023,1.8926119398672023,4.900872019713706,0.41744222027409367,22.020694135017642,cs_102621,1a,,True,remote_amplitudes,,9
8.675,9.354351147668758,,channel,snr_mrc,72,72,0.0,0.5823704342709235,1.8926119398672023,6.0655782218885035,0.41744222027409367,7.831137148919397,cs_102621,1a,,True,remote_amplitudes,,9
8.675,9.703027388725543,,channel,quality_mrc,72,72,0.0,0.5334803230880844,1.8926119398672023,4.6122040309401235,0.41744222027409367,11.85045981239818,cs_102621,1a,,True,remote_amplitudes,,9
8.675,9.39016403703535,,channel,best_tone,72,72,0.027777777777777776,0.6413547834182433,2.056906732560659,11.227788965378792,0.5130272174548979,8.24396584478788,cs_102621,1a,,True,phases,,9
8.675,13.781229792999142,,channel,equal_average,72,72,0.027777777777777776,0.48762273702256087,2.056906732560659,2.636987549777614,0.5130272174548979,58.86143853601315,cs_102621,1a,,True,phases,,9
8.675,10.630805267168492,,channel,liu_weighted_median,72,72,0.027777777777777776,2.056906732560659,2.056906732560659,5.394125175756471,0.5130272174548979,22.545305673412006,cs_102621,1a,,True,phases,,9
8.675,8.205691379754757,,channel,snr_mrc,72,72,0.027777777777777776,0.5136679173874628,2.056906732560659,3.082503370879634,0.5130272174548979,5.409897639714621,cs_102621,1a,,True,phases,,9
8.675,14.167251084558352,,channel,quality_mrc,72,72,0.027777777777777776,0.4112869117955843,2.056906732560659,1.5823075630786982,0.5130272174548979,63.31125169519712,cs_102621,1a,,True,phases,,9
8.675,10.966149482464292,,channel,best_tone,72,72,0.027777777777777776,0.7708182722927571,2.94238592505727,6.570497657894472,0.622610384696324,26.410945042816035,cs_102621,1a,,True,local_amplitudes,,10
8.675,9.38166295699181,,channel,equal_average,72,72,0.027777777777777776,0.7708182722927571,2.94238592505727,7.825272561431733,0.622610384696324,8.145970685784553,cs_102621,1a,,True,local_amplitudes,,10
8.675,9.97456407481005,,channel,liu_weighted_median,72,72,0.027777777777777776,2.94238592505727,2.94238592505727,7.77851543804672,0.622610384696324,14.980565703862245,cs_102621,1a,,True,local_amplitudes,,10
8.675,8.911087156098453,,channel,snr_mrc,72,72,0.027777777777777776,0.7708182722927571,2.94238592505727,73.49858889469732,0.622610384696324,2.7214657763510406,cs_102621,1a,,True,local_amplitudes,,10
8.675,9.082549305705097,,channel,quality_mrc,72,72,0.027777777777777776,0.7708182722927571,2.94238592505727,11.798653126425773,0.622610384696324,4.697974705534251,cs_102621,1a,,True,local_amplitudes,,10
8.675,8.709966926941826,,channel,best_tone,72,72,0.0,0.5881655783757151,1.9077067114883886,8.51461609711499,0.42662587981990496,0.40307696762911066,cs_102621,1a,,True,remote_amplitudes,,10
8.675,9.54824925000864,,channel,equal_average,72,72,0.0,0.5839491553372099,1.9077067114883886,5.871884993830303,0.42662587981990496,10.066273775315723,cs_102621,1a,,True,remote_amplitudes,,10
8.675,10.660079903843982,,channel,liu_weighted_median,72,72,0.0,1.9077067114883886,1.9077067114883886,5.04392566692573,0.42662587981990496,22.88276546217846,cs_102621,1a,,True,remote_amplitudes,,10
8.675,9.212638396277704,,channel,snr_mrc,72,72,0.0,0.5881655783757151,1.9077067114883886,8.642025937977378,0.42662587981990496,6.197560764008108,cs_102621,1a,,True,remote_amplitudes,,10
8.675,9.460752896802195,,channel,quality_mrc,72,72,0.0,0.5881655783757151,1.9077067114883886,7.3998206359323255,0.42662587981990496,9.057670280140561,cs_102621,1a,,True,remote_amplitudes,,10
8.675,9.405417492777351,,channel,best_tone,72,72,0.027777777777777776,0.6516095793975675,2.129039362177215,14.399699614490741,0.5198028799772407,8.419798187635164,cs_102621,1a,,True,phases,,10
8.675,13.265812995704483,,channel,equal_average,72,72,0.027777777777777776,0.45600381413508395,2.129039362177215,2.0563370248686605,0.5198028799772407,52.9200345326165,cs_102621,1a,,True,phases,,10
8.675,10.573238348728493,,channel,liu_weighted_median,72,72,0.027777777777777776,2.129039362177215,2.129039362177215,5.4866124441503015,0.5198028799772407,21.88171007179818,cs_102621,1a,,True,phases,,10
8.675,8.798233753251516,,channel,snr_mrc,72,72,0.027777777777777776,0.5648922542978669,2.129039362177215,3.9091805465205587,0.5198028799772407,1.4205619971356231,cs_102621,1a,,True,phases,,10
8.675,13.704685271932266,,channel,quality_mrc,72,72,0.027777777777777776,0.3973387000359048,2.129039362177215,1.3604151796737174,0.5198028799772407,57.97908094446416,cs_102621,1a,,True,phases,,10
8.675,8.621266862528763,,channel,best_tone,72,72,0.027777777777777776,0.7676890874687156,2.923510813342462,21.669510484896808,0.6190295607691415,0.6194021610517269,cs_102621,1a,,True,local_amplitudes,,11
8.675,9.435513977809386,,channel,equal_average,72,72,0.027777777777777776,0.7676890874687156,2.923510813342462,6.256696478734387,0.6190295607691415,8.766731732673025,cs_102621,1a,,True,local_amplitudes,,11
8.675,9.627653720748276,,channel,liu_weighted_median,72,72,0.027777777777777776,2.923510813342462,2.923510813342462,7.792034834128318,0.6190295607691415,10.981599086435446,cs_102621,1a,,True,local_amplitudes,,11
8.675,8.809434386639074,,channel,snr_mrc,72,72,0.027777777777777776,0.7676890874687156,2.923510813342462,56.74859686835777,0.6190295607691415,1.5496759266751972,cs_102621,1a,,True,local_amplitudes,,11
8.675,9.012432888520685,,channel,quality_mrc,72,72,0.027777777777777776,0.7676890874687156,2.923510813342462,11.97564291958187,0.6190295607691415,3.8897162941865626,cs_102621,1a,,True,local_amplitudes,,11
8.675,8.660719808964306,,channel,best_tone,72,72,0.0,0.5838705102633999,1.8685826826186687,18.356897050195386,0.42608602867096323,0.16461315314922317,cs_102621,1a,,True,remote_amplitudes,,11
8.675,9.429549200859098,,channel,equal_average,72,72,0.0,0.5838705102633999,1.8685826826186687,6.36465478864423,0.42608602867096323,8.697973496934837,cs_102621,1a,,True,remote_amplitudes,,11
8.675,10.74634308255822,,channel,liu_weighted_median,72,72,0.0,1.8685826826186687,1.8685826826186687,4.60290257531251,0.42608602867096323,23.877153689431914,cs_102621,1a,,True,remote_amplitudes,,11
8.675,8.736606557954577,,channel,snr_mrc,72,72,0.0,0.5838705102633999,1.8685826826186687,17.345073761765352,0.42608602867096323,0.7101620513495809,cs_102621,1a,,True,remote_amplitudes,,11
8.675,9.18509679169508,,channel,quality_mrc,72,72,0.0,0.5838705102633999,1.8685826826186687,11.229645678369351,0.42608602867096323,5.8800782904331985,cs_102621,1a,,True,remote_amplitudes,,11
8.675,9.43026504015404,,channel,best_tone,72,72,0.041666666666666664,0.6584461384789562,2.1510651464062187,6.315789732582329,0.5308443422485011,8.706225246732446,cs_102621,1a,,True,phases,,11
8.675,11.975894812089356,,channel,equal_average,72,72,0.041666666666666664,0.45652305716639785,2.1510651464062187,1.9997634938931759,0.5308443422485011,38.05066065809054,cs_102621,1a,,True,phases,,11
8.675,10.298272702889115,,channel,liu_weighted_median,72,72,0.041666666666666664,2.1510651464062187,2.1510651464062187,5.412523304330509,0.5308443422485011,18.712077266733303,cs_102621,1a,,True,phases,,11
8.675,9.38442836457814,,channel,snr_mrc,72,72,0.041666666666666664,0.5851328258310545,2.1510651464062187,4.21069585805089,0.5308443422485011,8.177848583033304,cs_102621,1a,,True,phases,,11
8.675,9.955894115425792,,channel,quality_mrc,72,72,0.041666666666666664,0.4467554221311779,2.1510651464062187,1.8741311603877393,0.5308443422485011,14.765350033726705,cs_102621,1a,,True,phases,,11
8.675,8.587241301722262,,channel,best_tone,72,72,0.027777777777777776,0.7564281472462123,2.829097576983639,17.032050720528993,0.6119488278396521,1.011627645852896,cs_102621,1a,,True,local_amplitudes,,12
8.675,9.427198367744625,,channel,equal_average,72,72,0.027777777777777776,0.6424763198241532,2.829097576983639,3.6763731309522067,0.6119488278396521,8.670874556133993,cs_102621,1a,,True,local_amplitudes,,12
8.675,9.583982570925073,,channel,liu_weighted_median,72,72,0.027777777777777776,2.829097576983639,2.829097576983639,8.08174877599837,0.6119488278396521,10.478185255620431,cs_102621,1a,,True,local_amplitudes,,12
8.675,8.750713156823934,,channel,snr_mrc,72,72,0.027777777777777776,0.7564281472462123,2.829097576983639,43.45841646459698,0.6119488278396521,0.8727741420626369,cs_102621,1a,,True,local_amplitudes,,12
8.675,8.888101394542602,,channel,quality_mrc,72,72,0.027777777777777776,0.7564281472462123,2.829097576983639,7.601480881806937,0.6119488278396521,2.456500225274942,cs_102621,1a,,True,local_amplitudes,,12
8.675,8.828411393878138,,channel,best_tone,72,72,0.0,0.583835642270569,1.84032127731935,11.14004703899825,0.43255183365367617,1.768431053350287,cs_102621,1a,,True,remote_amplitudes,,12
8.675,9.369775363070953,,channel,equal_average,72,72,0.0,0.583835642270569,1.84032127731935,6.875433279339181,0.43255183365367617,8.00893790283519,cs_102621,1a,,True,remote_amplitudes,,12
8.675,10.590317834158679,,channel,liu_weighted_median,72,72,0.0,1.84032127731935,1.84032127731935,4.07039478723022,0.43255183365367617,22.078591748226835,cs_102621,1a,,True,remote_amplitudes,,12
8.675,8.605823587432083,,channel,snr_mrc,72,72,0.0,0.583835642270569,1.84032127731935,24.828424814646848,0.43255183365367617,0.7974226232613046,cs_102621,1a,,True,remote_amplitudes,,12
8.675,9.016233519277224,,channel,quality_mrc,72,72,0.0,0.583835642270569,1.84032127731935,11.506508593926847,0.43255183365367617,3.9335275997374395,cs_102621,1a,,True,remote_amplitudes,,12
8.675,9.481737643865046,,channel,best_tone,72,72,0.041666666666666664,0.6639599249143644,2.122176077830604,8.012273920419663,0.5517015169897194,9.299569381729624,cs_102621,1a,,True,phases,,12
8.675,10.87885504587559,,channel,equal_average,72,72,0.041666666666666664,0.5362673036504078,2.122176077830604,3.1613283436956077,0.5517015169897194,25.40466911672148,cs_102621,1a,,True,phases,,12
8.675,9.936902712405793,,channel,liu_weighted_median,72,72,0.041666666666666664,2.122176077830604,2.122176077830604,5.6285201969835486,0.5517015169897194,14.546428961450053,cs_102621,1a,,True,phases,,12
8.675,9.717371515974932,,channel,snr_mrc,72,72,0.041666666666666664,0.6225748767140492,2.122176077830604,4.946527441110321,0.5517015169897194,12.015809982419958,cs_102621,1a,,True,phases,,12
8.675,10.274507197893747,,channel,quality_mrc,72,72,0.041666666666666664,0.544591147108488,2.122176077830604,3.310833801404467,0.5517015169897194,18.4381233186599,cs_102621,1a,,True,phases,,12
8.675,9.062924380273756,,channel,best_tone,72,72,0.027777777777777776,0.745514019037871,2.8040227798369073,10.77442183833372,0.5910795003337525,4.471750781253666,cs_102621,1a,,True,local_amplitudes,,13
8.675,9.395705600056022,,channel,equal_average,72,72,0.027777777777777776,0.5971384845300565,2.8040227798369073,3.083251784212732,0.5910795003337525,8.30784553378699,cs_102621,1a,,True,local_amplitudes,,13
8.675,9.564107368303059,,channel,liu_weighted_median,72,72,0.027777777777777776,2.8040227798369073,2.8040227798369073,7.7008292718446905,0.5910795003337525,10.249076291677905,cs_102621,1a,,True,local_amplitudes,,13
8.675,8.697771217788906,,channel,snr_mrc,72,72,0.027777777777777776,0.745514019037871,2.8040227798369073,33.87422806987162,0.5910795003337525,0.26249242407960427,cs_102621,1a,,True,local_amplitudes,,13
8.675,8.764586465742182,,channel,quality_mrc,72,72,0.027777777777777776,0.745514019037871,2.8040227798369073,7.8393202769440515,0.5910795003337525,1.0326970114372498,cs_102621,1a,,True,local_amplitudes,,13
8.675,8.947357171893307,,channel,best_tone,72,72,0.0,0.573521083571518,1.7335472292835048,7.231529265949573,0.4352837725000139,3.1395639411332126,cs_102621,1a,,True,remote_amplitudes,,13
8.675,9.468953123829767,,channel,equal_average,72,72,0.0,0.573521083571518,1.7335472292835048,7.81060694866326,0.4352837725000139,9.15219739285033,cs_102621,1a,,True,remote_amplitudes,,13
8.675,10.483321538360178,,channel,liu_weighted_median,72,72,0.0,1.7335472292835048,1.7335472292835048,3.746104764953341,0.4352837725000139,20.84520505314325,cs_102621,1a,,True,remote_amplitudes,,13
8.675,8.655791507068724,,channel,snr_mrc,72,72,0.0,0.573521083571518,1.7335472292835048,18.377180955829132,0.4352837725000139,0.2214235496400809,cs_102621,1a,,True,remote_amplitudes,,13
8.675,9.000472905906637,,channel,quality_mrc,72,72,0.0,0.573521083571518,1.7335472292835048,12.027485160838529,0.4352837725000139,3.7518490594424936,cs_102621,1a,,True,remote_amplitudes,,13
8.675,9.514682751015721,,channel,best_tone,72,72,0.05555555555555555,0.6514000156966326,2.062957475778043,8.750671959399462,0.5359360975123899,9.67934006934548,cs_102621,1a,,True,phases,,13
8.675,10.452390288521846,,channel,equal_average,72,72,0.05555555555555555,0.649639880467815,2.062957475778043,5.951493856342092,0.5359360975123899,20.48864885904144,cs_102621,1a,,True,phases,,13
8.675,9.790355340622636,,channel,liu_weighted_median,72,72,0.05555555555555555,2.062957475778043,2.062957475778043,5.57034727421816,0.5359360975123899,12.857122082105302,cs_102621,1a,,True,phases,,13
8.675,10.480576168465777,,channel,snr_mrc,72,72,0.05555555555555555,0.6444129818943921,2.062957475778043,5.80899227302179,0.5359360975123899,20.813558137934024,cs_102621,1a,,True,phases,,13
8.675,10.198945609084172,,channel,quality_mrc,72,72,0.05555555555555555,0.6353826456475407,2.062957475778043,5.568189439467396,0.5359360975123899,17.567096358318974,cs_102621,1a,,True,phases,,13
8.675,8.889380304506775,,channel,best_tone,72,72,0.041666666666666664,0.7392424956919473,2.875356221802825,16.515587776130896,0.5619906741150034,2.471242703248113,cs_102621,1a,,True,local_amplitudes,,14
8.675,9.247722085485314,,channel,equal_average,72,72,0.041666666666666664,0.585671154946541,2.875356221802825,2.983678203897522,0.5619906741150034,6.6019836943552,cs_102621,1a,,True,local_amplitudes,,14
8.675,9.715604278116034,,channel,liu_weighted_median,72,72,0.041666666666666664,2.875356221802825,2.875356221802825,7.583008806538525,0.5619906741150034,11.995438364449953,cs_102621,1a,,True,local_amplitudes,,14
8.675,8.7192101289232,,channel,snr_mrc,72,72,0.041666666666666664,0.7392424956919473,2.875356221802825,42.27853198907351,0.5619906741150034,0.5096268463769321,cs_102621,1a,,True,local_amplitudes,,14
8.675,8.675855013016285,,channel,quality_mrc,72,72,0.041666666666666664,0.7392424956919473,2.875356221802825,7.932664211786605,0.5619906741150034,0.009856057824605705,cs_102621,1a,,True,local_amplitudes,,14
8.675,9.159258053121171,,channel,best_tone,72,72,0.027777777777777776,0.5743955531085395,1.7550560665404886,6.8246250367842265,0.4319188950622306,5.582225396209455,cs_102621,1a,,True,remote_amplitudes,,14
8.675,9.754015062327033,,channel,equal_average,72,72,0.027777777777777776,0.5743955531085395,1.7550560665404886,7.802995727160741,0.4319188950622306,12.438213974951381,cs_102621,1a,,True,remote_amplitudes,,14
8.675,10.267626704965883,,channel,liu_weighted_median,72,72,0.027777777777777776,1.7550560665404886,1.7550560665404886,3.6840079584616774,0.4319188950622306,18.358809279145618,cs_102621,1a,,True,remote_amplitudes,,14
8.675,9.0535711918422,,channel,snr_mrc,72,72,0.027777777777777776,0.5743955531085395,1.7550560665404886,10.722118664722009,0.4319188950622306,4.363933047172332,cs_102621,1a,,True,remote_amplitudes,,14
8.675,9.30074337406594,,channel,quality_mrc,72,72,0.027777777777777776,0.5743955531085395,1.7550560665404886,9.111268238814064,0.4319188950622306,7.213180104506502,cs_102621,1a,,True,remote_amplitudes,,14
8.675,9.525605339109667,,channel,best_tone,72,72,0.08333333333333333,0.6197241947312869,2.019109670354992,12.462868332385153,0.4715149183334603,9.80524886581748,cs_102621,1a,,True,phases,,14
8.675,10.190278233517304,,channel,equal_average,72,72,0.08333333333333333,0.6197241947312869,2.019109670354992,12.005153209396155,0.4715149183334603,17.46718424803808,cs_102621,1a,,True,phases,,14
8.675,9.676694221075829,,channel,liu_weighted_median,72,72,0.08333333333333333,2.019109670354992,2.019109670354992,5.728730092979889,0.4715149183334603,11.54690744755998,cs_102621,1a,,True,phases,,14
8.675,10.074039731304326,,channel,snr_mrc,72,72,0.08333333333333333,0.597808320394855,2.019109670354992,5.385695072706906,0.4715149183334603,16.12725915048214,cs_102621,1a,,True,phases,,14
8.675,10.058417609490446,,channel,quality_mrc,72,72,0.08333333333333333,0.6197241947312869,2.019109670354992,11.447048749303827,0.4715149183334603,15.9471770546449,cs_102621,1a,,True,phases,,14
8.675,8.368017194039178,,channel,best_tone,72,72,0.027777777777777776,0.7461303109917234,2.952137174747459,12.504402641447028,0.5628173894016315,3.5387066969547325,cs_102621,1a,,True,local_amplitudes,,15
8.675,8.952032459488812,,channel,equal_average,72,72,0.027777777777777776,0.6288945196647111,2.952137174747459,3.592862784021206,0.5628173894016315,3.1934577462687215,cs_102621,1a,,True,local_amplitudes,,15
8.675,9.637038343344887,,channel,liu_weighted_median,72,72,0.027777777777777776,2.952137174747459,2.952137174747459,7.853373212760371,0.5628173894016315,11.089779174004454,cs_102621,1a,,True,local_amplitudes,,15
8.675,8.644814950712998,,channel,snr_mrc,72,72,0.027777777777777776,0.7461303109917234,2.952137174747459,57.46903863833851,0.5628173894016315,0.34795445863979696,cs_102621,1a,,True,local_amplitudes,,15
8.675,8.556363461638353,,channel,quality_mrc,72,72,0.027777777777777776,0.7461303109917234,2.952137174747459,8.565376989695183,0.5628173894016315,1.3675681655521292,cs_102621,1a,,True,local_amplitudes,,15
8.675,9.828595899274713,,channel,best_tone,72,72,0.0,0.5723931715935403,1.7270497232744053,6.013228827540153,0.4343486563557939,13.297935438325217,cs_102621,1a,,True,remote_amplitudes,,15
8.675,10.151657631431677,,channel,equal_average,72,72,0.0,0.5303604395129634,1.7270497232744053,4.772888439702462,0.4343486563557939,17.021989987685025,cs_102621,1a,,True,remote_amplitudes,,15
8.675,10.294070564080792,,channel,liu_weighted_median,72,72,0.0,1.7270497232744053,1.7270497232744053,3.815129627848213,0.4343486563557939,18.663637626291546,cs_102621,1a,,True,remote_amplitudes,,15
8.675,9.544228686802416,,channel,snr_mrc,72,72,0.0,0.5723931715935403,1.7270497232744053,9.139787131238014,0.4343486563557939,10.019927225388074,cs_102621,1a,,True,remote_amplitudes,,15
8.675,9.87062030315188,,channel,quality_mrc,72,72,0.0,0.5723931715935403,1.7270497232744053,8.626413673576364,0.4343486563557939,13.782366606938082,cs_102621,1a,,True,remote_amplitudes,,15
8.675,9.490980785520906,,channel,best_tone,72,72,0.09722222222222222,0.6191593030154884,2.096838367677334,21.330037568876847,0.45279564872010886,9.406118565082476,cs_102621,1a,,True,phases,,15
8.675,9.938702653050571,,channel,equal_average,72,72,0.09722222222222222,0.6191593030154884,2.096838367677334,15.332009066218141,0.45279564872010886,14.567177556778907,cs_102621,1a,,True,phases,,15
8.675,9.648151230860782,,channel,liu_weighted_median,72,72,0.09722222222222222,2.096838367677334,2.096838367677334,5.705840689270851,0.45279564872010886,11.217881623755398,cs_102621,1a,,True,phases,,15
8.675,9.783876006201838,,channel,snr_mrc,72,72,0.09722222222222222,0.6191593030154884,2.096838367677334,7.328856181718054,0.45279564872010886,12.782432348147985,cs_102621,1a,,True,phases,,15
8.675,9.80948764144711,,channel,quality_mrc,72,72,0.09722222222222222,0.6191593030154884,2.096838367677334,13.646024363111074,0.45279564872010886,13.077667336566096,cs_102621,1a,,True,phases,,15
8.675,8.271876688781532,,channel,best_tone,72,72,0.0,0.7905854887478725,3.0890696303924052,11.940084687495409,0.6398509355067638,4.646954596178313,cs_102621,1a,,True,local_amplitudes,,16
8.675,8.677170635627085,,channel,equal_average,72,72,0.0,0.729398097847983,3.0890696303924052,4.711927655412523,0.6398509355067638,0.025021736335270883,cs_102621,1a,,True,local_amplitudes,,16
8.675,9.652264150475188,,channel,liu_weighted_median,72,72,0.0,3.0890696303924052,3.0890696303924052,9.21285857896781,0.6398509355067638,11.265292800866716,cs_102621,1a,,True,local_amplitudes,,16
8.675,8.551627936577571,,channel,snr_mrc,72,72,0.0,0.7905854887478725,3.0890696303924052,76.4200642458045,0.6398509355067638,1.4221563506908332,cs_102621,1a,,True,local_amplitudes,,16
8.675,8.50624809770265,,channel,quality_mrc,72,72,0.0,0.7905854887478725,3.0890696303924052,12.236914328144882,0.6398509355067638,1.9452668852720463,cs_102621,1a,,True,local_amplitudes,,16
8.675,9.690573169094492,,channel,best_tone,72,72,0.013888888888888888,0.5833595700840204,1.8536995827087412,10.55344299435529,0.4283804275013016,11.70689532097396,cs_102621,1a,,True,remote_amplitudes,,16
8.675,10.823764956723803,,channel,equal_average,72,72,0.013888888888888888,0.5074027789512492,1.8536995827087412,3.9482149984120656,0.4283804275013016,24.769624861369476,cs_102621,1a,,True,remote_amplitudes,,16
8.675,10.19652840818065,,channel,liu_weighted_median,72,72,0.013888888888888888,1.8536995827087412,1.8536995827087412,4.181504858211166,0.4283804275013016,17.5392323709585,cs_102621,1a,,True,remote_amplitudes,,16
8.675,9.79100320057858,,channel,snr_mrc,72,72,0.013888888888888888,0.5833595700840204,1.8536995827087412,9.626990656006003,0.4283804275013016,12.864590208398601,cs_102621,1a,,True,remote_amplitudes,,16
8.675,10.651575701099906,,channel,quality_mrc,72,72,0.013888888888888888,0.527722420695083,1.8536995827087412,4.4417990548770065,0.4283804275013016,22.78473430662715,cs_102621,1a,,True,remote_amplitudes,,16
8.675,9.744234092287549,,channel,best_tone,72,72,0.1111111111111111,0.6194154368566844,2.1802522199307526,9.395000231522014,0.4360128887829091,12.325465040778651,cs_102621,1a,,True,phases,,16
8.675,9.73868743339984,,channel,equal_average,72,72,0.1111111111111111,0.6194154368566844,2.1802522199307526,20.850362638145246,0.4360128887829091,12.261526609796409,cs_102621,1a,,True,phases,,16
8.675,9.70560533763891,,channel,liu_weighted_median,72,72,0.1111111111111111,2.1802522199307526,2.1802522199307526,5.666093803145682,0.4360128887829091,11.880176802754008,cs_102621,1a,,True,phases,,16
8.675,9.502989682693327,,channel,snr_mrc,72,72,0.1111111111111111,0.6194154368566844,2.1802522199307526,15.240231988073404,0.4360128887829091,9.54454965640722,cs_102621,1a,,True,phases,,16
8.675,9.617828131036816,,channel,quality_mrc,72,72,0.1111111111111111,0.6194154368566844,2.1802522199307526,22.56798125425703,0.4360128887829091,10.868335804458969,cs_102621,1a,,True,phases,,16
8.675,10.649495607725573,,channel,best_tone,72,72,0.0,0.7766065223931526,2.973125653107253,6.3734082132046685,0.6301585428386355,22.760756285021003,cs_102621,1a,,True,local_amplitudes,,17
8.675,8.373662710571638,,channel,equal_average,72,72,0.0,0.7766065223931526,2.973125653107253,7.100673334668875,0.6301585428386355,3.4736286965805454,cs_102621,1a,,True,local_amplitudes,,17
8.675,9.610938055200004,,channel,liu_weighted_median,72,72,0.0,2.973125653107253,2.973125653107253,11.077668856028513,0.6301585428386355,10.78891129913548,cs_102621,1a,,True,local_amplitudes,,17
8.675,8.490760999972718,,channel,snr_mrc,72,72,0.0,0.7766065223931526,2.973125653107253,66.7658057852064,0.6301585428386355,2.1237925075191106,cs_102621,1a,,True,local_amplitudes,,17
8.675,8.393628368887333,,channel,quality_mrc,72,72,0.0,0.7766065223931526,2.973125653107253,21.25547279554001,0.6301585428386355,3.2434770157079877,cs_102621,1a,,True,local_amplitudes,,17
8.675,8.958391260809965,,channel,best_tone,72,72,0.041666666666666664,0.5944698387038608,1.9425649674679448,24.735328312909203,0.4325874480856543,3.2667580496825797,cs_102621,1a,,True,remote_amplitudes,,17
8.675,11.685321461899228,,channel,equal_average,72,72,0.041666666666666664,0.45864090969328586,1.9425649674679448,2.7553713988213615,0.4325874480856543,34.701111952728844,cs_102621,1a,,True,remote_amplitudes,,17
8.675,10.1102096084341,,channel,liu_weighted_median,72,72,0.041666666666666664,1.9425649674679448,1.9425649674679448,4.343295943781204,0.4325874480856543,16.544202979067432,cs_102621,1a,,True,remote_amplitudes,,17
8.675,10.226081464846185,,channel,snr_mrc,72,72,0.041666666666666664,0.5619461687606875,1.9425649674679448,5.06810868163009,0.4325874480856543,17.87990161205976,cs_102621,1a,,True,remote_amplitudes,,17
8.675,11.415531838970628,,channel,quality_mrc,72,72,0.041666666666666664,0.47299546836153317,1.9425649674679448,3.022266207477021,0.4325874480856543,31.59114511781702,cs_102621,1a,,True,remote_amplitudes,,17
8.675,9.861061232643888,,channel,best_tone,72,72,0.1111111111111111,0.6253189397225805,2.2741043204954683,8.269541867510611,0.4300850599442149,13.672175592436735,cs_102621,1a,,True,phases,,17
8.675,9.546411379900599,,channel,equal_average,72,72,0.1111111111111111,0.6253189397225805,2.2741043204954683,15.853421982589555,0.4300850599442149,10.045087952744648,cs_102621,1a,,True,phases,,17
8.675,9.670436892181915,,channel,liu_weighted_median,72,72,0.1111111111111111,2.2741043204954683,2.2741043204954683,5.4854429685366375,0.4300850599442149,11.474776855122926,cs_102621,1a,,True,phases,,17
8.675,9.232045159890538,,channel,snr_mrc,72,72,0.1111111111111111,0.6253189397225805,2.2741043204954683,21.03106034048969,0.4300850599442149,6.421269854645957,cs_102621,1a,,True,phases,,17
8.675,9.43785296107346,,channel,quality_mrc,72,72,0.1111111111111111,0.6253189397225805,2.2741043204954683,18.076816906724815,0.4300850599442149,8.793694075774749,cs_102621,1a,,True,phases,,17
8.675,8.360356371750111,,channel,best_tone,72,72,0.0,0.7776761490699593,2.9888796062744563,14.160420876943162,0.6294306808596106,3.627015887606797,cs_102621,1a,,True,local_amplitudes,,18
8.675,8.146819691942587,,channel,equal_average,72,72,0.0,0.7776761490699593,2.9888796062744563,8.104671367591466,0.6294306808596106,6.088533810460095,cs_102621,1a,,True,local_amplitudes,,18
8.675,9.584721980586343,,channel,liu_weighted_median,72,72,0.0,2.9888796062744563,2.9888796062744563,12.845855093615784,0.6294306808596106,10.486708709929013,cs_102621,1a,,True,local_amplitudes,,18
8.675,8.459841452021998,,channel,snr_mrc,72,72,0.0,0.7776761490699593,2.9888796062744563,93.68922597067719,0.6294306808596106,2.4802138095447046,cs_102621,1a,,True,local_amplitudes,,18
8.675,8.309727330415987,,channel,quality_mrc,72,72,0.0,0.7776761490699593,2.9888796062744563,21.321926962558358,0.6294306808596106,4.21063596062264,cs_102621,1a,,True,local_amplitudes,,18
8.675,9.854537599567914,,channel,best_tone,72,72,0.027777777777777776,0.5964074512009593,1.963816693883407,6.184433579556703,0.4321039394838185,13.596975211157503,cs_102621,1a,,True,remote_amplitudes,,18
8.675,12.61403767901159,,channel,equal_average,72,72,0.027777777777777776,0.49289429459789463,1.963816693883407,3.3867523566363746,0.4321039394838185,45.406774397828116,cs_102621,1a,,True,remote_amplitudes,,18
8.675,9.854537599567914,,channel,liu_weighted_median,72,72,0.027777777777777776,1.963816693883407,1.963816693883407,4.556543498918793,0.4321039394838185,13.596975211157503,cs_102621,1a,,True,remote_amplitudes,,18
8.675,10.894378825750694,,channel,snr_mrc,72,72,0.027777777777777776,0.5127050120015078,1.963816693883407,3.8117530568604288,0.4321039394838185,25.583617587904246,cs_102621,1a,,True,remote_amplitudes,,18
8.675,12.36667791735133,,channel,quality_mrc,72,72,0.027777777777777776,0.46822870595410987,1.963816693883407,2.9033284881336954,0.4321039394838185,42.55536504151388,cs_102621,1a,,True,remote_amplitudes,,18
8.675,10.004536524550192,,channel,best_tone,72,72,0.1111111111111111,0.6264104157378955,2.3285298222905157,6.4140246208606255,0.42223584389073204,15.326069447264448,cs_102621,1a,,True,phases,,18
8.675,9.408511158887046,,channel,equal_average,72,72,0.1111111111111111,0.6264104157378955,2.3285298222905157,12.44246089524202,0.42223584389073204,8.455460044807444,cs_102621,1a,,True,phases,,18
8.675,9.576313021378816,,channel,liu_weighted_median,72,72,0.1111111111111111,2.3285298222905157,2.3285298222905157,5.584318728873827,0.42223584389073204,10.389775462580001,cs_102621,1a,,True,phases,,18
8.675,8.987179611912321,,channel,snr_mrc,72,72,0.1111111111111111,0.6264104157378955,2.3285298222905157,24.938531323190144,0.42223584389073204,3.5986122410642114,cs_102621,1a,,True,phases,,18
8.675,9.310880739229702,,channel,quality_mrc,72,72,0.1111111111111111,0.6264104157378955,2.3285298222905157,15.124572952797548,0.42223584389073204,7.33003733982365,cs_102621,1a,,True,phases,,18
8.675,11.059139121566147,,channel,best_tone,72,72,0.0,0.7794614876991195,2.9901174767374954,14.498040615773657,0.6335132842994978,27.482871718341745,cs_102621,1a,,True,local_amplitudes,,19
8.675,8.08522507351488,,channel,equal_average,72,72,0.0,0.7794614876991195,2.9901174767374954,6.87326028786929,0.6335132842994978,6.798558230376023,cs_102621,1a,,True,local_amplitudes,,19
8.675,9.645825675524355,,channel,liu_weighted_median,72,72,0.0,2.9901174767374954,2.9901174767374954,14.173811360884423,0.6335132842994978,11.191074069445005,cs_102621,1a,,True,local_amplitudes,,19
8.675,8.496291345709341,,channel,snr_mrc,72,72,0.0,0.7794614876991195,2.9901174767374954,173.74319227265542,0.6335132842994978,2.060042124388003,cs_102621,1a,,True,local_amplitudes,,19
8.675,8.27240406904334,,channel,quality_mrc,72,72,0.0,0.7794614876991195,2.9901174767374954,12.283087853358527,0.6335132842994978,4.640875284803007,cs_102621,1a,,True,local_amplitudes,,19
8.675,9.56802438364118,,channel,best_tone,72,72,0.0,0.5899720155450995,1.9507329181705846,8.590131995334781,0.42107205001226045,10.294229206238382,cs_102621,1a,,True,remote_amplitudes,,19
8.675,13.307081130805951,,channel,equal_average,72,72,0.0,0.5467693799466663,1.9507329181705846,4.776057759353228,0.42107205001226045,53.39574790554409,cs_102621,1a,,True,remote_amplitudes,,19
8.675,9.842902866795027,,channel,liu_weighted_median,72,72,0.0,1.9507329181705846,1.9507329181705846,4.81014227035396,0.42107205001226045,13.462857254121344,cs_102621,1a,,True,remote_amplitudes,,19
8.675,12.098016655978821,,channel,snr_mrc,72,72,0.0,0.4369546736295004,1.9507329181705846,2.437620990717963,0.42107205001226045,39.45840525624,cs_102621,1a,,True,remote_amplitudes,,19
8.675,13.065504712436772,,channel,quality_mrc,72,72,0.0,0.5458223470193471,1.9507329181705846,4.751283579780219,0.42107205001226045,50.611005330683234,cs_102621,1a,,True,remote_amplitudes,,19
8.675,10.183019341602218,,channel,best_tone,72,72,0.09722222222222222,0.6423266723683893,2.329774732001899,7.501990230719341,0.45500265360056286,17.383508260544296,cs_102621,1a,,True,phases,,19
8.675,9.355838781863206,,channel,equal_average,72,72,0.09722222222222222,0.6423266723683893,2.329774732001899,11.300536115117367,0.45500265360056286,7.848285669892851,cs_102621,1a,,True,phases,,19
8.675,9.57946220484927,,channel,liu_weighted_median,72,72,0.09722222222222222,2.329774732001899,2.329774732001899,5.9387707186146645,0.45500265360056286,10.426077289328745,cs_102621,1a,,True,phases,,19
8.675,8.978479543415185,,channel,snr_mrc,72,72,0.09722222222222222,0.6423266723683893,2.329774732001899,36.24622791543546,0.45500265360056286,3.498323267033824,cs_102621,1a,,True,phases,,19
8.675,9.260009574295374,,channel,quality_mrc,72,72,0.09722222222222222,0.6423266723683893,2.329774732001899,14.489213527056206,0.45500265360056286,6.743626216661363,cs_102621,1a,,True,phases,,19
8.675,11.18620349977514,,channel,best_tone,72,72,0.0,0.7899371007157645,3.1151610705184343,14.479450667688807,0.6329319504046551,28.947590775505923,cs_102621,1a,,True,local_amplitudes,,20
8.675,8.15826633764671,,channel,equal_average,72,72,0.0,0.7899371007157645,3.1151610705184343,6.140869474500723,0.6329319504046551,5.956584004072515,cs_102621,1a,,True,local_amplitudes,,20
8.675,9.768413706961812,,channel,liu_weighted_median,72,72,0.0,3.1151610705184343,3.1151610705184343,12.221970954854442,0.6329319504046551,12.604192587456042,cs_102621,1a,,True,local_amplitudes,,20
8.675,8.583512380364652,,channel,snr_mrc,72,72,0.0,0.7899371007157645,3.1151610705184343,123.55906624099025,0.6329319504046551,1.0546123300904695,cs_102621,1a,,True,local_amplitudes,,20
8.675,8.482404484694431,,channel,quality_mrc,72,72,0.0,0.7899371007157645,3.1151610705184343,11.014091419694415,0.6329319504046551,2.220121213897056,cs_102621,1a,,True,local_amplitudes,,20
8.675,10.678322435421821,,channel,best_tone,72,72,0.013888888888888888,0.5956493106700748,1.9819642360292964,9.338894212226611,0.4265167668031932,23.09305401062617,cs_102621,1a,,True,remote_amplitudes,,20
8.675,13.691549085456488,,channel,equal_average,72,72,0.013888888888888888,0.593416080935398,1.9819642360292964,5.93276646078574,0.4265167668031932,57.82765516376354,cs_102621,1a,,True,remote_amplitudes,,20
8.675,9.885131194534608,,channel,liu_weighted_median,72,72,0.013888888888888888,1.9819642360292964,1.9819642360292964,5.004247072167632,0.4265167668031932,13.94963913008193,cs_102621,1a,,True,remote_amplitudes,,20
8.675,13.407199986134813,,channel,snr_mrc,72,72,0.013888888888888888,0.4142644065282983,1.9819642360292964,2.018422975993145,0.4265167668031932,54.549855747951725,cs_102621,1a,,True,remote_amplitudes,,20
8.675,13.453364162702512,,channel,quality_mrc,72,72,0.013888888888888888,0.5710134822634264,1.9819642360292964,5.2858934843322185,0.4265167668031932,55.08200763922202,cs_102621,1a,,True,remote_amplitudes,,20
8.675,10.374522222092551,,channel,best_tone,72,72,0.08333333333333333,0.6491363699438017,2.3767081336492026,7.187169448359071,0.46035404820345216,19.591034260432856,cs_102621,1a,,True,phases,,20
8.675,9.382697282509078,,channel,equal_average,72,72,0.08333333333333333,0.6491363699438017,2.3767081336492026,10.744587020676818,0.46035404820345216,8.157893746502328,cs_102621,1a,,True,phases,,20
8.675,9.582927246358517,,channel,liu_weighted_median,72,72,0.08333333333333333,2.3767081336492026,2.3767081336492026,6.142124762545912,0.46035404820345216,10.46602013093391,cs_102621,1a,,True,phases,,20
8.675,9.237098058450876,,channel,snr_mrc,72,72,0.08333333333333333,0.6491363699438017,2.3767081336492026,20.32968929518415,0.46035404820345216,6.479516523929394,cs_102621,1a,,True,phases,,20
8.675,9.301197353639955,,channel,quality_mrc,72,72,0.08333333333333333,0.6491363699438017,2.3767081336492026,12.76104732340254,0.46035404820345216,7.2184132984432745,cs_102621,1a,,True,phases,,20
8.675,8.222298956559028,,channel,best_tone,72,72,0.0,0.7922645758362864,3.1503502686026525,13.086110577214622,0.6314105907375446,5.218455832172597,cs_102621,1a,,True,local_amplitudes,,21
8.675,8.30699602198499,,channel,equal_average,72,72,0.0,0.7922645758362864,3.1503502686026525,6.169033898001202,0.6314105907375446,4.242120784034709,cs_102621,1a,,True,local_amplitudes,,21
8.675,9.815977148769306,,channel,liu_weighted_median,72,72,0.0,3.1503502686026525,3.1503502686026525,9.389363869772158,0.6314105907375446,13.152474337398335,cs_102621,1a,,True,local_amplitudes,,21
8.675,8.657303477531778,,channel,snr_mrc,72,72,0.0,0.7922645758362864,3.1503502686026525,54.84604302206117,0.6314105907375446,0.20399449531092098,cs_102621,1a,,True,local_amplitudes,,21
8.675,8.619640676239865,,channel,quality_mrc,72,72,0.0,0.7922645758362864,3.1503502686026525,11.298564660422866,0.6314105907375446,0.6381478243243364,cs_102621,1a,,True,local_amplitudes,,21
8.675,10.618123191930506,,channel,best_tone,72,72,0.0,0.6134610268722172,2.0235900423034883,12.003991235946003,0.4563503515314806,22.399114604386224,cs_102621,1a,,True,remote_amplitudes,,21
8.675,13.82290849589775,,channel,equal_average,72,72,0.0,0.5818629118877611,2.0235900423034883,5.119792345323839,0.4563503515314806,59.34188467893659,cs_102621,1a,,True,remote_amplitudes,,21
8.675,9.911434156210156,,channel,liu_weighted_median,72,72,0.0,2.0235900423034883,2.0235900423034883,5.152148677624504,0.4563503515314806,14.252843299252508,cs_102621,1a,,True,remote_amplitudes,,21
8.675,7.734287124456472,,channel,snr_mrc,72,72,0.0,0.4485974667487829,2.0235900423034883,2.346176978130881,0.4563503515314806,10.843952455833183,cs_102621,1a,,True,remote_amplitudes,,21
8.675,13.590697912263074,,channel,quality_mrc,72,72,0.0,0.5546216820587123,2.0235900423034883,4.433848498910331,0.4563503515314806,56.6651056168654,cs_102621,1a,,True,remote_amplitudes,,21
8.675,9.328428474744108,,channel,best_tone,72,72,0.08333333333333333,0.6467166806586404,2.325012980984702,18.663565900827646,0.4653468706025286,7.53231671174763,cs_102621,1a,,True,phases,,21
8.675,9.45058161107694,,channel,equal_average,72,72,0.08333333333333333,0.6467166806586404,2.325012980984702,9.46157851245673,0.4653468706025286,8.94042202970535,cs_102621,1a,,True,phases,,21
8.675,9.696285885749006,,channel,liu_weighted_median,72,72,0.08333333333333333,2.325012980984702,2.325012980984702,6.372372485429221,0.4653468706025286,11.772747962524557,cs_102621,1a,,True,phases,,21
8.675,9.478860533583843,,channel,snr_mrc,72,72,0.08333333333333333,0.6467166806586404,2.325012980984702,12.060641377965219,0.4653468706025286,9.266403845346884,cs_102621,1a,,True,phases,,21
8.675,9.366433466907425,,channel,quality_mrc,72,72,0.08333333333333333,0.6467166806586404,2.325012980984702,10.617510641873553,0.4653468706025286,7.970414604120169,cs_102621,1a,,True,phases,,21
8.675,8.304437216264729,,channel,best_tone,72,72,0.0,0.7968189461103918,3.220172197575329,12.499332753632888,0.6284342564951569,4.271617103576621,cs_102621,1a,,True,local_amplitudes,,22
8.675,8.515083379334259,,channel,equal_average,72,72,0.0,0.7968189461103918,3.220172197575329,6.752260852462828,0.6284342564951569,1.8434192583947189,cs_102621,1a,,True,local_amplitudes,,22
8.675,9.869292601153486,,channel,liu_weighted_median,72,72,0.0,3.220172197575329,3.220172197575329,8.119241979872305,0.6284342564951569,13.767061684766398,cs_102621,1a,,True,local_amplitudes,,22
8.675,8.729692825413371,,channel,snr_mrc,72,72,0.0,0.7968189461103918,3.220172197575329,22.459009273109363,0.6284342564951569,0.6304648462636395,cs_102621,1a,,True,local_amplitudes,,22
8.675,8.7822977155062,,channel,quality_mrc,72,72,0.0,0.7968189461103918,3.220172197575329,10.212598117769287,0.6284342564951569,1.2368612738466762,cs_102621,1a,,True,local_amplitudes,,22
8.675,10.56900073028723,,channel,best_tone,72,72,0.0,0.6250832649816582,2.0743890315452354,6.365820707150307,0.47095932428607146,21.832861444233195,cs_102621,1a,,True,remote_amplitudes,,22
8.675,13.83234180218638,,channel,equal_average,72,72,0.0,0.5075711201150559,2.0743890315452354,3.2123905914120936,0.47095932428607146,59.45062596180265,cs_102621,1a,,True,remote_amplitudes,,22
8.675,10.145251970329701,,channel,liu_weighted_median,72,72,0.0,2.0743890315452354,2.0743890315452354,4.765633429801963,0.47095932428607146,16.948149513887035,cs_102621,1a,,True,remote_amplitudes,,22
8.675,7.2293944795676275,,channel,snr_mrc,72,72,0.0,0.4624744028843642,2.0743890315452354,2.4299690135499405,0.47095932428607146,16.664040581353003,cs_102621,1a,,True,remote_amplitudes,,22
8.675,13.436215402648779,,channel,quality_mrc,72,72,0.0,0.5288287716335972,2.0743890315452354,3.633146087816334,0.47095932428607146,54.88432740805508,cs_102621,1a,,True,remote_amplitudes,,22
8.675,9.297918743803015,,channel,best_tone,72,72,0.06944444444444445,0.6493247019236522,2.298350355716469,18.37896987601564,0.47646338679967415,7.18061952510679,cs_102621,1a,,True,phases,,22
8.675,9.54208558520181,,channel,equal_average,72,72,0.06944444444444445,0.6493247019236522,2.298350355716469,7.676282009492222,0.47646338679967415,9.995222884170719,cs_102621,1a,,True,phases,,22
8.675,9.746484307344451,,channel,liu_weighted_median,72,72,0.06944444444444445,2.298350355716469,2.298350355716469,6.0946953800237464,0.47646338679967415,12.351404119244382,cs_102621,1a,,True,phases,,22
8.675,9.62753389495823,,channel,snr_mrc,72,72,0.06944444444444445,0.6493247019236522,2.298350355716469,9.190432750421998,0.47646338679967415,10.98021780931676,cs_102621,1a,,True,phases,,22
8.675,9.487787747917992,,channel,quality_mrc,72,72,0.06944444444444445,0.6493247019236522,2.298350355716469,8.128554211382985,0.47646338679967415,9.369311215192976,cs_102621,1a,,True,phases,,22
8.675,8.439982390754187,,channel,best_tone,72,72,0.0,0.7957625002380239,3.2308935053440915,11.431484033341249,0.623860884184568,2.7091367060036173,cs_102621,1a,,True,local_amplitudes,,23
8.675,8.685259603103571,,channel,equal_average,72,72,0.0,0.7957625002380239,3.2308935053440915,6.6057935918726525,0.623860884184568,0.1182663181967748,cs_102621,1a,,True,local_amplitudes,,23
8.675,9.976103201747284,,channel,liu_weighted_median,72,72,0.0,3.2308935053440915,3.2308935053440915,7.692803438948747,0.623860884184568,14.998307801121419,cs_102621,1a,,True,local_amplitudes,,23
8.675,8.75213052594502,,channel,snr_mrc,72,72,0.0,0.7957625002380239,3.2308935053440915,7.98550277428996,0.623860884184568,0.8891126910088698,cs_102621,1a,,True,local_amplitudes,,23
8.675,8.897350414337584,,channel,quality_mrc,72,72,0.0,0.7957625002380239,3.2308935053440915,6.283807139408122,0.623860884184568,2.5631171681565807,cs_102621,1a,,True,local_amplitudes,,23
8.675,11.381069825135853,,channel,best_tone,72,72,0.0,0.633951930237737,2.0673444117493194,9.933871662797756,0.49296506408720503,31.193888474188498,cs_102621,1a,,True,remote_amplitudes,,23
8.675,13.61985529134183,,channel,equal_average,72,72,0.0,0.44683091042545237,2.0673444117493194,2.1009314915147073,0.49296506408720503,57.00121373304702,cs_102621,1a,,True,remote_amplitudes,,23
8.675,10.297630206249265,,channel,liu_weighted_median,72,72,0.0,2.0673444117493194,2.0673444117493194,4.481910952451027,0.49296506408720503,18.70467096540938,cs_102621,1a,,True,remote_amplitudes,,23
8.675,12.227151791690964,,channel,snr_mrc,72,72,0.0,0.5560860402988727,2.0673444117493194,4.049563781453728,0.49296506408720503,40.946994716898715,cs_102621,1a,,True,remote_amplitudes,,23
8.675,12.854502326018672,,channel,quality_mrc,72,72,0.0,0.45737513407645486,2.0673444117493194,2.2532008908986545,0.49296506408720503,48.17870116448035,cs_102621,1a,,True,remote_amplitudes,,23
8.675,9.180614354271787,,channel,best_tone,72,72,0.05555555555555555,0.6528389491037444,2.332184117347984,16.332809931728683,0.477216365694235,5.828407542037885,cs_102621,1a,,True,phases,,23
8.675,9.6313765372829,,channel,equal_average,72,72,0.05555555555555555,0.6528389491037444,2.332184117347984,6.058580460628964,0.477216365694235,11.02451339807377,cs_102621,1a,,True,phases,,23
8.675,9.956224439700058,,channel,liu_weighted_median,72,72,0.05555555555555555,2.332184117347984,2.332184117347984,5.723775411578292,0.477216365694235,14.769157806340722,cs_102621,1a,,True,phases,,23
8.675,9.548662294556921,,channel,snr_mrc,72,72,0.05555555555555555,0.6528389491037444,2.332184117347984,8.73882424176804,0.477216365694235,10.071035095757008,cs_102621,1a,,True,phases,,23
8.675,9.521229995969115,,channel,quality_mrc,72,72,0.05555555555555555,0.6528389491037444,2.332184117347984,7.08838029089048,0.477216365694235,9.754812633649733,cs_102621,1a,,True,phases,,23
8.675,8.569558334584377,,channel,best_tone,72,72,0.0,0.7937959359100653,3.2393433874874344,11.475058472702791,0.6176317547191431,1.2154658837535885,cs_102621,1a,,True,local_amplitudes,,24
8.675,8.783146046520912,,channel,equal_average,72,72,0.0,0.7937959359100653,3.2393433874874344,6.263247744098182,0.6176317547191431,1.2466403057165554,cs_102621,1a,,True,local_amplitudes,,24
8.675,9.826872035886977,,channel,liu_weighted_median,72,72,0.0,3.2393433874874344,3.2393433874874344,7.990016462086759,0.6176317547191431,13.278063814259088,cs_102621,1a,,True,local_amplitudes,,24
8.675,8.680543236609509,,channel,snr_mrc,72,72,0.0,0.6844325876326043,3.2393433874874344,3.8460654893155333,0.6176317547191431,0.06389898108943266,cs_102621,1a,,True,local_amplitudes,,24
8.675,8.920353442968171,,channel,quality_mrc,72,72,0.0,0.7630319761242348,3.2393433874874344,5.32908750692973,0.6176317547191431,2.8282817633218476,cs_102621,1a,,True,local_amplitudes,,24
8.675,11.251436779857828,,channel,best_tone,72,72,0.0,0.6426054002597757,2.022307937023581,11.148260464540925,0.5248628299170466,29.699559421992245,cs_102621,1a,,True,remote_amplitudes,,24
8.675,12.215216995560974,,channel,equal_average,72,72,0.0,0.39290512419986245,2.022307937023581,1.3714539074297882,0.5248628299170466,40.80941781626482,cs_102621,1a,,True,remote_amplitudes,,24
8.675,10.462069291390398,,channel,liu_weighted_median,72,72,0.0,2.022307937023581,2.022307937023581,4.813588496049061,0.5248628299170466,20.60022237914002,cs_102621,1a,,True,remote_amplitudes,,24
8.675,11.262874270989109,,channel,snr_mrc,72,72,0.0,0.6426054002597757,2.022307937023581,10.143187493115486,0.5248628299170466,29.831403700162625,cs_102621,1a,,True,remote_amplitudes,,24
8.675,11.689532619233944,,channel,quality_mrc,72,72,0.0,0.4558378361741786,2.022307937023581,2.141653704056305,0.5248628299170466,34.749655553129024,cs_102621,1a,,True,remote_amplitudes,,24
8.675,8.895469312042987,,channel,best_tone,72,72,0.041666666666666664,0.6496635648601096,2.3191268734981834,18.60566898552854,0.4729345207864796,2.541432991849989,cs_102621,1a,,True,phases,,24
8.675,9.696934602759345,,channel,equal_average,72,72,0.041666666666666664,0.606005689629989,2.3191268734981834,4.869852672972141,0.4729345207864796,11.780225968407429,cs_102621,1a,,True,phases,,24
8.675,10.138969421888667,,channel,liu_weighted_median,72,72,0.041666666666666664,2.3191268734981834,2.3191268734981834,5.301804822872299,0.4729345207864796,16.875728206209413,cs_102621,1a,,True,phases,,24
8.675,9.310361716941449,,channel,snr_mrc,72,72,0.041666666666666664,0.6496635648601096,2.3191268734981834,10.287786965068078,0.4729345207864796,7.3240543739648185,cs_102621,1a,,True,phases,,24
8.675,9.528968002831698,,channel,quality_mrc,72,72,0.041666666666666664,0.6496635648601096,2.3191268734981834,6.498130171670443,0.4729345207864796,9.844011560019569,cs_102621,1a,,True,phases,,24
8.675,9.831924167867342,,channel,best_tone,72,72,0.013888888888888888,0.7307427948459019,2.6470860110984527,9.089649455838078,0.5896381352388355,13.33630164688578,cs_102621,1b,,True,local_amplitudes,,0
8.675,9.454688594334568,,channel,equal_average,72,72,0.013888888888888888,0.7307427948459019,2.6470860110984527,9.69801732959284,0.5896381352388355,8.987764776190978,cs_102621,1b,,True,local_amplitudes,,0
8.675,9.495101656455349,,channel,liu_weighted_median,72,72,0.013888888888888888,2.6470860110984527,2.6470860110984527,15.508445850874486,0.5896381352388355,9.453621400061648,cs_102621,1b,,True,local_amplitudes,,0
8.675,8.57614364362391,,channel,snr_mrc,72,72,0.013888888888888888,0.7307427948459019,2.6470860110984527,86.32269299277826,0.5896381352388355,1.1395545403583967,cs_102621,1b,,True,local_amplitudes,,0
8.675,9.272896071413824,,channel,quality_mrc,72,72,0.013888888888888888,0.7307427948459019,2.6470860110984527,13.850109334083736,0.5896381352388355,6.892173733876921,cs_102621,1b,,True,local_amplitudes,,0
8.675,8.192702004756413,,channel,best_tone,72,72,0.027777777777777776,0.6007553626327452,2.049980088939974,75.86847961567517,0.4230613170835462,5.559631069090351,cs_102621,1b,,True,remote_amplitudes,,0
8.675,10.926489379020625,,channel,equal_average,72,72,0.027777777777777776,0.4069963890009533,2.049980088939974,1.8656490438060422,0.4230613170835462,25.953768057874626,cs_102621,1b,,True,remote_amplitudes,,0
8.675,9.29602591559322,,channel,liu_weighted_median,72,72,0.027777777777777776,2.049980088939974,2.049980088939974,6.036640973869816,0.4230613170835462,7.158800179748916,cs_102621,1b,,True,remote_amplitudes,,0
8.675,8.58661372032708,,channel,snr_mrc,72,72,0.027777777777777776,0.5847412772257994,2.049980088939974,5.532858172504008,0.4230613170835462,1.0188620135207045,cs_102621,1b,,True,remote_amplitudes,,0
8.675,10.03013441320071,,channel,quality_mrc,72,72,0.027777777777777776,0.4340510517170129,2.049980088939974,2.2629800240394213,0.4230613170835462,15.621145973495201,cs_102621,1b,,True,remote_amplitudes,,0
8.675,7.983283508587688,,channel,best_tone,72,72,0.041666666666666664,0.6266722637730802,2.1163297929572176,25.968043668533536,0.46515539870732747,7.973677134435884,cs_102621,1b,,True,phases,,0
8.675,9.685149324422213,,channel,equal_average,72,72,0.041666666666666664,0.6064777136165757,2.1163297929572176,5.438440346080534,0.46515539870732747,11.644372615818003,cs_102621,1b,,True,phases,,0
8.675,9.806893113897877,,channel,liu_weighted_median,72,72,0.041666666666666664,2.1163297929572176,2.1163297929572176,5.904902477088669,0.46515539870732747,13.047759238015857,cs_102621,1b,,True,phases,,0
8.675,9.338822135739983,,channel,snr_mrc,72,72,0.041666666666666664,0.6266722637730802,2.1163297929572176,7.343174421002314,0.46515539870732747,7.65212836587876,cs_102621,1b,,True,phases,,0
8.675,9.613663447971723,,channel,quality_mrc,72,72,0.041666666666666664,0.6266722637730802,2.1163297929572176,6.026560828243884,0.46515539870732747,10.820327930509762,cs_102621,1b,,True,phases,,0
8.675,8.372438975103355,,channel,best_tone,72,72,0.027777777777777776,0.7675968635941692,3.258047754232733,28.307830314751946,0.5552673280603244,3.4877351573100337,cs_102621,1b,,True,local_amplitudes,,1
8.675,9.518187153633672,,channel,equal_average,72,72,0.027777777777777776,0.7675968635941692,3.258047754232733,8.711279732524702,0.5552673280603244,9.719736641310334,cs_102621,1b,,True,local_amplitudes,,1
8.675,9.392673714290932,,channel,liu_weighted_median,72,72,0.027777777777777776,3.258047754232733,3.258047754232733,14.47395127898609,0.5552673280603244,8.272895841970394,cs_102621,1b,,True,local_amplitudes,,1
8.675,8.599456810799136,,channel,snr_mrc,72,72,0.027777777777777776,0.7675968635941692,3.258047754232733,89.2824233991042,0.5552673280603244,0.8708148611050656,cs_102621,1b,,True,local_amplitudes,,1
8.675,9.349705515484287,,channel,quality_mrc,72,72,0.027777777777777776,0.7675968635941692,3.258047754232733,12.22153383980415,0.5552673280603244,7.777585192902429,cs_102621,1b,,True,local_amplitudes,,1
8.675,9.135384867958695,,channel,best_tone,72,72,0.125,0.6205259036676927,2.2377943271388676,9.622603991565265,0.4270901642506276,5.307030178198208,cs_102621,1b,,True,remote_amplitudes,,1
8.675,10.03670078122161,,channel,equal_average,72,72,0.125,0.48084464412175276,2.2377943271388676,2.7918099603409097,0.4270901642506276,15.696838976617972,cs_102621,1b,,True,remote_amplitudes,,1
8.675,9.542505938638934,,channel,liu_weighted_median,72,72,0.125,2.2377943271388676,2.2377943271388676,5.635872482260628,0.4270901642506276,10.000068456932947,cs_102621,1b,,True,remote_amplitudes,,1
8.675,9.111074066984157,,channel,snr_mrc,72,72,0.125,0.5883207751805546,2.2377943271388676,5.113450516000945,0.4270901642506276,5.02679039751189,cs_102621,1b,,True,remote_amplitudes,,1
8.675,9.899840840842518,,channel,quality_mrc,72,72,0.125,0.5000293664219174,2.2377943271388676,3.1394822795571744,0.4270901642506276,14.119202776282624,cs_102621,1b,,True,remote_amplitudes,,1
8.675,8.094320491020579,,channel,best_tone,72,72,0.05555555555555555,0.6603341888296428,2.452452691765419,22.344555467914933,0.46962445407857123,6.693711919071148,cs_102621,1b,,True,phases,,1
8.675,9.918033236049293,,channel,equal_average,72,72,0.05555555555555555,0.6228160426030522,2.452452691765419,5.0343020851165,0.46962445407857123,14.328913383853518,cs_102621,1b,,True,phases,,1
8.675,9.713907668512611,,channel,liu_weighted_median,72,72,0.05555555555555555,2.452452691765419,2.452452691765419,6.585597285174988,0.46962445407857123,11.975880905044502,cs_102621,1b,,True,phases,,1
8.675,9.648820125496027,,channel,snr_mrc,72,72,0.05555555555555555,0.6302435150725985,2.452452691765419,5.216570210623248,0.46962445407857123,11.22559222473805,cs_102621,1b,,True,phases,,1
8.675,9.84145181440503,,channel,quality_mrc,72,72,0.05555555555555555,0.6346353029669786,2.452452691765419,5.326385321784674,0.46962445407857123,13.4461304254182,cs_102621,1b,,True,phases,,1
8.675,8.369243535448431,,channel,best_tone,72,72,0.041666666666666664,0.7727792511771873,3.453493401530694,35.72440007634977,0.5345246275208763,3.524570196559877,cs_102621,1b,,True,local_amplitudes,,2
8.675,9.576449532611496,,channel,equal_average,72,72,0.041666666666666664,0.7727792511771873,3.453493401530694,7.946994192313098,0.5345246275208763,10.39134907909505,cs_102621,1b,,True,local_amplitudes,,2
8.675,9.639675212951557,,channel,liu_weighted_median,72,72,0.041666666666666664,3.453493401530694,3.453493401530694,11.435587083006645,0.5345246275208763,11.12017536543581,cs_102621,1b,,True,local_amplitudes,,2
8.675,8.732208989713854,,channel,snr_mrc,72,72,0.041666666666666664,0.7727792511771873,3.453493401530694,48.270038700585594,0.5345246275208763,0.6594696220617088,cs_102621,1b,,True,local_amplitudes,,2
8.675,9.502292383957913,,channel,quality_mrc,72,72,0.041666666666666664,0.7727792511771873,3.453493401530694,9.242800611774012,0.5345246275208763,9.53651163063876,cs_102621,1b,,True,local_amplitudes,,2
8.675,9.226655756071846,,channel,best_tone,72,72,0.09722222222222222,0.6379741147315955,2.461687002998413,12.881694285022165,0.4219260428103539,6.359144162211473,cs_102621,1b,,True,remote_amplitudes,,2
8.675,9.832275629935298,,channel,equal_average,72,72,0.09722222222222222,0.6011547602919647,2.461687002998413,5.019967990668588,0.4219260428103539,13.34035308282763,cs_102621,1b,,True,remote_amplitudes,,2
8.675,9.781638624765241,,channel,liu_weighted_median,72,72,0.09722222222222222,2.461687002998413,2.461687002998413,5.944717993992772,0.4219260428103539,12.756641207668478,cs_102621,1b,,True,remote_amplitudes,,2
8.675,9.360105718078831,,channel,snr_mrc,72,72,0.09722222222222222,0.6379741147315955,2.461687002998413,6.423881065123105,0.4219260428103539,7.897472254511011,cs_102621,1b,,True,remote_amplitudes,,2
8.675,9.8772409979429,,channel,quality_mrc,72,72,0.09722222222222222,0.599349009246458,2.461687002998413,4.974866738602564,0.4219260428103539,13.858685855249561,cs_102621,1b,,True,remote_amplitudes,,2
8.675,8.184758577878034,,channel,best_tone,72,72,0.05555555555555555,0.6816287588143228,2.7136980628090686,21.33574265490409,0.4668121847651991,5.651197949532759,cs_102621,1b,,True,phases,,2
8.675,10.022166834100771,,channel,equal_average,72,72,0.05555555555555555,0.6433082765018945,2.7136980628090686,5.0438823755494,0.4668121847651991,15.529300681276888,cs_102621,1b,,True,phases,,2
8.675,9.859163624936645,,channel,liu_weighted_median,72,72,0.05555555555555555,2.7136980628090686,2.7136980628090686,6.719101940015289,0.4668121847651991,13.65030115200743,cs_102621,1b,,True,phases,,2
8.675,9.628026525695105,,channel,snr_mrc,72,72,0.05555555555555555,0.6329135534178342,2.7136980628090686,4.803311159921756,0.4668121847651991,10.985896549799477,cs_102621,1b,,True,phases,,2
8.675,9.980462640279873,,channel,quality_mrc,72,72,0.05555555555555555,0.643066359717791,2.7136980628090686,5.038194242589122,0.4668121847651991,15.048560694868844,cs_102621,1b,,True,phases,,2
8.675,8.38219902444609,,channel,best_tone,72,72,0.041666666666666664,0.7766491755188747,3.4957714783930025,41.90629399771946,0.5360331062917789,3.3752273839067564,cs_102621,1b,,True,local_amplitudes,,3
8.675,9.587663855154073,,channel,equal_average,72,72,0.041666666666666664,0.7766491755188747,3.4957714783930025,7.289448310878644,0.5360331062917789,10.520620808692474,cs_102621,1b,,True,local_amplitudes,,3
8.675,9.638109839232605,,channel,liu_weighted_median,72,72,0.041666666666666664,3.4957714783930025,3.4957714783930025,9.28910512773836,0.5360331062917789,11.102130711615036,cs_102621,1b,,True,local_amplitudes,,3
8.675,8.908481574597896,,channel,snr_mrc,72,72,0.041666666666666664,0.7766491755188747,3.4957714783930025,22.07830668287062,0.5360331062917789,2.6914302547307867,cs_102621,1b,,True,local_amplitudes,,3
8.675,9.564850322639508,,channel,quality_mrc,72,72,0.041666666666666664,0.7766491755188747,3.4957714783930025,7.711532854526185,0.5360331062917789,10.257640606795471,cs_102621,1b,,True,local_amplitudes,,3
8.675,9.286267890841156,,channel,best_tone,72,72,0.09722222222222222,0.6454959034154885,2.5578881057641345,14.42193694605259,0.42058997815748467,7.0463157445666305,cs_102621,1b,,True,remote_amplitudes,,3
8.675,9.657024813305748,,channel,equal_average,72,72,0.09722222222222222,0.6454959034154885,2.5578881057641345,9.328398789711086,0.42058997815748467,11.320170758567691,cs_102621,1b,,True,remote_amplitudes,,3
8.675,9.809084344581079,,channel,liu_weighted_median,72,72,0.09722222222222222,2.5578881057641345,2.5578881057641345,7.061087803055086,0.42058997815748467,13.073018381338072,cs_102621,1b,,True,remote_amplitudes,,3
8.675,9.360190719455812,,channel,snr_mrc,72,72,0.09722222222222222,0.6454959034154885,2.5578881057641345,9.074142231127574,0.42058997815748467,7.898452097473324,cs_102621,1b,,True,remote_amplitudes,,3
8.675,9.749113851899892,,channel,quality_mrc,72,72,0.09722222222222222,0.6454959034154885,2.5578881057641345,8.007863467227033,0.42058997815748467,12.38171587204486,cs_102621,1b,,True,remote_amplitudes,,3
8.675,8.264715749639919,,channel,best_tone,72,72,0.041666666666666664,0.6688294776370758,2.625910328160296,18.53851599957589,0.45574962201623415,4.729501445072989,cs_102621,1b,,True,phases,,3
8.675,10.034595155274053,,channel,equal_average,72,72,0.041666666666666664,0.6485314264423303,2.625910328160296,5.470135835533002,0.45574962201623415,15.672566631401175,cs_102621,1b,,True,phases,,3
8.675,9.883780870457661,,channel,liu_weighted_median,72,72,0.041666666666666664,2.625910328160296,2.625910328160296,6.56882171208925,0.45574962201623415,13.934073434670438,cs_102621,1b,,True,phases,,3
8.675,9.438146487575054,,channel,snr_mrc,72,72,0.041666666666666664,0.6468957925892133,2.625910328160296,5.428852131663003,0.45574962201623415,8.797077666571216,cs_102621,1b,,True,phases,,3
8.675,9.95636185742125,,channel,quality_mrc,72,72,0.041666666666666664,0.6618702829827339,2.625910328160296,5.814651362588479,0.45574962201623415,14.770741872291055,cs_102621,1b,,True,phases,,3
8.675,8.410768369513196,,channel,best_tone,72,72,0.041666666666666664,0.7872742887762237,3.517677271360414,47.844752448918484,0.5548584488035412,3.045897757772964,cs_102621,1b,,True,local_amplitudes,,4
8.675,9.583498148231241,,channel,equal_average,72,72,0.041666666666666664,0.7872742887762237,3.517677271360414,6.884323539759671,0.5548584488035412,10.472601132348592,cs_102621,1b,,True,local_amplitudes,,4
8.675,9.621132248905335,,channel,liu_weighted_median,72,72,0.041666666666666664,3.517677271360414,3.517677271360414,8.557457445149733,0.5548584488035412,10.906423618505292,cs_102621,1b,,True,local_amplitudes,,4
8.675,9.053808326869992,,channel,snr_mrc,72,72,0.041666666666666664,0.7872742887762237,3.517677271360414,13.592264439069817,0.5548584488035412,4.366666592161288,cs_102621,1b,,True,local_amplitudes,,4
8.675,9.56550369756814,,channel,quality_mrc,72,72,0.041666666666666664,0.7872742887762237,3.517677271360414,7.176024106999166,0.5548584488035412,10.265172306260968,cs_102621,1b,,True,local_amplitudes,,4
8.675,9.350859308593149,,channel,best_tone,72,72,0.1111111111111111,0.6421933198437967,2.6152076329812752,12.535536371058788,0.40508966873193974,7.790885401650124,cs_102621,1b,,True,remote_amplitudes,,4
8.675,9.561417341533216,,channel,equal_average,72,72,0.1111111111111111,0.6421933198437967,2.6152076329812752,15.83642320649123,0.40508966873193974,10.218067337558681,cs_102621,1b,,True,remote_amplitudes,,4
8.675,9.73480398328484,,channel,liu_weighted_median,72,72,0.1111111111111111,2.6152076329812752,2.6152076329812752,9.060572768530935,0.40508966873193974,12.216760614234454,cs_102621,1b,,True,remote_amplitudes,,4
8.675,9.133785224427019,,channel,snr_mrc,72,72,0.1111111111111111,0.6421933198437967,2.6152076329812752,17.24861211409177,0.40508966873193974,5.288590483308566,cs_102621,1b,,True,remote_amplitudes,,4
8.675,9.644351811450663,,channel,quality_mrc,72,72,0.1111111111111111,0.6421933198437967,2.6152076329812752,11.934667210463452,0.40508966873193974,11.17408428185202,cs_102621,1b,,True,remote_amplitudes,,4
8.675,8.351896035906314,,channel,best_tone,72,72,0.08333333333333333,0.6600362581364673,2.4921404879733604,17.57818486409778,0.4615203454601201,3.7245413728378827,cs_102621,1b,,True,phases,,4
8.675,9.92564841921753,,channel,equal_average,72,72,0.08333333333333333,0.5975209441319772,2.4921404879733604,4.451509122675289,0.4615203454601201,14.416696475130028,cs_102621,1b,,True,phases,,4
8.675,9.855952417846598,,channel,liu_weighted_median,72,72,0.08333333333333333,2.4921404879733604,2.4921404879733604,6.404285453610026,0.4615203454601201,13.613284355580376,cs_102621,1b,,True,phases,,4
8.675,9.384102140372697,,channel,snr_mrc,72,72,0.08333333333333333,0.6600362581364673,2.4921404879733604,7.208948389298164,0.4615203454601201,8.174088073460476,cs_102621,1b,,True,phases,,4
8.675,9.842576578456681,,channel,quality_mrc,72,72,0.08333333333333333,0.6163991426857687,2.4921404879733604,4.886905576776957,0.4615203454601201,13.459096005264326,cs_102621,1b,,True,phases,,4
8.675,8.467905794926692,,channel,best_tone,72,72,0.041666666666666664,0.7937187451815757,3.5721881562881226,24.809167838188415,0.5599194790861389,2.3872530844185484,cs_102621,1b,,True,local_amplitudes,,5
8.675,9.566156925170988,,channel,equal_average,72,72,0.041666666666666664,0.7937187451815757,3.5721881562881226,6.902738332643597,0.5599194790861389,10.27270230744654,cs_102621,1b,,True,local_amplitudes,,5
8.675,9.559366647987911,,channel,liu_weighted_median,72,72,0.041666666666666664,3.5721881562881226,3.5721881562881226,7.734343445758122,0.5599194790861389,10.19442821888081,cs_102621,1b,,True,local_amplitudes,,5
8.675,9.23195879287167,,channel,snr_mrc,72,72,0.041666666666666664,0.7937187451815757,3.5721881562881226,9.870981530210017,0.5599194790861389,6.4202742694140476,cs_102621,1b,,True,local_amplitudes,,5
8.675,9.547364173711545,,channel,quality_mrc,72,72,0.041666666666666664,0.7937187451815757,3.5721881562881226,7.299823868791705,0.5599194790861389,10.056071166703676,cs_102621,1b,,True,local_amplitudes,,5
8.675,8.577411958204063,,channel,best_tone,72,72,0.06944444444444445,0.6629831553130238,2.8715462997143018,110.24855140764807,0.4059304694297848,1.1249341993767998,cs_102621,1b,,True,remote_amplitudes,,5
8.675,9.513182197022838,,channel,equal_average,72,72,0.06944444444444445,0.6629831553130238,2.8715462997143018,19.605734193529532,0.4059304694297848,9.662042616977946,cs_102621,1b,,True,remote_amplitudes,,5
8.675,9.708280490088564,,channel,liu_weighted_median,72,72,0.06944444444444445,2.8715462997143018,2.8715462997143018,11.517144391750115,0.4059304694297848,11.911014294969027,cs_102621,1b,,True,remote_amplitudes,,5
8.675,8.898995626624668,,channel,snr_mrc,72,72,0.06944444444444445,0.6629831553130238,2.8715462997143018,44.310810573644396,0.4059304694297848,2.5820821512929935,cs_102621,1b,,True,remote_amplitudes,,5
8.675,9.583373027347667,,channel,quality_mrc,72,72,0.06944444444444445,0.6629831553130238,2.8715462997143018,13.92681584495871,0.4059304694297848,10.471158816687796,cs_102621,1b,,True,remote_amplitudes,,5
8.675,8.450169063100498,,channel,best_tone,72,72,0.06944444444444445,0.6537939359625302,2.384550113315026,18.17530168596367,0.46878769304913726,2.5917110881787058,cs_102621,1b,,True,phases,,5
8.675,9.54189049629702,,channel,equal_average,72,72,0.06944444444444445,0.5447943524011265,2.384550113315026,3.471573595547643,0.46878769304913726,9.992974020714918,cs_102621,1b,,True,phases,,5
8.675,9.87633662985506,,channel,liu_weighted_median,72,72,0.06944444444444445,2.384550113315026,2.384550113315026,6.203687017795124,0.46878769304913726,13.848260862882537,cs_102621,1b,,True,phases,,5
8.675,9.07798387240078,,channel,snr_mrc,72,72,0.06944444444444445,0.6537939359625302,2.384550113315026,14.94018231016834,0.46878769304913726,4.645347232285648,cs_102621,1b,,True,phases,,5
8.675,9.488366940810089,,channel,quality_mrc,72,72,0.06944444444444445,0.5965422115381294,2.384550113315026,4.557767065011393,0.46878769304913726,9.375987790318014,cs_102621,1b,,True,phases,,5
8.675,8.519216576764391,,channel,best_tone,72,72,0.041666666666666664,0.7948659692482528,3.573710022365608,17.12005818580893,0.5621113994614316,1.795774331246221,cs_102621,1b,,True,local_amplitudes,,6
8.675,9.502098691328758,,channel,equal_average,72,72,0.041666666666666664,0.7948659692482528,3.573710022365608,7.3088395918219735,0.5621113994614316,9.534278862579333,cs_102621,1b,,True,local_amplitudes,,6
8.675,9.426747497378384,,channel,liu_weighted_median,72,72,0.041666666666666664,3.573710022365608,3.573710022365608,7.604985616684849,0.5621113994614316,8.665677203209034,cs_102621,1b,,True,local_amplitudes,,6
8.675,9.219778609076576,,channel,snr_mrc,72,72,0.041666666666666664,0.7948659692482528,3.573710022365608,10.315202672680062,0.5621113994614316,6.279868692525358,cs_102621,1b,,True,local_amplitudes,,6
8.675,9.47446843178003,,channel,quality_mrc,72,72,0.041666666666666664,0.7948659692482528,3.573710022365608,8.030746813310348,0.5621113994614316,9.215774429740973,cs_102621,1b,,True,local_amplitudes,,6
8.675,8.562230588517583,,channel,best_tone,72,72,0.06944444444444445,0.6640505749837182,2.8570364147650724,144.51814287572282,0.4099658548367968,1.2999355790480465,cs_102621,1b,,True,remote_amplitudes,,6
8.675,9.478809943966194,,channel,equal_average,72,72,0.06944444444444445,0.6640505749837182,2.8570364147650724,17.689665761988056,0.4099658548367968,9.265820679725572,cs_102621,1b,,True,remote_amplitudes,,6
8.675,9.722863011735384,,channel,liu_weighted_median,72,72,0.06944444444444445,2.8570364147650724,2.8570364147650724,12.130780119170842,0.4099658548367968,12.079112527209034,cs_102621,1b,,True,remote_amplitudes,,6
8.675,8.807572258015476,,channel,snr_mrc,72,72,0.06944444444444445,0.6640505749837182,2.8570364147650724,93.8090509082459,0.4099658548367968,1.5282104670371797,cs_102621,1b,,True,remote_amplitudes,,6
8.675,9.512351416166206,,channel,quality_mrc,72,72,0.06944444444444445,0.6640505749837182,2.8570364147650724,14.180445603943046,0.4099658548367968,9.652465892405825,cs_102621,1b,,True,remote_amplitudes,,6
8.675,8.528711397236638,,channel,best_tone,72,72,0.027777777777777776,0.652456924670984,2.308393823435937,21.190481913185064,0.48128865216301736,1.6863239511626853,cs_102621,1b,,True,phases,,6
8.675,9.018828972669047,,channel,equal_average,72,72,0.027777777777777776,0.5332705012617214,2.308393823435937,3.2759585494601113,0.48128865216301736,3.9634463708247374,cs_102621,1b,,True,phases,,6
8.675,9.875896657813575,,channel,liu_weighted_median,72,72,0.027777777777777776,2.308393823435937,2.308393823435937,5.947634581765608,0.48128865216301736,13.843189139061376,cs_102621,1b,,True,phases,,6
8.675,8.791765675931028,,channel,snr_mrc,72,72,0.027777777777777776,0.652456924670984,2.308393823435937,27.216330980604933,0.48128865216301736,1.3460020280233729,cs_102621,1b,,True,phases,,6
8.675,9.013432982441573,,channel,quality_mrc,72,72,0.027777777777777776,0.5990078551353359,2.308393823435937,4.64294211125515,0.48128865216301736,3.9012447543697126,cs_102621,1b,,True,phases,,6
8.675,8.51031145112105,,channel,best_tone,72,72,0.041666666666666664,0.7905136129794826,3.5685212209954766,14.877743948971201,0.5537321846518148,1.8984270764144222,cs_102621,1b,,True,local_amplitudes,,7
8.675,9.420201581953037,,channel,equal_average,72,72,0.041666666666666664,0.7905136129794826,3.5685212209954766,8.281877627006121,0.5537321846518148,8.590219964876503,cs_102621,1b,,True,local_amplitudes,,7
8.675,9.390091703795402,,channel,liu_weighted_median,72,72,0.041666666666666664,3.5685212209954766,3.5685212209954766,8.035425679651357,0.5537321846518148,8.243132032223649,cs_102621,1b,,True,local_amplitudes,,7
8.675,9.02280234799492,,channel,snr_mrc,72,72,0.041666666666666664,0.7905136129794826,3.5685212209954766,13.309520245907935,0.5537321846518148,4.009248968241149,cs_102621,1b,,True,local_amplitudes,,7
8.675,9.392066580956618,,channel,quality_mrc,72,72,0.041666666666666664,0.7905136129794826,3.5685212209954766,9.249786897105873,0.5537321846518148,8.26589718681979,cs_102621,1b,,True,local_amplitudes,,7
8.675,8.545122323408375,,channel,best_tone,72,72,0.05555555555555555,0.665504534206703,2.8452570234152463,66.83085575276796,0.41437308961344915,1.497149009701739,cs_102621,1b,,True,remote_amplitudes,,7
8.675,9.476584735747675,,channel,equal_average,72,72,0.05555555555555555,0.665504534206703,2.8452570234152463,14.653818040016459,0.41437308961344915,9.240169864526505,cs_102621,1b,,True,remote_amplitudes,,7
8.675,9.765543849503135,,channel,liu_weighted_median,72,72,0.05555555555555555,2.8452570234152463,2.8452570234152463,9.867073168262255,0.41437308961344915,12.571110657096654,cs_102621,1b,,True,remote_amplitudes,,7
8.675,8.784660406995952,,channel,snr_mrc,72,72,0.05555555555555555,0.665504534206703,2.8452570234152463,119.5368967686297,0.41437308961344915,1.2640969106161553,cs_102621,1b,,True,remote_amplitudes,,7
8.675,9.453592425268527,,channel,quality_mrc,72,72,0.05555555555555555,0.665504534206703,2.8452570234152463,14.345546494016896,0.41437308961344915,8.975128821539203,cs_102621,1b,,True,remote_amplitudes,,7
8.675,8.617151815951113,,channel,best_tone,72,72,0.013888888888888888,0.6438025272358344,2.1813996989019437,19.314262417323555,0.4893085155797718,0.6668378564713316,cs_102621,1b,,True,phases,,7
8.675,8.561347365595129,,channel,equal_average,72,72,0.013888888888888888,0.5668721081469774,2.1813996989019437,4.095891894922664,0.4893085155797718,1.3101168231109144,cs_102621,1b,,True,phases,,7
8.675,9.981673835248337,,channel,liu_weighted_median,72,72,0.013888888888888888,2.1813996989019437,2.1813996989019437,5.321527683068783,0.4893085155797718,15.062522596522607,cs_102621,1b,,True,phases,,7
8.675,8.656239233509408,,channel,snr_mrc,72,72,0.013888888888888888,0.6438025272358344,2.1813996989019437,19.666436412487947,0.4893085155797718,0.21626243793189873,cs_102621,1b,,True,phases,,7
8.675,8.590329864968586,,channel,quality_mrc,72,72,0.013888888888888888,0.630642333745348,2.1813996989019437,5.639525711068272,0.4893085155797718,0.9760246113131356,cs_102621,1b,,True,phases,,7
8.675,8.468960960239523,,channel,best_tone,72,72,0.027777777777777776,0.7795138234148202,3.5833144866630295,15.539499288112628,0.528745311354304,2.3750897955098336,cs_102621,1b,,True,local_amplitudes,,8
8.675,9.346026939939668,,channel,equal_average,72,72,0.027777777777777776,0.7795138234148202,3.5833144866630295,10.049164197718214,0.528745311354304,7.735180863857831,cs_102621,1b,,True,local_amplitudes,,8
8.675,9.252811692995028,,channel,liu_weighted_median,72,72,0.027777777777777776,3.5833144866630295,3.5833144866630295,8.923061547711036,0.528745311354304,6.660653521556509,cs_102621,1b,,True,local_amplitudes,,8
8.675,8.820081048229925,,channel,snr_mrc,72,72,0.027777777777777776,0.7795138234148202,3.5833144866630295,21.439923710409204,0.528745311354304,1.6724040141778016,cs_102621,1b,,True,local_amplitudes,,8
8.675,9.318067025778463,,channel,quality_mrc,72,72,0.027777777777777776,0.7795138234148202,3.5833144866630295,11.268668673345086,0.528745311354304,7.412876377849709,cs_102621,1b,,True,local_amplitudes,,8
8.675,8.55306403443379,,channel,best_tone,72,72,0.08333333333333333,0.6625148701288203,2.7748340232264135,44.56299416687741,0.419188994236358,1.405601908544215,cs_102621,1b,,True,remote_amplitudes,,8
8.675,9.505047188889016,,channel,equal_average,72,72,0.08333333333333333,0.6625148701288203,2.7748340232264135,12.461164675892126,0.419188994236358,9.568267307077981,cs_102621,1b,,True,remote_amplitudes,,8
8.675,9.660591538926955,,channel,liu_weighted_median,72,72,0.08333333333333333,2.7748340232264135,2.7748340232264135,8.047316714465685,0.419188994236358,11.361285751319354,cs_102621,1b,,True,remote_amplitudes,,8
8.675,8.88234828636378,,channel,snr_mrc,72,72,0.08333333333333333,0.6625148701288203,2.7748340232264135,52.2016776104788,0.419188994236358,2.390181975374969,cs_102621,1b,,True,remote_amplitudes,,8
8.675,9.444001217580555,,channel,quality_mrc,72,72,0.08333333333333333,0.6625148701288203,2.7748340232264135,13.217475802120195,0.419188994236358,8.864567349631743,cs_102621,1b,,True,remote_amplitudes,,8
8.675,8.758143929888087,,channel,best_tone,72,72,0.0,0.642082342693339,2.1203019533520284,14.390016155247999,0.4993838103537449,0.9584314684505623,cs_102621,1b,,True,phases,,8
8.675,8.122345297414144,,channel,equal_average,72,72,0.0,0.642082342693339,2.1203019533520284,6.09257806712915,0.4993838103537449,6.370659395802381,cs_102621,1b,,True,phases,,8
8.675,10.055250905116173,,channel,liu_weighted_median,72,72,0.0,2.1203019533520284,2.1203019533520284,5.129279976607368,0.4993838103537449,15.910673257823312,cs_102621,1b,,True,phases,,8
8.675,8.441856101446696,,channel,snr_mrc,72,72,0.0,0.642082342693339,2.1203019533520284,14.208395464112181,0.4993838103537449,2.6875377354847805,cs_102621,1b,,True,phases,,8
8.675,8.133694645634106,,channel,quality_mrc,72,72,0.0,0.642082342693339,2.1203019533520284,7.094775325109695,0.4993838103537449,6.2398311742466195,cs_102621,1b,,True,phases,,8
8.675,8.388325632386804,,channel,best_tone,72,72,0.027777777777777776,0.78948767104886,3.6580752254360505,19.275007218817635,0.5380757454402796,3.3046036612472207,cs_102621,1b,,True,local_amplitudes,,9
8.675,9.269763351349445,,channel,equal_average,72,72,0.027777777777777776,0.78948767104886,3.6580752254360505,12.746162308274796,0.5380757454402796,6.856061687025291,cs_102621,1b,,True,local_amplitudes,,9
8.675,9.088819776668654,,channel,liu_weighted_median,72,72,0.027777777777777776,3.6580752254360505,3.6580752254360505,10.164193700896284,0.5380757454402796,4.770256791569487,cs_102621,1b,,True,local_amplitudes,,9
8.675,8.720751767310801,,channel,snr_mrc,72,72,0.027777777777777776,0.78948767104886,3.6580752254360505,36.59024012231578,0.5380757454402796,0.5273978940726313,cs_102621,1b,,True,local_amplitudes,,9
8.675,9.245716549379313,,channel,quality_mrc,72,72,0.027777777777777776,0.78948767104886,3.6580752254360505,13.81244072914703,0.5380757454402796,6.578865122528099,cs_102621,1b,,True,local_amplitudes,,9
8.675,8.575832524197276,,channel,best_tone,72,72,0.1111111111111111,0.680732119860792,2.863438579392616,36.77565701576653,0.44065717738506355,1.1431409314435133,cs_102621,1b,,True,remote_amplitudes,,9
8.675,9.54466853194942,,channel,equal_average,72,72,0.1111111111111111,0.680732119860792,2.863438579392616,10.49151975988072,0.44065717738506355,10.02499748644863,cs_102621,1b,,True,remote_amplitudes,,9
8.675,9.604537067394043,,channel,liu_weighted_median,72,72,0.1111111111111111,2.863438579392616,2.863438579392616,6.66431851581608,0.44065717738506355,10.715124696184922,cs_102621,1b,,True,remote_amplitudes,,9
8.675,9.02472507033949,,channel,snr_mrc,72,72,0.1111111111111111,0.680732119860792,2.863438579392616,23.09978875267881,0.44065717738506355,4.031412914576253,cs_102621,1b,,True,remote_amplitudes,,9
8.675,9.481306660271809,,channel,quality_mrc,72,72,0.1111111111111111,0.680732119860792,2.863438579392616,10.784582662812259,0.44065717738506355,9.29460127114476,cs_102621,1b,,True,remote_amplitudes,,9
8.675,8.857893810747969,,channel,best_tone,72,72,0.0,0.6345994209868545,2.057853256567585,9.03215105782427,0.49675769520638946,2.108286002858424,cs_102621,1b,,True,phases,,9
8.675,7.80981559794946,,channel,equal_average,72,72,0.0,0.6345994209868545,2.057853256567585,9.398733500405571,0.49675769520638946,9.973307228248306,cs_102621,1b,,True,phases,,9
8.675,10.031904317004294,,channel,liu_weighted_median,72,72,0.0,2.057853256567585,2.057853256567585,5.130540212655354,0.49675769520638946,15.641548322816057,cs_102621,1b,,True,phases,,9
8.675,8.099043334793455,,channel,snr_mrc,72,72,0.0,0.6345994209868545,2.057853256567585,13.73538099600003,0.49675769520638946,6.639269915925597,cs_102621,1b,,True,phases,,9
8.675,7.774246537971221,,channel,quality_mrc,72,72,0.0,0.6345994209868545,2.057853256567585,9.661506287419336,0.49675769520638946,10.383325210706392,cs_102621,1b,,True,phases,,9
8.675,8.271189006559116,,channel,best_tone,72,72,0.05555555555555555,0.773896408329678,3.4604599667873037,29.82267777411723,0.5357653901683328,4.65488176877101,cs_102621,1b,,True,local_amplitudes,,10
8.675,9.20800720517284,,channel,equal_average,72,72,0.05555555555555555,0.773896408329678,3.4604599667873037,16.151619240000016,0.5357653901683328,6.1441752757676085,cs_102621,1b,,True,local_amplitudes,,10
8.675,9.265010872110972,,channel,liu_weighted_median,72,72,0.05555555555555555,3.4604599667873037,3.4604599667873037,13.343749750811144,0.5357653901683328,6.801278064679785,cs_102621,1b,,True,local_amplitudes,,10
8.675,8.571891783946594,,channel,snr_mrc,72,72,0.05555555555555555,0.773896408329678,3.4604599667873037,68.62698126570622,0.5357653901683328,1.1885673320277452,cs_102621,1b,,True,local_amplitudes,,10
8.675,9.193592721774413,,channel,quality_mrc,72,72,0.05555555555555555,0.773896408329678,3.4604599667873037,16.223729320317837,0.5357653901683328,5.978014083854901,cs_102621,1b,,True,local_amplitudes,,10
8.675,8.541908497398351,,channel,best_tone,72,72,0.1388888888888889,0.6817203129790212,2.8372837544822422,33.1953495538697,0.44665883007037793,1.534195995408063,cs_102621,1b,,True,remote_amplitudes,,10
8.675,9.570513799622479,,channel,equal_average,72,72,0.1388888888888889,0.6817203129790212,2.8372837544822422,8.589629203035201,0.44665883007037793,10.322925644063144,cs_102621,1b,,True,remote_amplitudes,,10
8.675,9.685022165861152,,channel,liu_weighted_median,72,72,0.1388888888888889,2.8372837544822422,2.8372837544822422,5.9910925048172725,0.44665883007037793,11.642906811079557,cs_102621,1b,,True,remote_amplitudes,,10
8.675,9.222606423022038,,channel,snr_mrc,72,72,0.1388888888888889,0.6817203129790212,2.8372837544822422,13.082174244487314,0.44665883007037793,6.312465971435584,cs_102621,1b,,True,remote_amplitudes,,10
8.675,9.519733725574934,,channel,quality_mrc,72,72,0.1388888888888889,0.6817203129790212,2.8372837544822422,9.069711727236431,0.44665883007037793,9.737564559941593,cs_102621,1b,,True,remote_amplitudes,,10
8.675,8.82955445455835,,channel,best_tone,72,72,0.0,0.6377706409145565,2.066053385604116,16.03000325361587,0.5022408361065256,1.7816075453412017,cs_102621,1b,,True,phases,,10
8.675,7.6013062226888515,,channel,equal_average,72,72,0.0,0.6377706409145565,2.066053385604116,13.771942417467251,0.5022408361065256,12.376873513673189,cs_102621,1b,,True,phases,,10
8.675,9.927356130358834,,channel,liu_weighted_median,72,72,0.0,2.066053385604116,2.066053385604116,5.366574802207978,0.5022408361065256,14.436381906153702,cs_102621,1b,,True,phases,,10
8.675,7.578196252862276,,channel,snr_mrc,72,72,0.0,0.6377706409145565,2.066053385604116,13.559674409914034,0.5022408361065256,12.643270860377227,cs_102621,1b,,True,phases,,10
8.675,7.534489856768057,,channel,quality_mrc,72,72,0.0,0.6377706409145565,2.066053385604116,15.592368698940895,0.5022408361065256,13.147090988264479,cs_102621,1b,,True,phases,,10
8.675,8.189208431707511,,channel,best_tone,72,72,0.041666666666666664,0.7522749374254933,3.3537083310798645,40.50499245392106,0.5077670103269832,5.599902804524373,cs_102621,1b,,True,local_amplitudes,,11
8.675,9.196498756748156,,channel,equal_average,72,72,0.041666666666666664,0.7522749374254933,3.3537083310798645,17.62339073986219,0.5077670103269832,6.0115130460882416,cs_102621,1b,,True,local_amplitudes,,11
8.675,9.262123768940995,,channel,liu_weighted_median,72,72,0.041666666666666664,3.3537083310798645,3.3537083310798645,17.030997844235685,0.5077670103269832,6.767997336495613,cs_102621,1b,,True,local_amplitudes,,11
8.675,8.353951932591604,,channel,snr_mrc,72,72,0.041666666666666664,0.7522749374254933,3.3537083310798645,161.65691342559398,0.5077670103269832,3.7008422756011115,cs_102621,1b,,True,local_amplitudes,,11
8.675,9.200767933445798,,channel,quality_mrc,72,72,0.041666666666666664,0.7522749374254933,3.3537083310798645,16.830094764973715,0.5077670103269832,6.06072545758844,cs_102621,1b,,True,local_amplitudes,,11
8.675,8.484576668259155,,channel,best_tone,72,72,0.1388888888888889,0.6894419918592335,2.852724251160272,31.981006362372636,0.4595083330724332,2.195081633900236,cs_102621,1b,,True,remote_amplitudes,,11
8.675,9.63624382889327,,channel,equal_average,72,72,0.1388888888888889,0.6894419918592335,2.852724251160272,6.8197717956313095,0.4595083330724332,11.080620505974293,cs_102621,1b,,True,remote_amplitudes,,11
8.675,9.527535921805143,,channel,liu_weighted_median,72,72,0.1388888888888889,2.852724251160272,2.852724251160272,6.503951513200531,0.4595083330724332,9.827503421384922,cs_102621,1b,,True,remote_amplitudes,,11
8.675,9.322600853566042,,channel,snr_mrc,72,72,0.1388888888888889,0.6894419918592335,2.852724251160272,11.268295286565289,0.4595083330724332,7.465139522375118,cs_102621,1b,,True,remote_amplitudes,,11
8.675,9.5878455233317,,channel,quality_mrc,72,72,0.1388888888888889,0.6894419918592335,2.852724251160272,7.633255256631328,0.4595083330724332,10.52271496635964,cs_102621,1b,,True,remote_amplitudes,,11
8.675,8.776977288673407,,channel,best_tone,72,72,0.013888888888888888,0.6401215012516166,2.0669923880253327,20.723056763057762,0.507584508977877,1.1755307051689534,cs_102621,1b,,True,phases,,11
8.675,7.531225599953552,,channel,equal_average,72,72,0.013888888888888888,0.6401215012516166,2.0669923880253327,18.44695387540013,0.507584508977877,13.184719308892781,cs_102621,1b,,True,phases,,11
8.675,10.037127400184222,,channel,liu_weighted_median,72,72,0.013888888888888888,2.0669923880253327,2.0669923880253327,5.784175185960851,0.507584508977877,15.701756774457879,cs_102621,1b,,True,phases,,11
8.675,7.1675210303421615,,channel,snr_mrc,72,72,0.013888888888888888,0.6401215012516166,2.0669923880253327,37.99808132988469,0.507584508977877,17.377279189139355,cs_102621,1b,,True,phases,,11
8.675,7.41443700668273,,channel,quality_mrc,72,72,0.013888888888888888,0.6401215012516166,2.0669923880253327,29.065136707182074,0.507584508977877,14.53098551374375,cs_102621,1b,,True,phases,,11
8.675,8.164146585649373,,channel,best_tone,72,72,0.041666666666666664,0.751892767661099,3.385601368930267,49.18620345726913,0.5022175580288233,5.888800165425102,cs_102621,1b,,True,local_amplitudes,,12
8.675,9.207872431525637,,channel,equal_average,72,72,0.041666666666666664,0.751892767661099,3.385601368930267,14.526668592975149,0.5022175580288233,6.142621689056321,cs_102621,1b,,True,local_amplitudes,,12
8.675,9.242214357366912,,channel,liu_weighted_median,72,72,0.041666666666666664,3.385601368930267,3.385601368930267,19.518536989501555,0.5022175580288233,6.538494033047966,cs_102621,1b,,True,local_amplitudes,,12
8.675,8.209838735146457,,channel,snr_mrc,72,72,0.041666666666666664,0.751892767661099,3.385601368930267,374.55086144053024,0.5022175580288233,5.362089508398197,cs_102621,1b,,True,local_amplitudes,,12
8.675,9.203547311152558,,channel,quality_mrc,72,72,0.041666666666666664,0.751892767661099,3.385601368930267,14.064532108343052,0.5022175580288233,6.092764393689424,cs_102621,1b,,True,local_amplitudes,,12
8.675,8.433132098602549,,channel,best_tone,72,72,0.041666666666666664,0.6898216201026065,2.72580561258034,33.94789489799707,0.48169874526405926,2.788102609768897,cs_102621,1b,,True,remote_amplitudes,,12
8.675,9.710598046434336,,channel,equal_average,72,72,0.041666666666666664,0.660245556411814,2.72580561258034,5.26086680225658,0.48169874526405926,11.937729641894359,cs_102621,1b,,True,remote_amplitudes,,12
8.675,9.41378065114728,,channel,liu_weighted_median,72,72,0.041666666666666664,2.72580561258034,2.72580561258034,7.588616349660443,0.48169874526405926,8.516203471438368,cs_102621,1b,,True,remote_amplitudes,,12
8.675,9.28220333128923,,channel,snr_mrc,72,72,0.041666666666666664,0.6898216201026065,2.72580561258034,11.017535122498247,0.48169874526405926,6.999462032152497,cs_102621,1b,,True,remote_amplitudes,,12
8.675,9.623180198935751,,channel,quality_mrc,72,72,0.041666666666666664,0.6898216201026065,2.72580561258034,6.130713039614149,0.48169874526405926,10.930031111651301,cs_102621,1b,,True,remote_amplitudes,,12
8.675,8.670955760566216,,channel,best_tone,72,72,0.013888888888888888,0.6437477960087293,2.080163896418089,30.434013614893974,0.5129909486623301,0.04661947474103953,cs_102621,1b,,True,phases,,12
8.675,7.599033163696417,,channel,equal_average,72,72,0.013888888888888888,0.6437477960087293,2.080163896418089,25.310146728159815,0.5129909486623301,12.403075922807883,cs_102621,1b,,True,phases,,12
8.675,9.740982461731042,,channel,liu_weighted_median,72,72,0.013888888888888888,2.080163896418089,2.080163896418089,5.963369222758376,0.5129909486623301,12.287982267792978,cs_102621,1b,,True,phases,,12
8.675,7.212669108628434,,channel,snr_mrc,72,72,0.013888888888888888,0.6437477960087293,2.080163896418089,81.93428182887209,0.5129909486623301,16.85684024635811,cs_102621,1b,,True,phases,,12
8.675,7.475655922567734,,channel,quality_mrc,72,72,0.013888888888888888,0.6437477960087293,2.080163896418089,37.86740166315722,0.5129909486623301,13.825291958873393,cs_102621,1b,,True,phases,,12
8.675,8.195717801054286,,channel,best_tone,72,72,0.05555555555555555,0.7492575478655936,3.3188775308400653,67.82561672885998,0.5069465178934989,5.5248668466364785,cs_102621,1b,,True,local_amplitudes,,13
8.675,9.240054499096368,,channel,equal_average,72,72,0.05555555555555555,0.7492575478655936,3.3188775308400653,9.963874573473623,0.5069465178934989,6.513596531370233,cs_102621,1b,,True,local_amplitudes,,13
8.675,9.492101167174587,,channel,liu_weighted_median,72,72,0.05555555555555555,3.3188775308400653,3.3188775308400653,19.562882125319508,0.5069465178934989,9.419033627372752,cs_102621,1b,,True,local_amplitudes,,13
8.675,8.158709807382461,,channel,snr_mrc,72,72,0.05555555555555555,0.7492575478655936,3.3188775308400653,601.5569638788323,0.5069465178934989,5.9514719610091,cs_102621,1b,,True,local_amplitudes,,13
8.675,9.221572312815997,,channel,quality_mrc,72,72,0.05555555555555555,0.7492575478655936,3.3188775308400653,9.686601000236035,0.5069465178934989,6.3005453926916015,cs_102621,1b,,True,local_amplitudes,,13
8.675,8.374178122236628,,channel,best_tone,72,72,0.013888888888888888,0.7040226483715152,2.656390491968596,44.229317793152696,0.5254458496590815,3.4676873517391607,cs_102621,1b,,True,remote_amplitudes,,13
8.675,9.772964458179983,,channel,equal_average,72,72,0.013888888888888888,0.61963367354482,2.656390491968596,4.090688332106297,0.5254458496590815,12.656650814754835,cs_102621,1b,,True,remote_amplitudes,,13
8.675,9.510698004922018,,channel,liu_weighted_median,72,72,0.013888888888888888,2.656390491968596,2.656390491968596,8.135559919330952,0.5254458496590815,9.633406396795587,cs_102621,1b,,True,remote_amplitudes,,13
8.675,9.068422788032404,,channel,snr_mrc,72,72,0.013888888888888888,0.7040226483715152,2.656390491968596,9.052409028249443,0.5254458496590815,4.535133003255367,cs_102621,1b,,True,remote_amplitudes,,13
8.675,9.665480882976947,,channel,quality_mrc,72,72,0.013888888888888888,0.644904578817312,2.656390491968596,4.611877253499462,0.5254458496590815,11.417647066016674,cs_102621,1b,,True,remote_amplitudes,,13
8.675,8.531790042996352,,channel,best_tone,72,72,0.013888888888888888,0.6447210880934978,2.087978517945929,35.80771302079098,0.5133925856513109,1.6508352392351409,cs_102621,1b,,True,phases,,13
8.675,7.708041945295659,,channel,equal_average,72,72,0.013888888888888888,0.6447210880934978,2.087978517945929,26.799643063194747,0.5133925856513109,11.146490544142264,cs_102621,1b,,True,phases,,13
8.675,9.861565049347094,,channel,liu_weighted_median,72,72,0.013888888888888888,2.087978517945929,2.087978517945929,6.0472229067366285,0.5133925856513109,13.677983277776292,cs_102621,1b,,True,phases,,13
8.675,7.706657295521328,,channel,snr_mrc,72,72,0.013888888888888888,0.6447210880934978,2.087978517945929,30.188131485586663,0.5133925856513109,11.162451924826195,cs_102621,1b,,True,phases,,13
8.675,7.581666135777248,,channel,quality_mrc,72,72,0.013888888888888888,0.6447210880934978,2.087978517945929,30.501815480614816,0.5133925856513109,12.603272210060545,cs_102621,1b,,True,phases,,13
8.675,8.294682235642853,,channel,best_tone,72,72,0.041666666666666664,0.7796481803560306,3.395753289170986,57.750061385121526,0.5582386092564386,4.384066447921015,cs_102621,1b,,True,local_amplitudes,,14
8.675,9.376375148731661,,channel,equal_average,72,72,0.041666666666666664,0.7796481803560306,3.395753289170986,6.499732012510142,0.5582386092564386,8.0850161237079,cs_102621,1b,,True,local_amplitudes,,14
8.675,9.664929655163691,,channel,liu_weighted_median,72,72,0.041666666666666664,3.395753289170986,3.395753289170986,16.85891579696405,0.5582386092564386,11.411292854912858,cs_102621,1b,,True,local_amplitudes,,14
8.675,8.175677909340406,,channel,snr_mrc,72,72,0.041666666666666664,0.7796481803560306,3.395753289170986,297.1560728206795,0.5582386092564386,5.755874243914636,cs_102621,1b,,True,local_amplitudes,,14
8.675,9.29627503609908,,channel,quality_mrc,72,72,0.041666666666666664,0.7796481803560306,3.395753289170986,6.466858453335904,0.5582386092564386,7.161671885868357,cs_102621,1b,,True,local_amplitudes,,14
8.675,8.350372398299223,,channel,best_tone,72,72,0.027777777777777776,0.7090284969330449,2.581133870386169,60.24743107295288,0.5523832907974264,3.7421049187409525,cs_102621,1b,,True,remote_amplitudes,,14
8.675,9.880266027526478,,channel,equal_average,72,72,0.027777777777777776,0.5790235812686548,2.581133870386169,3.2677508199935392,0.5523832907974264,13.89355651327351,cs_102621,1b,,True,remote_amplitudes,,14
8.675,9.681219116894054,,channel,liu_weighted_median,72,72,0.027777777777777776,2.581133870386169,2.581133870386169,8.145630299886026,0.5523832907974264,11.599067629902631,cs_102621,1b,,True,remote_amplitudes,,14
8.675,8.62513962340459,,channel,snr_mrc,72,72,0.027777777777777776,0.7090284969330449,2.581133870386169,7.397864563652898,0.5523832907974264,0.5747593843851474,cs_102621,1b,,True,remote_amplitudes,,14
8.675,9.72232447064506,,channel,quality_mrc,72,72,0.027777777777777776,0.6005708740394833,2.581133870386169,3.6463048737425825,0.5523832907974264,12.072904560749954,cs_102621,1b,,True,remote_amplitudes,,14
8.675,10.322030170908198,,channel,best_tone,72,72,0.027777777777777776,0.6461503905240551,2.038908316475962,7.690416378002369,0.5292527550589844,18.98593856954694,cs_102621,1b,,True,phases,,14
8.675,7.828435727570716,,channel,equal_average,72,72,0.027777777777777776,0.6461503905240551,2.038908316475962,22.8524498644001,0.5292527550589844,9.7586659646027,cs_102621,1b,,True,phases,,14
8.675,9.64896977112382,,channel,liu_weighted_median,72,72,0.027777777777777776,2.038908316475962,2.038908316475962,6.191271328339865,0.5292527550589844,11.227317246384082,cs_102621,1b,,True,phases,,14
8.675,8.184654804748064,,channel,snr_mrc,72,72,0.027777777777777776,0.6461503905240551,2.038908316475962,19.790773731029688,0.5292527550589844,5.652394181578522,cs_102621,1b,,True,phases,,14
8.675,7.757887308072028,,channel,quality_mrc,72,72,0.027777777777777776,0.6461503905240551,2.038908316475962,24.188330479869567,0.5292527550589844,10.571904229717267,cs_102621,1b,,True,phases,,14
8.675,8.460705048169771,,channel,best_tone,72,72,0.041666666666666664,0.7875890505944638,3.4296139647384436,31.63345385523812,0.5697886076765944,2.4702588107231067,cs_102621,1b,,True,local_amplitudes,,15
8.675,9.64890067183173,,channel,equal_average,72,72,0.041666666666666664,0.7081382940538516,3.4296139647384436,4.361204809138422,0.5697886076765944,11.226520712757676,cs_102621,1b,,True,local_amplitudes,,15
8.675,9.759679321232724,,channel,liu_weighted_median,72,72,0.041666666666666664,3.4296139647384436,3.4296139647384436,12.959825666331376,0.5697886076765944,12.503508025737444,cs_102621,1b,,True,local_amplitudes,,15
8.675,8.189375691608301,,channel,snr_mrc,72,72,0.041666666666666664,0.7875890505944638,3.4296139647384436,142.7138937282947,0.5697886076765944,5.597974736503739,cs_102621,1b,,True,local_amplitudes,,15
8.675,9.523905633680481,,channel,quality_mrc,72,72,0.041666666666666664,0.6997513623683689,3.4296139647384436,4.208075267071009,0.5697886076765944,9.785655719659719,cs_102621,1b,,True,local_amplitudes,,15
8.675,8.383934343732363,,channel,best_tone,72,72,0.027777777777777776,0.702210799451681,2.4819400513138925,39.26706354327706,0.5580475642004841,3.3552237033733396,cs_102621,1b,,True,remote_amplitudes,,15
8.675,10.029927317898558,,channel,equal_average,72,72,0.027777777777777776,0.5437895531765738,2.4819400513138925,2.7863862453795045,0.5580475642004841,15.618758707764346,cs_102621,1b,,True,remote_amplitudes,,15
8.675,9.691308840239946,,channel,liu_weighted_median,72,72,0.027777777777777776,2.4819400513138925,2.4819400513138925,7.323861425648208,0.5580475642004841,11.715375679999372,cs_102621,1b,,True,remote_amplitudes,,15
8.675,8.331276916500281,,channel,snr_mrc,72,72,0.027777777777777776,0.702210799451681,2.4819400513138925,7.601221275050355,0.5580475642004841,3.962225746394464,cs_102621,1b,,True,remote_amplitudes,,15
8.675,9.814163639231882,,channel,quality_mrc,72,72,0.027777777777777776,0.5544189387928223,2.4819400513138925,2.9529963435444024,0.5580475642004841,13.1315693283214,cs_102621,1b,,True,remote_amplitudes,,15
8.675,10.199465600322766,,channel,best_tone,72,72,0.06944444444444445,0.6378795744136596,1.9754330813697125,7.170292372113486,0.5255496562585861,17.573090493634176,cs_102621,1b,,True,phases,,15
8.675,7.9170818840863255,,channel,equal_average,72,72,0.06944444444444445,0.6378795744136596,1.9754330813697125,20.621171070963197,0.5255496562585861,8.736808252607206,cs_102621,1b,,True,phases,,15
8.675,9.768364832464933,,channel,liu_weighted_median,72,72,0.06944444444444445,1.9754330813697125,1.9754330813697125,6.134341840422484,0.5255496562585861,12.60362919267933,cs_102621,1b,,True,phases,,15
8.675,8.224434159753521,,channel,snr_mrc,72,72,0.06944444444444445,0.6378795744136596,1.9754330813697125,23.68851242717869,0.5255496562585861,5.193842538864318,cs_102621,1b,,True,phases,,15
8.675,7.9181772312700325,,channel,quality_mrc,72,72,0.06944444444444445,0.6378795744136596,1.9754330813697125,19.69378772075034,0.5255496562585861,8.72418177210338,cs_102621,1b,,True,phases,,15
8.675,8.624293201332469,,channel,best_tone,72,72,0.027777777777777776,0.7930981573703558,3.4939394000799195,19.144041348517817,0.571117470902999,0.5845164111531069,cs_102621,1b,,True,local_amplitudes,,16
8.675,10.191881493543583,,channel,equal_average,72,72,0.027777777777777776,0.637865397332853,3.4939394000799195,3.1214584461905908,0.571117470902999,17.48566563162631,cs_102621,1b,,True,local_amplitudes,,16
8.675,9.902812389618934,,channel,liu_weighted_median,72,72,0.027777777777777776,3.4939394000799195,3.4939394000799195,9.769927768784365,0.571117470902999,14.15345694085225,cs_102621,1b,,True,local_amplitudes,,16
8.675,8.118057357667182,,channel,snr_mrc,72,72,0.027777777777777776,0.7930981573703558,3.4939394000799195,76.76926319855188,0.571117470902999,6.420088096055553,cs_102621,1b,,True,local_amplitudes,,16
8.675,10.001176854834203,,channel,quality_mrc,72,72,0.027777777777777776,0.6254692959677965,3.4939394000799195,2.942987472427576,0.571117470902999,15.28734126610031,cs_102621,1b,,True,local_amplitudes,,16
8.675,8.44484509907692,,channel,best_tone,72,72,0.041666666666666664,0.6868203284349854,2.4435501565470954,26.31556106460056,0.5303568178174894,2.65308243138998,cs_102621,1b,,True,remote_amplitudes,,16
8.675,10.22171709415332,,channel,equal_average,72,72,0.041666666666666664,0.5321173437026555,2.4435501565470954,2.7902561309592535,0.5303568178174894,17.829591863438836,cs_102621,1b,,True,remote_amplitudes,,16
8.675,9.809679828197925,,channel,liu_weighted_median,72,72,0.041666666666666664,2.4435501565470954,2.4435501565470954,6.293902508708669,0.5303568178174894,13.079882745797402,cs_102621,1b,,True,remote_amplitudes,,16
8.675,8.009679277725374,,channel,snr_mrc,72,72,0.041666666666666664,0.6868203284349854,2.4435501565470954,8.142891486674833,0.5303568178174894,7.669403138612416,cs_102621,1b,,True,remote_amplitudes,,16
8.675,10.024194209783904,,channel,quality_mrc,72,72,0.041666666666666664,0.5017093452605044,2.4435501565470954,2.338720915656972,0.5303568178174894,15.552671006154501,cs_102621,1b,,True,remote_amplitudes,,16
8.675,9.311882911658595,,channel,best_tone,72,72,0.06944444444444445,0.6310997783246586,1.969527413430457,9.088596811336865,0.5104956481356898,7.341589759753243,cs_102621,1b,,True,phases,,16
8.675,7.981768144935,,channel,equal_average,72,72,0.06944444444444445,0.6310997783246586,1.969527413430457,19.276972286272876,0.5104956481356898,7.99114530334295,cs_102621,1b,,True,phases,,16
8.675,9.727756854010646,,channel,liu_weighted_median,72,72,0.06944444444444445,1.969527413430457,1.969527413430457,5.69482595945795,0.5104956481356898,12.135525694647214,cs_102621,1b,,True,phases,,16
8.675,8.228292081146524,,channel,snr_mrc,72,72,0.06944444444444445,0.6310997783246586,1.969527413430457,38.80805707657065,0.5104956481356898,5.149370822518464,cs_102621,1b,,True,phases,,16
8.675,8.018053020403721,,channel,quality_mrc,72,72,0.06944444444444445,0.6310997783246586,1.969527413430457,21.36875170587422,0.5104956481356898,7.57287584549025,cs_102621,1b,,True,phases,,16
8.675,8.74921880128707,,channel,best_tone,72,72,0.027777777777777776,0.7980094732224147,3.6225828680971555,13.643620975329199,0.5611329909923582,0.8555481416376808,cs_102621,1b,,True,local_amplitudes,,17
8.675,11.024122273376397,,channel,equal_average,72,72,0.027777777777777776,0.593848493124401,3.6225828680971555,2.4726012588685675,0.5611329909923582,27.079219289641454,cs_102621,1b,,True,local_amplitudes,,17
8.675,9.909917429057309,,channel,liu_weighted_median,72,72,0.027777777777777776,3.6225828680971555,3.6225828680971555,7.725811300948397,0.5611329909923582,14.235359412764359,cs_102621,1b,,True,local_amplitudes,,17
8.675,7.845496838026546,,channel,snr_mrc,72,72,0.027777777777777776,0.7980094732224147,3.6225828680971555,40.06369618277614,0.5611329909923582,9.561996103440402,cs_102621,1b,,True,local_amplitudes,,17
8.675,10.995069607963986,,channel,quality_mrc,72,72,0.027777777777777776,0.5848168845453741,3.6225828680971555,2.3614938464094086,0.5611329909923582,26.74431824742346,cs_102621,1b,,True,local_amplitudes,,17
8.675,8.526982312819205,,channel,best_tone,72,72,0.041666666666666664,0.6856005861919877,2.440578666149589,21.7686783364686,0.5281785030752965,1.7062557600091666,cs_102621,1b,,True,remote_amplitudes,,17
8.675,10.567269422001134,,channel,equal_average,72,72,0.041666666666666664,0.5386267232159525,2.440578666149589,2.909386365587206,0.5281785030752965,21.812904000013063,cs_102621,1b,,True,remote_amplitudes,,17
8.675,10.040383833339456,,channel,liu_weighted_median,72,72,0.041666666666666664,2.440578666149589,2.440578666149589,5.544651074749599,0.5281785030752965,15.739294908812168,cs_102621,1b,,True,remote_amplitudes,,17
8.675,7.759487370084333,,channel,snr_mrc,72,72,0.041666666666666664,0.6856005861919877,2.440578666149589,7.847300910197463,0.5281785030752965,10.55345971084343,cs_102621,1b,,True,remote_amplitudes,,17
8.675,10.747831657853805,,channel,quality_mrc,72,72,0.041666666666666664,0.4730590738613158,2.440578666149589,1.9709873697236857,0.5281785030752965,23.894313058833475,cs_102621,1b,,True,remote_amplitudes,,17
8.675,9.947738232436565,,channel,best_tone,72,72,0.05555555555555555,0.6343935231676785,1.9852363704804101,6.179966126054813,0.5144272780762686,14.671334091487775,cs_102621,1b,,True,phases,,17
8.675,8.065410333835562,,channel,equal_average,72,72,0.05555555555555555,0.6343935231676785,1.9852363704804101,16.18485892045125,0.5144272780762686,7.026970215152033,cs_102621,1b,,True,phases,,17
8.675,9.635986848297891,,channel,liu_weighted_median,72,72,0.05555555555555555,1.9852363704804101,1.9852363704804101,4.735936337944366,0.5144272780762686,11.077658193635626,cs_102621,1b,,True,phases,,17
8.675,8.28439318797401,,channel,snr_mrc,72,72,0.05555555555555555,0.6343935231676785,1.9852363704804101,42.11240107472472,0.5144272780762686,4.502672184737652,cs_102621,1b,,True,phases,,17
8.675,8.142587110096386,,channel,quality_mrc,72,72,0.05555555555555555,0.6343935231676785,1.9852363704804101,26.9104066472726,0.5144272780762686,6.137324379292388,cs_102621,1b,,True,phases,,17
8.675,8.85236938203041,,channel,best_tone,72,72,0.05555555555555555,0.7942571294871695,3.7356297573710435,11.61447711386577,0.5365121118573145,2.0446038274398806,cs_102621,1b,,True,local_amplitudes,,18
8.675,11.551019969689914,,channel,equal_average,72,72,0.05555555555555555,0.6299302478204508,3.7356297573710435,2.993265725640474,0.5365121118573145,33.152967950316004,cs_102621,1b,,True,local_amplitudes,,18
8.675,10.013647250772571,,channel,liu_weighted_median,72,72,0.05555555555555555,3.7356297573710435,3.7356297573710435,6.8194836323174615,0.5365121118573145,15.431092227925886,cs_102621,1b,,True,local_amplitudes,,18
8.675,7.3952450639586464,,channel,snr_mrc,72,72,0.05555555555555555,0.7942571294871695,3.7356297573710435,20.523125059724038,0.5365121118573145,14.752218282897452,cs_102621,1b,,True,local_amplitudes,,18
8.675,11.537581261321616,,channel,quality_mrc,72,72,0.05555555555555555,0.6174248507669391,3.7356297573710435,2.818514030614498,0.5365121118573145,32.99805488555176,cs_102621,1b,,True,local_amplitudes,,18
8.675,8.656865853866638,,channel,best_tone,72,72,0.041666666666666664,0.68070568074729,2.420949795563976,15.806761753132845,0.5211375091750273,0.20903914851138974,cs_102621,1b,,True,remote_amplitudes,,18
8.675,10.861994108022152,,channel,equal_average,72,72,0.041666666666666664,0.5706905360315341,2.420949795563976,3.5356977902830518,0.5211375091750273,25.210306720716442,cs_102621,1b,,True,remote_amplitudes,,18
8.675,10.205759121962263,,channel,liu_weighted_median,72,72,0.041666666666666664,2.420949795563976,2.420949795563976,4.6935450432614,0.5211375091750273,17.64563829351311,cs_102621,1b,,True,remote_amplitudes,,18
8.675,6.955903575568952,,channel,snr_mrc,72,72,0.041666666666666664,0.6164423055948627,2.420949795563976,4.456053883661802,0.5211375091750273,19.816673480473185,cs_102621,1b,,True,remote_amplitudes,,18
8.675,11.328061795420108,,channel,quality_mrc,72,72,0.041666666666666664,0.5387118110040392,2.420949795563976,2.9740113219210556,0.5211375091750273,30.582844903978184,cs_102621,1b,,True,remote_amplitudes,,18
8.675,9.222391743318198,,channel,best_tone,72,72,0.05555555555555555,0.6330565750126544,2.047300333607628,6.973438212735533,0.4956852609648394,6.309991277443197,cs_102621,1b,,True,phases,,18
8.675,8.183499928832964,,channel,equal_average,72,72,0.05555555555555555,0.6330565750126544,2.047300333607628,13.261576178027939,0.4956852609648394,5.665706872242501,cs_102621,1b,,True,phases,,18
8.675,9.758611233411024,,channel,liu_weighted_median,72,72,0.05555555555555555,2.047300333607628,2.047300333607628,4.081156841544394,0.4956852609648394,12.49119577419047,cs_102621,1b,,True,phases,,18
8.675,8.49011020709805,,channel,snr_mrc,72,72,0.05555555555555555,0.6330565750126544,2.047300333607628,20.558332411179393,0.4956852609648394,2.13129444267378,cs_102621,1b,,True,phases,,18
8.675,8.329862006947968,,channel,quality_mrc,72,72,0.05555555555555555,0.6330565750126544,2.047300333607628,22.903945555775618,0.4956852609648394,3.9785359429629144,cs_102621,1b,,True,phases,,18
8.675,8.860946515427287,,channel,best_tone,72,72,0.08333333333333333,0.7944515732770628,3.8572635836051714,12.000299985367047,0.5199755973215013,2.143475682158918,cs_102621,1b,,True,local_amplitudes,,19
8.675,11.849576929659637,,channel,equal_average,72,72,0.08333333333333333,0.7944515732770628,3.8572635836051714,8.33769006132227,0.5199755973215013,36.594546739592346,cs_102621,1b,,True,local_amplitudes,,19
8.675,10.000756464006697,,channel,liu_weighted_median,72,72,0.08333333333333333,3.8572635836051714,3.8572635836051714,6.981556645556875,0.5199755973215013,15.28249526232503,cs_102621,1b,,True,local_amplitudes,,19
8.675,7.025085229208178,,channel,snr_mrc,72,72,0.08333333333333333,0.7944515732770628,3.8572635836051714,12.20884670330476,0.5199755973215013,19.019190441404298,cs_102621,1b,,True,local_amplitudes,,19
8.675,11.763905383705453,,channel,quality_mrc,72,72,0.08333333333333333,0.7944515732770628,3.8572635836051714,9.049663107162838,0.5199755973215013,35.60697848651817,cs_102621,1b,,True,local_amplitudes,,19
8.675,8.921492359058362,,channel,best_tone,72,72,0.06944444444444445,0.6576503904885772,2.3754284267272703,13.327245604572317,0.47896445969153806,2.8414104790589234,cs_102621,1b,,True,remote_amplitudes,,19
8.675,11.092423332420545,,channel,equal_average,72,72,0.06944444444444445,0.5912959256752784,2.3754284267272703,4.360945537485871,0.47896445969153806,27.86655138236938,cs_102621,1b,,True,remote_amplitudes,,19
8.675,10.194887840455117,,channel,liu_weighted_median,72,72,0.06944444444444445,2.3754284267272703,2.3754284267272703,4.446765052152011,0.47896445969153806,17.520320927436494,cs_102621,1b,,True,remote_amplitudes,,19
8.675,11.585182414080455,,channel,snr_mrc,72,72,0.06944444444444445,0.5440382981519842,2.3754284267272703,3.3966783539546435,0.47896445969153806,33.54677134386691,cs_102621,1b,,True,remote_amplitudes,,19
8.675,11.344012052769317,,channel,quality_mrc,72,72,0.06944444444444445,0.5855842307489314,2.3754284267272703,4.235787092174682,0.47896445969153806,30.76670954200941,cs_102621,1b,,True,remote_amplitudes,,19
8.675,9.262993442380097,,channel,best_tone,72,72,0.05555555555555555,0.635759661083579,2.032536326917384,6.287172156898998,0.5057088808770616,6.778022390548657,cs_102621,1b,,True,phases,,19
8.675,8.330991898379233,,channel,equal_average,72,72,0.05555555555555555,0.635759661083579,2.032536326917384,12.29615376630522,0.5057088808770616,3.9655112578762814,cs_102621,1b,,True,phases,,19
8.675,9.881336692464611,,channel,liu_weighted_median,72,72,0.05555555555555555,2.032536326917384,2.032536326917384,3.938212041787589,0.5057088808770616,13.905898472214528,cs_102621,1b,,True,phases,,19
8.675,8.761969835055242,,channel,snr_mrc,72,72,0.05555555555555555,0.635759661083579,2.032536326917384,18.07606420524048,0.5057088808770616,1.0025341216742456,cs_102621,1b,,True,phases,,19
8.675,8.497769593242579,,channel,quality_mrc,72,72,0.05555555555555555,0.635759661083579,2.032536326917384,22.989249475381108,0.5057088808770616,2.043001807001985,cs_102621,1b,,True,phases,,19
8.675,8.813839111070672,,channel,best_tone,72,72,0.09722222222222222,0.7907500178318632,3.8287610248217123,15.909230399378549,0.5165583213912261,1.600450848076907,cs_102621,1b,,True,local_amplitudes,,20
8.675,12.003875387826962,,channel,equal_average,72,72,0.09722222222222222,0.7907500178318632,3.8287610248217123,8.49640798714805,0.5165583213912261,38.373203317890045,cs_102621,1b,,True,local_amplitudes,,20
8.675,9.995103681652942,,channel,liu_weighted_median,72,72,0.09722222222222222,3.8287610248217123,3.8287610248217123,7.727120468302616,0.5165583213912261,15.217333506085781,cs_102621,1b,,True,local_amplitudes,,20
8.675,7.210076269759451,,channel,snr_mrc,72,72,0.09722222222222222,0.7907500178318632,3.8287610248217123,19.99188726902908,0.5165583213912261,16.886728878853596,cs_102621,1b,,True,local_amplitudes,,20
8.675,11.886953986065606,,channel,quality_mrc,72,72,0.09722222222222222,0.7907500178318632,3.8287610248217123,8.530543914634052,0.5165583213912261,37.02540617943061,cs_102621,1b,,True,local_amplitudes,,20
8.675,8.807824989143837,,channel,best_tone,72,72,0.0,0.6561350476054244,2.3742484669678907,7.34135883000404,0.47589762127068946,1.5311237941652616,cs_102621,1b,,True,remote_amplitudes,,20
8.675,11.282422174125477,,channel,equal_average,72,72,0.0,0.5957554052173373,2.3742484669678907,4.491335682441976,0.47589762127068946,30.05673975937148,cs_102621,1b,,True,remote_amplitudes,,20
8.675,10.325516248519357,,channel,liu_weighted_median,72,72,0.0,2.3742484669678907,2.3742484669678907,4.649032287120275,0.47589762127068946,19.02612390224041,cs_102621,1b,,True,remote_amplitudes,,20
8.675,11.02359342470491,,channel,snr_mrc,72,72,0.0,0.6561350476054244,2.3742484669678907,6.557322861336694,0.47589762127068946,27.073123051353416,cs_102621,1b,,True,remote_amplitudes,,20
8.675,11.215461023503353,,channel,quality_mrc,72,72,0.0,0.6125085493581554,2.3742484669678907,4.880990992943577,0.47589762127068946,29.28485329686862,cs_102621,1b,,True,remote_amplitudes,,20
8.675,9.34311071221288,,channel,best_tone,72,72,0.06944444444444445,0.6375166606999618,2.005476221907211,6.549174986713713,0.5167935577866312,7.701564405912153,cs_102621,1b,,True,phases,,20
8.675,8.4900237716534,,channel,equal_average,72,72,0.06944444444444445,0.6375166606999618,2.005476221907211,12.522225091160603,0.5167935577866312,2.1322908166755155,cs_102621,1b,,True,phases,,20
8.675,9.891266950060574,,channel,liu_weighted_median,72,72,0.06944444444444445,2.005476221907211,2.005476221907211,4.2583304545462,0.5167935577866312,14.020368300410066,cs_102621,1b,,True,phases,,20
8.675,8.942061344772828,,channel,snr_mrc,72,72,0.06944444444444445,0.6375166606999618,2.005476221907211,21.14312579985019,0.5167935577866312,3.0785169426262495,cs_102621,1b,,True,phases,,20
8.675,8.662738368325993,,channel,quality_mrc,72,72,0.06944444444444445,0.6375166606999618,2.005476221907211,21.46865025530822,0.5167935577866312,0.14134445733726622,cs_102621,1b,,True,phases,,20
8.675,8.792372678299254,,channel,best_tone,72,72,0.041666666666666664,0.7898302888049684,3.8095190179456173,29.34101978119686,0.5173580346124238,1.3529991734784184,cs_102621,1b,,True,local_amplitudes,,21
8.675,12.060167580905384,,channel,equal_average,72,72,0.041666666666666664,0.7559680439580467,3.8095190179456173,5.260901980018848,0.5173580346124238,39.02210467902459,cs_102621,1b,,True,local_amplitudes,,21
8.675,9.987435886996614,,channel,liu_weighted_median,72,72,0.041666666666666664,3.8095190179456173,3.8095190179456173,9.012751685386798,0.5173580346124238,15.128943942324078,cs_102621,1b,,True,local_amplitudes,,21
8.675,7.734810564882929,,channel,snr_mrc,72,72,0.041666666666666664,0.7898302888049684,3.8095190179456173,43.54589053410346,0.5173580346124238,10.837918560427335,cs_102621,1b,,True,local_amplitudes,,21
8.675,11.986080336103015,,channel,quality_mrc,72,72,0.041666666666666664,0.7499982587405782,3.8095190179456173,5.137249551410893,0.5173580346124238,38.16807303865146,cs_102621,1b,,True,local_amplitudes,,21
8.675,8.820727393117638,,channel,best_tone,72,72,0.027777777777777776,0.6455529756145413,2.3936802059574926,6.8578309696957165,0.4495619276596899,1.6798546757076316,cs_102621,1b,,True,remote_amplitudes,,21
8.675,11.424954312763582,,channel,equal_average,72,72,0.027777777777777776,0.5301185005576808,2.3936802059574926,3.3225725377908617,0.4495619276596899,31.699761530415916,cs_102621,1b,,True,remote_amplitudes,,21
8.675,10.371739658615972,,channel,liu_weighted_median,72,72,0.027777777777777776,2.3936802059574926,2.3936802059574926,5.087095570928437,0.4495619276596899,19.558958600760477,cs_102621,1b,,True,remote_amplitudes,,21
8.675,10.791036548775761,,channel,snr_mrc,72,72,0.027777777777777776,0.6455529756145413,2.3936802059574926,7.412400046810764,0.4495619276596899,24.39235214727101,cs_102621,1b,,True,remote_amplitudes,,21
8.675,11.131825952402638,,channel,quality_mrc,72,72,0.027777777777777776,0.5970028612245337,2.3936802059574926,4.745531124363102,0.4495619276596899,28.320760258243656,cs_102621,1b,,True,remote_amplitudes,,21
8.675,9.475422531758394,,channel,best_tone,72,72,0.08333333333333333,0.6236225110258388,2.028694299474677,5.607292339022206,0.5116898294437316,9.226772700384933,cs_102621,1b,,True,phases,,21
8.675,8.608810271622463,,channel,equal_average,72,72,0.08333333333333333,0.6378537808396773,2.028694299474677,13.399009989826313,0.5116898294437316,0.7629939870609503,cs_102621,1b,,True,phases,,21
8.675,9.908393726241055,,channel,liu_weighted_median,72,72,0.08333333333333333,2.028694299474677,2.028694299474677,4.646077100785053,0.5116898294437316,14.217795115170654,cs_102621,1b,,True,phases,,21
8.675,8.945524895576302,,channel,snr_mrc,72,72,0.08333333333333333,0.6378537808396773,2.028694299474677,24.402445961181602,0.5116898294437316,3.1184426003031827,cs_102621,1b,,True,phases,,21
8.675,8.789620465920455,,channel,quality_mrc,72,72,0.08333333333333333,0.6378537808396773,2.028694299474677,23.691118235298394,0.5116898294437316,1.3212733823683527,cs_102621,1b,,True,phases,,21
8.675,8.762768442238821,,channel,best_tone,72,72,0.041666666666666664,0.7963103034915158,3.8513608749232864,25.997016878819927,0.5244363456313771,1.011739968170839,cs_102621,1b,,True,local_amplitudes,,22
8.675,11.954264623776183,,channel,equal_average,72,72,0.041666666666666664,0.649261032033176,3.8513608749232864,3.252087770937364,0.5244363456313771,37.801321311541,cs_102621,1b,,True,local_amplitudes,,22
8.675,9.861317115090142,,channel,liu_weighted_median,72,72,0.041666666666666664,3.8513608749232864,3.8513608749232864,9.901999304629713,0.5244363456313771,13.67512524599586,cs_102621,1b,,True,local_amplitudes,,22
8.675,8.22857411152614,,channel,snr_mrc,72,72,0.041666666666666664,0.7963103034915158,3.8513608749232864,39.955806454350665,0.5244363456313771,5.146119751860071,cs_102621,1b,,True,local_amplitudes,,22
8.675,11.910554231766925,,channel,quality_mrc,72,72,0.041666666666666664,0.6109726850046086,3.8513608749232864,2.7100021070512095,0.5244363456313771,37.29745512123255,cs_102621,1b,,True,local_amplitudes,,22
8.675,8.77025171708466,,channel,best_tone,72,72,0.027777777777777776,0.647630312470429,2.4403832402936465,7.8359606129779085,0.44522901703612955,1.0980025024168232,cs_102621,1b,,True,remote_amplitudes,,22
8.675,11.540951116631884,,channel,equal_average,72,72,0.027777777777777776,0.5090241248858113,2.4403832402936465,2.9132975580873146,0.44522901703612955,33.036900479906436,cs_102621,1b,,True,remote_amplitudes,,22
8.675,10.38063625736003,,channel,liu_weighted_median,72,72,0.027777777777777776,2.4403832402936465,2.4403832402936465,5.320457220298266,0.44522901703612955,19.661513053141537,cs_102621,1b,,True,remote_amplitudes,,22
8.675,10.821292906088912,,channel,snr_mrc,72,72,0.027777777777777776,0.647630312470429,2.4403832402936465,7.703670289766521,0.44522901703612955,24.741128600448544,cs_102621,1b,,True,remote_amplitudes,,22
8.675,11.183143324735333,,channel,quality_mrc,72,72,0.027777777777777776,0.5386883289009542,2.4403832402936465,3.452887637579817,0.44522901703612955,28.912314982539854,cs_102621,1b,,True,remote_amplitudes,,22
8.675,9.034027409671811,,channel,best_tone,72,72,0.09722222222222222,0.6446929593816513,2.120954585896072,38.24537635526507,0.5053443377874376,4.138644491894068,cs_102621,1b,,True,phases,,22
8.675,8.690147483843317,,channel,equal_average,72,72,0.09722222222222222,0.6446929593816513,2.120954585896072,14.761973673240668,0.5053443377874376,0.17461076476445328,cs_102621,1b,,True,phases,,22
8.675,9.942984338309579,,channel,liu_weighted_median,72,72,0.09722222222222222,2.120954585896072,2.120954585896072,4.677511900592817,0.5053443377874376,14.616534159188216,cs_102621,1b,,True,phases,,22
8.675,8.964389320389673,,channel,snr_mrc,72,72,0.09722222222222222,0.6446929593816513,2.120954585896072,21.026768761330985,0.5053443377874376,3.335899946855009,cs_102621,1b,,True,phases,,22
8.675,8.842565773443994,,channel,quality_mrc,72,72,0.09722222222222222,0.6446929593816513,2.120954585896072,23.251593778387388,0.5053443377874376,1.9315939301901213,cs_102621,1b,,True,phases,,22
8.675,8.727277545670328,,channel,best_tone,72,72,0.027777777777777776,0.7946832221650892,3.764617012793854,27.705227009972038,0.5332382848618245,0.602623004845266,cs_102621,1b,,True,local_amplitudes,,23
8.675,11.625533494210938,,channel,equal_average,72,72,0.027777777777777776,0.5868091321214636,3.764617012793854,2.4157929519989154,0.5332382848618245,34.01191347793587,cs_102621,1b,,True,local_amplitudes,,23
8.675,9.801341743722208,,channel,liu_weighted_median,72,72,0.027777777777777776,3.764617012793854,3.764617012793854,10.695918432723968,0.5332382848618245,12.983766498238703,cs_102621,1b,,True,local_amplitudes,,23
8.675,8.49328864744802,,channel,snr_mrc,72,72,0.027777777777777776,0.7946832221650892,3.764617012793854,53.483269413794,0.5332382848618245,2.0946553608297456,cs_102621,1b,,True,local_amplitudes,,23
8.675,11.492995141262293,,channel,quality_mrc,72,72,0.027777777777777776,0.5633840667674168,3.764617012793854,2.1378774160970377,0.5332382848618245,32.48409384740395,cs_102621,1b,,True,local_amplitudes,,23
8.675,8.814619306075212,,channel,best_tone,72,72,0.013888888888888888,0.6492553661563196,2.4063767059825247,11.175498264893108,0.454928368854855,1.60944445043471,cs_102621,1b,,True,remote_amplitudes,,23
8.675,11.619860903063351,,channel,equal_average,72,72,0.013888888888888888,0.4930673186904503,2.4063767059825247,2.6279872882894972,0.454928368854855,33.946523378251875,cs_102621,1b,,True,remote_amplitudes,,23
8.675,10.324480568411367,,channel,liu_weighted_median,72,72,0.013888888888888888,2.4063767059825247,2.4063767059825247,5.329771061991489,0.454928368854855,19.014185226643992,cs_102621,1b,,True,remote_amplitudes,,23
8.675,11.247137794634986,,channel,snr_mrc,72,72,0.013888888888888888,0.5120153344212961,2.4063767059825247,2.942750964645356,0.454928368854855,29.650003396368703,cs_102621,1b,,True,remote_amplitudes,,23
8.675,11.141520819699103,,channel,quality_mrc,72,72,0.013888888888888888,0.487629075653396,2.4063767059825247,2.5419873595288047,0.454928368854855,28.432516653591954,cs_102621,1b,,True,remote_amplitudes,,23
8.675,9.68207014854931,,channel,best_tone,72,72,0.09722222222222222,0.6355334179519062,2.1502909408201876,6.901101856498225,0.4775050197696194,11.608877793075601,cs_102621,1b,,True,phases,,23
8.675,8.752252194746372,,channel,equal_average,72,72,0.09722222222222222,0.6355334179519062,2.1502909408201876,16.15859974886033,0.4775050197696194,0.8905152132146578,cs_102621,1b,,True,phases,,23
8.675,9.987413614828931,,channel,liu_weighted_median,72,72,0.09722222222222222,2.1502909408201876,2.1502909408201876,4.663917233741868,0.4775050197696194,15.128687202638966,cs_102621,1b,,True,phases,,23
8.675,8.958587591553728,,channel,snr_mrc,72,72,0.09722222222222222,0.6355334179519062,2.1502909408201876,15.10954016407037,0.4775050197696194,3.269021228285044,cs_102621,1b,,True,phases,,23
8.675,8.893613825368892,,channel,quality_mrc,72,72,0.09722222222222222,0.6355334179519062,2.1502909408201876,14.261062809009239,0.4775050197696194,2.5200440964713655,cs_102621,1b,,True,phases,,23
8.675,8.743091082807288,,channel,best_tone,72,72,0.027777777777777776,0.7889579051265788,3.5590855547062983,34.949130610954086,0.5519288039786913,0.784911617375068,cs_102621,1b,,True,local_amplitudes,,24
8.675,10.958484542245412,,channel,equal_average,72,72,0.027777777777777776,0.5760936708818505,3.5590855547062983,2.3359797099338184,0.5519288039786913,26.322588383232397,cs_102621,1b,,True,local_amplitudes,,24
8.675,9.726060121735351,,channel,liu_weighted_median,72,72,0.027777777777777776,3.5590855547062983,3.5590855547062983,10.199521195246028,0.5519288039786913,12.115966821156775,cs_102621,1b,,True,local_amplitudes,,24
8.675,8.64143687999445,,channel,snr_mrc,72,72,0.027777777777777776,0.7889579051265788,3.5590855547062983,76.04233576282951,0.5519288039786913,0.3868947551072194,cs_102621,1b,,True,local_amplitudes,,24
8.675,10.688047178978557,,channel,quality_mrc,72,72,0.027777777777777776,0.5745343653534054,3.5590855547062983,2.3170627037459544,0.5519288039786913,23.20515480090555,cs_102621,1b,,True,local_amplitudes,,24
8.675,8.713364106035256,,channel,best_tone,72,72,0.0,0.6370626052316224,2.3172610449955093,16.959962523807718,0.44630460747725115,0.4422375335476065,cs_102621,1b,,True,remote_amplitudes,,24
8.675,11.552559553028004,,channel,equal_average,72,72,0.0,0.47593527384939693,2.3172610449955093,2.5017769763616875,0.44630460747725115,33.17071530868015,cs_102621,1b,,True,remote_amplitudes,,24
8.675,10.225388426606408,,channel,liu_weighted_median,72,72,0.0,2.3172610449955093,2.3172610449955093,5.232987779851957,0.44630460747725115,17.871912698632933,cs_102621,1b,,True,remote_amplitudes,,24
8.675,12.444986648783397,,channel,snr_mrc,72,72,0.0,0.3963702834613461,2.3172610449955093,1.4451341775779878,0.44630460747725115,43.45805935196998,cs_102621,1b,,True,remote_amplitudes,,24
8.675,11.188482411749936,,channel,quality_mrc,72,72,0.0,0.456389984827094,2.3172610449955093,2.206039209254912,0.44630460747725115,28.973860654177923,cs_102621,1b,,True,remote_amplitudes,,24
8.675,9.148248932586696,,channel,best_tone,72,72,0.1111111111111111,0.6317699166427732,2.189996348219513,9.664240334074194,0.4605676463700532,5.455319107627616,cs_102621,1b,,True,phases,,24
8.675,8.753464491697011,,channel,equal_average,72,72,0.1111111111111111,0.6317699166427732,2.189996348219513,10.380563240606074,0.4605676463700532,0.9044898178329744,cs_102621,1b,,True,phases,,24
8.675,9.863191914158719,,channel,liu_weighted_median,72,72,0.1111111111111111,2.189996348219513,2.189996348219513,4.8788085574511095,0.4605676463700532,13.696736762636522,cs_102621,1b,,True,phases,,24
8.675,8.886708349564593,,channel,snr_mrc,72,72,0.1111111111111111,0.6317699166427732,2.189996348219513,10.359911512476115,0.4605676463700532,2.440442069908843,cs_102621,1b,,True,phases,,24
8.675,8.89670170072686,,channel,quality_mrc,72,72,0.1111111111111111,0.6317699166427732,2.189996348219513,9.39572379823252,0.4605676463700532,2.555639201462353,cs_102621,1b,,True,phases,,24
8.675,8.784575572430851,,channel,best_tone,72,72,0.027777777777777776,0.7709238605099392,3.4533805338530934,27.246349106100094,0.5307011360188122,1.2631189905573568,cs_102621,1b,,True,local_amplitudes,,25
8.675,10.403833547524581,,channel,equal_average,72,72,0.027777777777777776,0.6030653349558698,3.4533805338530934,2.8721682946359692,0.5307011360188122,19.928916974346745,cs_102621,1b,,True,local_amplitudes,,25
8.675,9.823519605519587,,channel,liu_weighted_median,72,72,0.027777777777777776,3.4533805338530934,3.4533805338530934,9.23899227696617,0.5307011360188122,13.23941908379927,cs_102621,1b,,True,local_amplitudes,,25
8.675,8.715574684185246,,channel,snr_mrc,72,72,0.027777777777777776,0.7709238605099392,3.4533805338530934,35.3114781142551,0.5307011360188122,0.4677197024235711,cs_102621,1b,,True,local_amplitudes,,25
8.675,10.187896932548073,,channel,quality_mrc,72,72,0.027777777777777776,0.5907394044583921,3.4533805338530934,2.699632266811303,0.5307011360188122,17.439734092773165,cs_102621,1b,,True,local_amplitudes,,25
8.675,8.627986440158436,,channel,best_tone,72,72,0.0,0.630270998690667,2.183785140589948,29.070464391288425,0.4585978946549733,0.5419430529287015,cs_102621,1b,,True,remote_amplitudes,,25
8.675,11.42903755195566,,channel,equal_average,72,72,0.0,0.49615152960246744,2.183785140589948,2.926929638037156,0.4585978946549733,31.746830570094065,cs_102621,1b,,True,remote_amplitudes,,25
8.675,10.273994269858624,,channel,liu_weighted_median,72,72,0.0,2.183785140589948,2.183785140589948,5.09498947080661,0.4585978946549733,18.43221060355762,cs_102621,1b,,True,remote_amplitudes,,25
8.675,8.605736890577779,,channel,snr_mrc,72,72,0.0,0.44639432055193123,2.183785140589948,2.1316959492540746,0.4585978946549733,0.7984220106307989,cs_102621,1b,,True,remote_amplitudes,,25
8.675,11.132086083148277,,channel,quality_mrc,72,72,0.0,0.4749602142187421,2.183785140589948,2.567680446978136,0.4585978946549733,28.323758883553612,cs_102621,1b,,True,remote_amplitudes,,25
8.675,8.852538112831345,,channel,best_tone,72,72,0.08333333333333333,0.6384433490323194,2.143814535869234,17.92649301100964,0.4855566218748441,2.0465488510817806,cs_102621,1b,,True,phases,,25
8.675,8.742877420303074,,channel,equal_average,72,72,0.08333333333333333,0.6384433490323194,2.143814535869234,9.210341933430076,0.4855566218748441,0.7824486490267828,cs_102621,1b,,True,phases,,25
8.675,9.794300554994127,,channel,liu_weighted_median,72,72,0.08333333333333333,2.143814535869234,2.143814535869234,5.208247981465216,0.4855566218748441,12.902600057569177,cs_102621,1b,,True,phases,,25
8.675,8.853893326537733,,channel,snr_mrc,72,72,0.08333333333333333,0.6384433490323194,2.143814535869234,8.217632050550606,0.4855566218748441,2.0621709110977795,cs_102621,1b,,True,phases,,25
8.675,8.867190372546744,,channel,quality_mrc,72,72,0.08333333333333333,0.6384433490323194,2.143814535869234,8.319172651077892,0.4855566218748441,2.2154509803659224,cs_102621,1b,,True,phases,,25
8.675,8.810930856915787,,channel,best_tone,72,72,0.027777777777777776,0.7561997302481888,3.2022523755161267,17.207129082815953,0.5401495133507639,1.5669263045047428,cs_102621,1b,,True,local_amplitudes,,26
8.675,10.0368554501669,,channel,equal_average,72,72,0.027777777777777776,0.6464057791701832,3.2022523755161267,3.747635876201944,0.5401495133507639,15.698621903941204,cs_102621,1b,,True,local_amplitudes,,26
8.675,9.75532282744695,,channel,liu_weighted_median,72,72,0.027777777777777776,3.2022523755161267,3.2022523755161267,8.892947416964368,0.5401495133507639,12.453289077198258,cs_102621,1b,,True,local_amplitudes,,26
8.675,8.781595226512216,,channel,snr_mrc,72,72,0.027777777777777776,0.7561997302481888,3.2022523755161267,21.091808533955465,0.5401495133507639,1.2287634180082494,cs_102621,1b,,True,local_amplitudes,,26
8.675,9.935995069924369,,channel,quality_mrc,72,72,0.027777777777777776,0.6450853807927683,3.2022523755161267,3.724717124030849,0.5401495133507639,14.535966223912023,cs_102621,1b,,True,local_amplitudes,,26
8.675,9.5466768228335,,channel,best_tone,72,72,0.0,0.6248352780234518,2.1020591862930424,8.181104570334565,0.4642069907360886,10.04814781364265,cs_102621,1b,,True,remote_amplitudes,,26
8.675,11.338327439287916,,channel,equal_average,72,72,0.0,0.5017433034556982,2.1020591862930424,3.1067004466331234,0.4642069907360886,30.70118085634484,cs_102621,1b,,True,remote_amplitudes,,26
8.675,10.156312392676897,,channel,liu_weighted_median,72,72,0.0,2.1020591862930424,2.1020591862930424,4.853311235022876,0.4642069907360886,17.07564717783166,cs_102621,1b,,True,remote_amplitudes,,26
8.675,9.030919298660155,,channel,snr_mrc,72,72,0.0,0.5333398348768814,2.1020591862930424,3.731356048097592,0.4642069907360886,4.102816122883625,cs_102621,1b,,True,remote_amplitudes,,26
8.675,11.006380777274723,,channel,quality_mrc,72,72,0.0,0.4961329809264304,2.1020591862930424,3.0036471958322624,0.4642069907360886,26.874706366279216,cs_102621,1b,,True,remote_amplitudes,,26
8.675,9.557294002870155,,channel,best_tone,72,72,0.08333333333333333,0.6102811498597358,2.0103584721305428,7.465085032941903,0.4522476869965253,10.1705360561401,cs_102621,1b,,True,phases,,26
8.675,8.766926570179333,,channel,equal_average,72,72,0.08333333333333333,0.6102811498597358,2.0103584721305428,11.438932533676308,0.4522476869965253,1.0596722787242896,cs_102621,1b,,True,phases,,26
8.675,9.674458041802186,,channel,liu_weighted_median,72,72,0.08333333333333333,2.0103584721305428,2.0103584721305428,5.784783432641731,0.4522476869965253,11.52113016486669,cs_102621,1b,,True,phases,,26
8.675,8.77665887568362,,channel,snr_mrc,72,72,0.08333333333333333,0.6102811498597358,2.0103584721305428,13.112129796368288,0.4522476869965253,1.1718602384278793,cs_102621,1b,,True,phases,,26
8.675,8.861930437497547,,channel,quality_mrc,72,72,0.08333333333333333,0.6102811498597358,2.0103584721305428,11.165313281641959,0.4522476869965253,2.1548177233146513,cs_102621,1b,,True,phases,,26
11.49,11.84309861027735,,channel,best_tone,72,72,0.013888888888888888,0.5972554665508419,1.6881703116379436,6.560515224811782,0.5048055641502243,3.073094954546124,cs_102621,2a,,True,local_amplitudes,,0
11.49,13.098214927577535,,channel,equal_average,72,72,0.013888888888888888,0.49308232035190497,1.6881703116379436,3.3762075996968566,0.5048055641502243,13.996648629917624,cs_102621,2a,,True,local_amplitudes,,0
11.49,12.784577001426051,,channel,liu_weighted_median,72,72,0.013888888888888888,1.6881703116379436,1.6881703116379436,4.233666909575634,0.5048055641502243,11.266988698224985,cs_102621,2a,,True,local_amplitudes,,0
11.49,13.095152185050177,,channel,snr_mrc,72,72,0.013888888888888888,0.5102333199048122,1.6881703116379436,3.740910329669221,0.5048055641502243,13.969992907312239,cs_102621,2a,,True,local_amplitudes,,0
11.49,13.033397115531193,,channel,quality_mrc,72,72,0.013888888888888888,0.5124473118626894,1.6881703116379436,3.7898193420319304,0.5048055641502243,13.432524939348934,cs_102621,2a,,True,local_amplitudes,,0
11.49,11.147890988469525,,channel,best_tone,72,72,0.0,0.5575751629919717,1.5901702593824574,12.934922248778966,0.43604029489201435,2.977450056836162,cs_102621,2a,,True,remote_amplitudes,,0
11.49,17.43010056030847,,channel,equal_average,72,72,0.0,0.35172720336621915,1.5901702593824574,1.5061175428905114,0.43604029489201435,51.69800313584396,cs_102621,2a,,True,remote_amplitudes,,0
11.49,12.606844290695065,,channel,liu_weighted_median,72,72,0.0,1.5901702593824574,1.5901702593824574,4.380766252146984,0.43604029489201435,9.720141781506221,cs_102621,2a,,True,remote_amplitudes,,0
11.49,11.690837101283474,,channel,snr_mrc,72,72,0.0,0.5159304611359344,1.5901702593824574,4.753510964525565,0.43604029489201435,1.7479295150868057,cs_102621,2a,,True,remote_amplitudes,,0
11.49,16.932081778831638,,channel,quality_mrc,72,72,0.0,0.3442664175638941,1.5901702593824574,1.4122935355385697,0.43604029489201435,47.363636021163074,cs_102621,2a,,True,remote_amplitudes,,0
11.49,11.89076023532026,,channel,best_tone,72,72,0.0,0.5895733857510081,1.6789881200484305,10.695158631591836,0.4882317065971354,3.487904571977887,cs_102621,2a,,True,phases,,0
11.49,14.043694412775745,,channel,equal_average,72,72,0.0,0.5895733857510081,1.6789881200484305,6.14531496796433,0.4882317065971354,22.225364776116137,cs_102621,2a,,True,phases,,0
11.49,12.744362124269333,,channel,liu_weighted_median,72,72,0.0,1.6789881200484305,1.6789881200484305,4.537404850401596,0.4882317065971354,10.91698976735712,cs_102621,2a,,True,phases,,0
11.49,13.698389840419999,,channel,snr_mrc,72,72,0.0,0.5777175946351,1.6789881200484305,5.64526614875061,0.4882317065971354,19.22010304978241,cs_102621,2a,,True,phases,,0
11.49,13.826675143910055,,channel,quality_mrc,72,72,0.0,0.5895733857510081,1.6789881200484305,6.990228785111636,0.4882317065971354,20.336598293386032,cs_102621,2a,,True,phases,,0
11.49,11.941970298056022,,channel,best_tone,72,72,0.027777777777777776,0.5914940921294695,1.6745243801269265,5.706674530133701,0.5197420994087909,3.9335970239862648,cs_102621,2a,,True,local_amplitudes,,1
11.49,12.986103249999818,,channel,equal_average,72,72,0.027777777777777776,0.45781919610194044,1.6745243801269265,2.6461463848420728,0.5197420994087909,13.020916013923568,cs_102621,2a,,True,local_amplitudes,,1
11.49,12.78776489576264,,channel,liu_weighted_median,72,72,0.027777777777777776,1.6745243801269265,1.6745243801269265,4.272576760953097,0.5197420994087909,11.294733644583463,cs_102621,2a,,True,local_amplitudes,,1
11.49,13.104563960105281,,channel,snr_mrc,72,72,0.027777777777777776,0.5047768187468951,1.6745243801269265,3.5467459143453968,0.5197420994087909,14.051905658009408,cs_102621,2a,,True,local_amplitudes,,1
11.49,12.996854231001286,,channel,quality_mrc,72,72,0.027777777777777776,0.49890255717287707,1.6745243801269265,3.424357199599259,0.5197420994087909,13.114484168853666,cs_102621,2a,,True,local_amplitudes,,1
11.49,13.232728276906263,,channel,best_tone,72,72,0.0,0.5565493407968368,1.5411410536158954,6.563946846435687,0.44743362633149353,15.16734792781778,cs_102621,2a,,True,remote_amplitudes,,1
11.49,9.20807545489735,,channel,equal_average,72,72,0.0,0.35555951105823375,1.5411410536158954,1.5645056405730957,0.44743362633149353,19.860091776350313,cs_102621,2a,,True,remote_amplitudes,,1
11.49,13.018919121834767,,channel,liu_weighted_median,72,72,0.0,1.5411410536158954,1.5411410536158954,4.43940588746133,0.44743362633149353,13.306519772278211,cs_102621,2a,,True,remote_amplitudes,,1
11.49,11.57501250591724,,channel,snr_mrc,72,72,0.0,0.46514772462770165,1.5411410536158954,3.5027805931536973,0.44743362633149353,0.7398825580264536,cs_102621,2a,,True,remote_amplitudes,,1
11.49,10.065088429584401,,channel,quality_mrc,72,72,0.0,0.33381133885740416,1.5411410536158954,1.294623500594026,0.44743362633149353,12.40131915070147,cs_102621,2a,,True,remote_amplitudes,,1
11.49,11.811885141024801,,channel,best_tone,72,72,0.0,0.5956620271402834,1.6899094785263777,13.010524717489817,0.5002605945009923,2.8014372587014855,cs_102621,2a,,True,phases,,1
11.49,14.009003189495244,,channel,equal_average,72,72,0.0,0.5956620271402834,1.6899094785263777,6.275314144529977,0.5002605945009923,21.923439421194466,cs_102621,2a,,True,phases,,1
11.49,12.604205832845768,,channel,liu_weighted_median,72,72,0.0,1.6899094785263777,1.6899094785263777,4.580564682662338,0.5002605945009923,9.697178701877872,cs_102621,2a,,True,phases,,1
11.49,13.110014935554418,,channel,snr_mrc,72,72,0.0,0.536081850540955,1.6899094785263777,4.3736579705817515,0.5002605945009923,14.099346697601542,cs_102621,2a,,True,phases,,1
11.49,13.674679700001393,,channel,quality_mrc,72,72,0.0,0.553708718283896,1.6899094785263777,4.819429036326756,0.5002605945009923,19.01374847694859,cs_102621,2a,,True,phases,,1
11.49,11.91661292901876,,channel,best_tone,72,72,0.027777777777777776,0.6280882558938848,1.8487356086231017,5.8435461780107625,0.5504551939561984,3.7129062577785836,cs_102621,2a,,True,local_amplitudes,,2
11.49,12.568842100788174,,channel,equal_average,72,72,0.027777777777777776,0.4985200559979295,1.8487356086231017,2.92187994034297,0.5504551939561984,9.38940035498846,cs_102621,2a,,True,local_amplitudes,,2
11.49,12.53841218561936,,channel,liu_weighted_median,72,72,0.027777777777777776,1.8487356086231017,1.8487356086231017,4.326116749798255,0.5504551939561984,9.124562102866498,cs_102621,2a,,True,local_amplitudes,,2
11.49,12.744493570975823,,channel,snr_mrc,72,72,0.027777777777777776,0.5283398266174189,1.8487356086231017,3.4781996693656283,0.5504551939561984,10.918133776987146,cs_102621,2a,,True,local_amplitudes,,2
11.49,12.62096809437802,,channel,quality_mrc,72,72,0.027777777777777776,0.5306090066210954,1.8487356086231017,3.523208247130955,0.5504551939561984,9.843064354900081,cs_102621,2a,,True,local_amplitudes,,2
11.49,14.180486151353223,,channel,best_tone,72,72,0.0,0.572786890634086,1.6124550934863828,7.8757253798599045,0.46617778284579453,23.415893397330052,cs_102621,2a,,True,remote_amplitudes,,2
11.49,9.475907190630542,,channel,equal_average,72,72,0.0,0.3930733794394707,1.6124550934863828,1.939067551894715,0.46617778284579453,17.529093206000507,cs_102621,2a,,True,remote_amplitudes,,2
11.49,12.55581238086954,,channel,liu_weighted_median,72,72,0.0,1.6124550934863828,1.6124550934863828,4.682636036879057,0.46617778284579453,9.275999833503391,cs_102621,2a,,True,remote_amplitudes,,2
11.49,11.283693157580723,,channel,snr_mrc,72,72,0.0,0.5073219155688948,1.6124550934863828,4.168913768121837,0.46617778284579453,1.795533876582046,cs_102621,2a,,True,remote_amplitudes,,2
11.49,10.263845583184828,,channel,quality_mrc,72,72,0.0,0.3860915869592659,1.6124550934863828,1.837566463696001,0.46617778284579453,10.671491878286961,cs_102621,2a,,True,remote_amplitudes,,2
11.49,11.754868047085393,,channel,best_tone,72,72,0.0,0.6116788537474569,1.7654123176957208,8.445803498894113,0.5185423593635027,2.3052049354690447,cs_102621,2a,,True,phases,,2
11.49,14.02340386743959,,channel,equal_average,72,72,0.0,0.5604281763781888,1.7654123176957208,4.614670916074139,0.5185423593635027,22.04877169225057,cs_102621,2a,,True,phases,,2
11.49,12.175695588184935,,channel,liu_weighted_median,72,72,0.0,1.7654123176957208,1.7654123176957208,4.3468187442102,0.5185423593635027,5.967759688293599,cs_102621,2a,,True,phases,,2
11.49,12.01721620852696,,channel,snr_mrc,72,72,0.0,0.45495022224828346,1.7654123176957208,2.4687237461893434,0.5185423593635027,4.588478751322544,cs_102621,2a,,True,phases,,2
11.49,13.149148344405091,,channel,quality_mrc,72,72,0.0,0.503553163013318,1.7654123176957208,3.3474710882335907,0.5185423593635027,14.439933371671811,cs_102621,2a,,True,phases,,2
14.04,13.31369466348519,,channel,best_tone,72,72,0.0,0.6773194976341455,2.3265216229356955,7.606230416452997,0.5342365914593331,5.173114932441659,cs_102621,3,,True,local_amplitudes,,0
14.04,14.739621643083206,,channel,equal_average,72,72,0.0,0.6203483864751395,2.3265216229356955,4.609751226225692,0.5342365914593331,4.983060135920276,cs_102621,3,,True,local_amplitudes,,0
14.04,14.452845885307273,,channel,liu_weighted_median,72,72,0.0,2.3265216229356955,2.3265216229356955,5.848005686486394,0.5342365914593331,2.9404977585988155,cs_102621,3,,True,local_amplitudes,,0
14.04,14.915032567561475,,channel,snr_mrc,72,72,0.0,0.587196928960333,2.3265216229356955,3.9095056425382966,0.5342365914593331,6.232425694882308,cs_102621,3,,True,local_amplitudes,,0
14.04,14.57971377705256,,channel,quality_mrc,72,72,0.0,0.6096547172623868,2.3265216229356955,4.375446049683882,0.5342365914593331,3.8441152211720926,cs_102621,3,,True,local_amplitudes,,0
14.04,13.23754393832731,,channel,best_tone,72,72,0.0,0.5981351110019725,1.9238640532976332,5.913787806588334,0.4514077530268505,5.715499014762745,cs_102621,3,,True,remote_amplitudes,,0
14.04,15.165645599891882,,channel,equal_average,72,72,0.0,0.5026222385338321,1.9238640532976332,3.509077402370358,0.4514077530268505,8.017418802648736,cs_102621,3,,True,remote_amplitudes,,0
14.04,14.603841118536241,,channel,liu_weighted_median,72,72,0.0,1.9238640532976332,1.9238640532976332,4.5411042321884985,0.4514077530268505,4.015962382736768,cs_102621,3,,True,remote_amplitudes,,0
14.04,15.53536992842645,,channel,snr_mrc,72,72,0.0,0.5054668835031116,1.9238640532976332,3.56899524830649,0.4514077530268505,10.65078296600036,cs_102621,3,,True,remote_amplitudes,,0
14.04,15.149246447534141,,channel,quality_mrc,72,72,0.0,0.5099749468486972,1.9238640532976332,3.665340890084718,0.4514077530268505,7.9006157231776495,cs_102621,3,,True,remote_amplitudes,,0
14.04,13.457587528701575,,channel,best_tone,72,72,0.0,0.60927788864912,2.0173988231410487,7.25868412077904,0.4484504667541991,4.1482369750600006,cs_102621,3,,True,phases,,0
14.04,13.514837407235557,,channel,equal_average,72,72,0.0,0.49829013016675344,2.0173988231410487,3.282100333243772,0.4484504667541991,3.7404743074390447,cs_102621,3,,True,phases,,0
14.04,14.102647579183415,,channel,liu_weighted_median,72,72,0.0,2.0173988231410487,2.0173988231410487,5.219531258179139,0.4484504667541991,0.44620782894170946,cs_102621,3,,True,phases,,0
14.04,12.977897596908472,,channel,snr_mrc,72,72,0.0,0.4640391312062911,2.0173988231410487,2.6507502634765583,0.4484504667541991,7.564831930851336,cs_102621,3,,True,phases,,0
14.04,13.394756580004067,,channel,quality_mrc,72,72,0.0,0.5407300267794274,2.0173988231410487,4.194174139578418,0.4484504667541991,4.595750854671881,cs_102621,3,,True,phases,,0
14.04,13.428737456596828,,channel,best_tone,72,72,0.0,0.6993354601730188,2.5671831845195734,6.786066695796953,0.5329172543843755,4.353721819110907,cs_102621,3,,True,local_amplitudes,,1
14.04,14.76928874866355,,channel,equal_average,72,72,0.0,0.5942628622131427,2.5671831845195734,3.6815471904923895,0.5329172543843755,5.194364306720449,cs_102621,3,,True,local_amplitudes,,1
14.04,14.437626968021451,,channel,liu_weighted_median,72,72,0.0,2.5671831845195734,2.5671831845195734,5.457111506444208,0.5329172543843755,2.832100911833705,cs_102621,3,,True,local_amplitudes,,1
14.04,14.47817641235492,,channel,snr_mrc,72,72,0.0,0.6873038583646718,2.5671831845195734,5.695619213977401,0.5329172543843755,3.120914617912538,cs_102621,3,,True,local_amplitudes,,1
14.04,14.584992415530824,,channel,quality_mrc,72,72,0.0,0.6260064303701283,2.5671831845195734,4.303590930326998,0.5329172543843755,3.8817123613306594,cs_102621,3,,True,local_amplitudes,,1
14.04,13.207384869320348,,channel,best_tone,72,72,0.0,0.6132509023775158,2.053972535921926,8.16424975908809,0.4491381510859177,5.930307198573011,cs_102621,3,,True,remote_amplitudes,,1
14.04,15.195669835928113,,channel,equal_average,72,72,0.0,0.4790344532775586,2.053972535921926,2.8598082365237403,0.4491381510859177,8.231266637664628,cs_102621,3,,True,remote_amplitudes,,1
14.04,14.934669259103142,,channel,liu_weighted_median,72,72,0.0,2.053972535921926,2.053972535921926,4.346383254877813,0.4491381510859177,6.3722881702503065,cs_102621,3,,True,remote_amplitudes,,1
14.04,15.230410831356725,,channel,snr_mrc,72,72,0.0,0.4977762543454226,2.053972535921926,3.2087744347680554,0.4491381510859177,8.478709625047905,cs_102621,3,,True,remote_amplitudes,,1
14.04,15.125872404810789,,channel,quality_mrc,72,72,0.0,0.48570271838781165,2.053972535921926,2.9809058891132367,0.4491381510859177,7.734133937398786,cs_102621,3,,True,remote_amplitudes,,1
14.04,13.529901904483513,,channel,best_tone,72,72,0.0,0.6235851320612184,2.21027139405029,8.635109838149866,0.43883538994547344,3.6331773184934932,cs_102621,3,,True,phases,,1
14.04,12.956052907574623,,channel,equal_average,72,72,0.0,0.542771436889411,2.21027139405029,3.9565344340837343,0.43883538994547344,7.720420886220627,cs_102621,3,,True,phases,,1
14.04,14.27651271079478,,channel,liu_weighted_median,72,72,0.0,2.21027139405029,2.21027139405029,5.387874279303905,0.43883538994547344,1.6845634671992924,cs_102621,3,,True,phases,,1
14.04,12.679684273481092,,channel,snr_mrc,72,72,0.0,0.4885557952282179,2.21027139405029,2.8854031554206117,0.43883538994547344,9.688858450989368,cs_102621,3,,True,phases,,1
14.04,12.997777922171007,,channel,quality_mrc,72,72,0.0,0.5845697718644306,2.21027139405029,4.942800219864707,0.43883538994547344,7.423234172571168,cs_102621,3,,True,phases,,1
14.04,13.346940738660264,,channel,best_tone,72,72,0.0,0.7050285219419784,2.628282933568416,6.178474709066445,0.5333446420090745,4.9363195252117915,cs_102621,3,,True,local_amplitudes,,2
14.04,14.746828312914742,,channel,equal_average,72,72,0.0,0.5944066938463992,2.628282933568416,3.595690186467898,0.5333446420090745,5.034389693124949,cs_102621,3,,True,local_amplitudes,,2
14.04,14.431906647014225,,channel,liu_weighted_median,72,72,0.0,2.628282933568416,2.628282933568416,5.887361822075159,0.5333446420090745,2.7913578847167084,cs_102621,3,,True,local_amplitudes,,2
14.04,14.30561921199619,,channel,snr_mrc,72,72,0.0,0.6953115827548739,2.628282933568416,5.755321413847401,0.5333446420090745,1.891874729317596,cs_102621,3,,True,local_amplitudes,,2
14.04,14.512786333937106,,channel,quality_mrc,72,72,0.0,0.6478898329609679,2.628282933568416,4.656232787007597,0.5333446420090745,3.3674240308910726,cs_102621,3,,True,local_amplitudes,,2
14.04,14.525805263839858,,channel,best_tone,72,72,0.0,0.6161872116293888,2.035077753335166,10.315283358088525,0.4598508850497158,3.46015145185085,cs_102621,3,,True,remote_amplitudes,,2
14.04,15.3097956775869,,channel,equal_average,72,72,0.0,0.45736104881032796,2.035077753335166,2.453526390133126,0.4598508850497158,9.044128757741458,cs_102621,3,,True,remote_amplitudes,,2
14.04,15.060741503830254,,channel,liu_weighted_median,72,72,0.0,2.035077753335166,2.035077753335166,4.621869249486071,0.4598508850497158,7.270238631269622,cs_102621,3,,True,remote_amplitudes,,2
14.04,14.840302410519568,,channel,snr_mrc,72,72,0.0,0.5098096598632169,2.035077753335166,3.3981096526890955,0.4598508850497158,5.700159619085249,cs_102621,3,,True,remote_amplitudes,,2
14.04,15.151986704351865,,channel,quality_mrc,72,72,0.0,0.48472618753134444,2.035077753335166,2.920805637157444,0.4598508850497158,7.920133221879386,cs_102621,3,,True,remote_amplitudes,,2
14.04,13.612264904460641,,channel,best_tone,72,72,0.0,0.6249153939532023,2.287617611361796,10.753529858095481,0.42671727914339025,3.046546264525342,cs_102621,3,,True,phases,,2
14.04,12.410394395302092,,channel,equal_average,72,72,0.0,0.5615974204805103,2.287617611361796,4.3547466545813975,0.42671727914339025,11.606877526338373,cs_102621,3,,True,phases,,2
14.04,14.407160783893392,,channel,liu_weighted_median,72,72,0.0,2.287617611361796,2.287617611361796,5.576177419636035,0.42671727914339025,2.6151052983859904,cs_102621,3,,True,phases,,2
14.04,12.56627467141903,,channel,snr_mrc,72,72,0.0,0.49279959888003555,2.287617611361796,2.94237903971073,0.42671727914339025,10.496619149437098,cs_102621,3,,True,phases,,2
14.04,12.640547671073165,,channel,quality_mrc,72,72,0.0,0.6046384988989487,2.287617611361796,5.434692424914506,0.42671727914339025,9.967609180390559,cs_102621,3,,True,phases,,2
14.04,13.346542900693331,,channel,best_tone,72,72,0.0,0.7094558444570015,2.6980289511926383,7.224080094737791,0.5294067789124173,4.939153128964874,cs_102621,3,,True,local_amplitudes,,3
14.04,14.725497078504311,,channel,equal_average,72,72,0.0,0.6054467620827991,2.6980289511926383,3.729091339035246,0.5294067789124173,4.882457824104788,cs_102621,3,,True,local_amplitudes,,3
14.04,14.49132969272323,,channel,liu_weighted_median,72,72,0.0,2.6980289511926383,2.6980289511926383,6.367435748724672,0.5294067789124173,3.2145989510201645,cs_102621,3,,True,local_amplitudes,,3
14.04,14.212117215739886,,channel,snr_mrc,72,72,0.0,0.6912397817505997,2.6980289511926383,5.549595270059629,0.5294067789124173,1.2259060950134366,cs_102621,3,,True,local_amplitudes,,3
14.04,14.467298521242618,,channel,quality_mrc,72,72,0.0,0.670198203260491,2.6980289511926383,5.058070935843026,0.5294067789124173,3.0434367609873165,cs_102621,3,,True,local_amplitudes,,3
14.04,14.504497666227698,,channel,best_tone,72,72,0.0,0.6154852539398203,2.0473806587526746,12.243908193629501,0.45552723979619053,3.3083879360947184,cs_102621,3,,True,remote_amplitudes,,3
14.04,15.59198752244225,,channel,equal_average,72,72,0.0,0.4262692159611007,2.0473806587526746,1.9931969033736974,0.45552723979619053,11.05404218263712,cs_102621,3,,True,remote_amplitudes,,3
14.04,14.9929974284429,,channel,liu_weighted_median,72,72,0.0,2.0473806587526746,2.0473806587526746,5.293376545107337,0.45552723979619053,6.787730971815531,cs_102621,3,,True,remote_amplitudes,,3
14.04,14.752694906745068,,channel,snr_mrc,72,72,0.0,0.5037044455786956,2.0473806587526746,3.2887104993462923,0.45552723979619053,5.076174549466305,cs_102621,3,,True,remote_amplitudes,,3
14.04,15.167825467040043,,channel,quality_mrc,72,72,0.0,0.47204584937464655,2.0473806587526746,2.7067668135562015,0.45552723979619053,8.032944921937633,cs_102621,3,,True,remote_amplitudes,,3
14.04,13.709923805670023,,channel,best_tone,72,72,0.0,0.616446295985306,2.235866414794811,9.915263096824495,0.4190828426817646,2.3509700450853,cs_102621,3,,True,phases,,3
14.04,12.124308373041922,,channel,equal_average,72,72,0.0,0.5420521476287569,2.235866414794811,4.079328847197874,0.4190828426817646,13.644527257536163,cs_102621,3,,True,phases,,3
14.04,14.558693494344375,,channel,liu_weighted_median,72,72,0.0,2.235866414794811,2.235866414794811,5.451179925964799,0.4190828426817646,3.694398107865926,cs_102621,3,,True,phases,,3
14.04,12.43768421582619,,channel,snr_mrc,72,72,0.0,0.525866348636958,2.235866414794811,3.724703001179075,0.4190828426817646,11.412505585283544,cs_102621,3,,True,phases,,3
14.04,12.471572674146309,,channel,quality_mrc,72,72,0.0,0.5961479156988929,2.235866414794811,5.426597342669908,0.4190828426817646,11.171134799527712,cs_102621,3,,True,phases,,3
14.04,13.389874799251006,,channel,best_tone,72,72,0.013888888888888888,0.7144690086944953,2.7783622845243516,8.18424027717276,0.5250749530804962,4.630521372856079,cs_102621,3,,True,local_amplitudes,,4
14.04,14.692084964590197,,channel,equal_average,72,72,0.013888888888888888,0.6529827699090112,2.7783622845243516,4.580429783977081,0.5250749530804962,4.644479804773492,cs_102621,3,,True,local_amplitudes,,4
14.04,14.598364032321864,,channel,liu_weighted_median,72,72,0.013888888888888888,2.7783622845243516,2.7783622845243516,6.474431552378459,0.5250749530804962,3.9769517971642827,cs_102621,3,,True,local_amplitudes,,4
14.04,14.088776443360418,,channel,snr_mrc,72,72,0.013888888888888888,0.7144690086944953,2.7783622845243516,7.201282408383269,0.5250749530804962,0.3474105652451478,cs_102621,3,,True,local_amplitudes,,4
14.04,14.439630453705151,,channel,quality_mrc,72,72,0.013888888888888888,0.6970148386297006,2.7783622845243516,5.570922746342548,0.5250749530804962,2.846370752885697,cs_102621,3,,True,local_amplitudes,,4
14.04,14.461123433258422,,channel,best_tone,72,72,0.013888888888888888,0.6301809131758391,2.1297412811371723,10.769826478451769,0.47003357149555625,2.999454652837768,cs_102621,3,,True,remote_amplitudes,,4
14.04,16.04586362809781,,channel,equal_average,72,72,0.013888888888888888,0.4197040190658289,2.1297412811371723,1.772494510609566,0.47003357149555625,14.28677797790463,cs_102621,3,,True,remote_amplitudes,,4
14.04,15.12244432910811,,channel,liu_weighted_median,72,72,0.013888888888888888,2.1297412811371723,2.1297412811371723,5.527076112573194,0.47003357149555625,7.70971744378996,cs_102621,3,,True,remote_amplitudes,,4
14.04,14.586795912735784,,channel,snr_mrc,72,72,0.013888888888888888,0.5403033606949467,2.1297412811371723,3.7815384571718935,0.47003357149555625,3.8945577830184126,cs_102621,3,,True,remote_amplitudes,,4
14.04,15.291018528037132,,channel,quality_mrc,72,72,0.013888888888888888,0.47443057498588354,2.1297412811371723,2.560197821818466,0.47003357149555625,8.910388376332852,cs_102621,3,,True,remote_amplitudes,,4
14.04,13.782532271883383,,channel,best_tone,72,72,0.0,0.6020745368515841,2.175397267084168,10.034221777754968,0.4013028033015318,1.833815727326325,cs_102621,3,,True,phases,,4
14.04,12.19196141788056,,channel,equal_average,72,72,0.0,0.5045856718744187,2.175397267084168,3.531874085772273,0.4013028033015318,13.162667963813673,cs_102621,3,,True,phases,,4
14.04,14.685291357577082,,channel,liu_weighted_median,72,72,0.0,2.175397267084168,2.175397267084168,5.354020227684885,0.4013028033015318,4.596092290435064,cs_102621,3,,True,phases,,4
14.04,12.261888058530397,,channel,snr_mrc,72,72,0.0,0.5264684900522001,2.175397267084168,4.011599965685475,0.4013028033015318,12.664614967732208,cs_102621,3,,True,phases,,4
14.04,12.510473307241067,,channel,quality_mrc,72,72,0.0,0.5682426184981736,2.175397267084168,5.044311276760524,0.4013028033015318,10.894064763240255,cs_102621,3,,True,phases,,4
14.04,13.50480322347566,,channel,best_tone,72,72,0.013888888888888888,0.7153545433454859,2.8062154162780146,9.043134460826558,0.521798714119466,3.8119428527374577,cs_102621,3,,True,local_amplitudes,,5
14.04,14.588308564510376,,channel,equal_average,72,72,0.013888888888888888,0.709133360030713,2.8062154162780146,5.844817842587243,0.521798714119466,3.9053316560568145,cs_102621,3,,True,local_amplitudes,,5
14.04,14.707980218709366,,channel,liu_weighted_median,72,72,0.013888888888888888,2.8062154162780146,2.8062154162780146,6.413985886690366,0.521798714119466,4.7576938654513325,cs_102621,3,,True,local_amplitudes,,5
14.04,14.046922146322679,,channel,snr_mrc,72,72,0.013888888888888888,0.7153545433454859,2.8062154162780146,7.565828546033415,0.521798714119466,0.0493030364863221,cs_102621,3,,True,local_amplitudes,,5
14.04,14.386519558568997,,channel,quality_mrc,72,72,0.013888888888888888,0.7153545433454859,2.8062154162780146,6.183260578073301,0.521798714119466,2.4680880239957124,cs_102621,3,,True,local_amplitudes,,5
14.04,14.435230543766615,,channel,best_tone,72,72,0.027777777777777776,0.6281172085036347,2.149542069584604,8.249636166712868,0.4611435279466379,2.815032363010082,cs_102621,3,,True,remote_amplitudes,,5
14.04,16.601020614979905,,channel,equal_average,72,72,0.027777777777777776,0.4259744962755413,2.149542069584604,1.8714574991098682,0.4611435279466379,18.240887571081956,cs_102621,3,,True,remote_amplitudes,,5
14.04,14.765113480375692,,channel,liu_weighted_median,72,72,0.027777777777777776,2.149542069584604,2.149542069584604,5.369470578347667,0.4611435279466379,5.164625928601805,cs_102621,3,,True,remote_amplitudes,,5
14.04,14.317352227530355,,channel,snr_mrc,72,72,0.027777777777777776,0.5757368085178387,2.149542069584604,4.620629673071594,0.4611435279466379,1.9754432160281763,cs_102621,3,,True,remote_amplitudes,,5
14.04,15.396460615900248,,channel,quality_mrc,72,72,0.027777777777777776,0.48289443915867875,2.149542069584604,2.7263762342950986,0.4611435279466379,9.661400398149917,cs_102621,3,,True,remote_amplitudes,,5
14.04,13.841152848698773,,channel,best_tone,72,72,0.0,0.5943187819644964,2.1418469165111986,7.868191755673245,0.3920395930528379,1.4162902514332367,cs_102621,3,,True,phases,,5
14.04,12.664585939922267,,channel,equal_average,72,72,0.0,0.4604245325165055,2.1418469165111986,2.7897690511414073,0.3920395930528379,9.796396439300088,cs_102621,3,,True,phases,,5
14.04,14.483053142752107,,channel,liu_weighted_median,72,72,0.0,2.1418469165111986,2.1418469165111986,5.558357634393676,0.3920395930528379,3.155649164901053,cs_102621,3,,True,phases,,5
14.04,12.611832265161501,,channel,snr_mrc,72,72,0.0,0.46897518624096524,2.1418469165111986,2.9481018153409395,0.3920395930528379,10.172134863522064,cs_102621,3,,True,phases,,5
14.04,12.8412134726015,,channel,quality_mrc,72,72,0.0,0.5223154198008109,2.1418469165111986,4.072784454733817,0.3920395930528379,8.538365579761384,cs_102621,3,,True,phases,,5
14.04,13.617721474649077,,channel,best_tone,72,72,0.027777777777777776,0.7092998016239536,2.8513809708085365,13.72685157024246,0.5006039355639123,3.0076818044937483,cs_102621,3,,True,local_amplitudes,,6
14.04,14.370753066929142,,channel,equal_average,72,72,0.027777777777777776,0.7092998016239536,2.8513809708085365,6.0362441945873915,0.5006039355639123,2.355791074993894,cs_102621,3,,True,local_amplitudes,,6
14.04,14.775891855512866,,channel,liu_weighted_median,72,72,0.027777777777777776,2.8513809708085365,2.8513809708085365,5.841587985398827,0.5006039355639123,5.241394982285374,cs_102621,3,,True,local_amplitudes,,6
14.04,13.955570262276915,,channel,snr_mrc,72,72,0.027777777777777776,0.7092998016239536,2.8513809708085365,11.764639171150051,0.5006039355639123,0.6013514082840776,cs_102621,3,,True,local_amplitudes,,6
14.04,14.242465719780784,,channel,quality_mrc,72,72,0.027777777777777776,0.7092998016239536,2.8513809708085365,7.298302515035236,0.5006039355639123,1.4420635312021683,cs_102621,3,,True,local_amplitudes,,6
14.04,14.458474118476685,,channel,best_tone,72,72,0.041666666666666664,0.629514432913316,2.1722011052553967,6.430004771163273,0.4593852386275789,2.980584889435086,cs_102621,3,,True,remote_amplitudes,,6
14.04,17.31730751610329,,channel,equal_average,72,72,0.041666666666666664,0.45116410567020404,2.1722011052553967,2.2087054148741734,0.4593852386275789,23.342646126091825,cs_102621,3,,True,remote_amplitudes,,6
14.04,14.727131660773004,,channel,liu_weighted_median,72,72,0.041666666666666664,2.1722011052553967,2.1722011052553967,4.77761197915599,0.4593852386275789,4.894100147955878,cs_102621,3,,True,remote_amplitudes,,6
14.04,14.170228439330122,,channel,snr_mrc,72,72,0.041666666666666664,0.5420320557924232,2.1722011052553967,3.830090976144451,0.4593852386275789,0.9275529866817891,cs_102621,3,,True,remote_amplitudes,,6
14.04,14.865002962906514,,channel,quality_mrc,72,72,0.041666666666666664,0.4789277189085806,2.1722011052553967,2.6420686369923643,0.4593852386275789,5.8760894793911325,cs_102621,3,,True,remote_amplitudes,,6
14.04,13.85850819579561,,channel,best_tone,72,72,0.0,0.5903882486420675,2.150599005091393,8.169417302792745,0.3827486471127629,1.292676668122433,cs_102621,3,,True,phases,,6
14.04,13.293240107113439,,channel,equal_average,72,72,0.0,0.4834831437398677,2.150599005091393,3.295202807075722,0.3827486471127629,5.318802655887181,cs_102621,3,,True,phases,,6
14.04,14.63978528510601,,channel,liu_weighted_median,72,72,0.0,2.150599005091393,2.150599005091393,5.71279481158501,0.3827486471127629,4.271974965142525,cs_102621,3,,True,phases,,6
14.04,13.564868359774522,,channel,snr_mrc,72,72,0.0,0.4454537289055535,2.150599005091393,2.577187007219331,0.3827486471127629,3.3841284916344536,cs_102621,3,,True,phases,,6
14.04,13.36410871308162,,channel,quality_mrc,72,72,0.0,0.5367959685857162,2.150599005091393,4.5098892143962885,0.3827486471127629,4.814040505116659,cs_102621,3,,True,phases,,6
14.04,13.714597873447786,,channel,best_tone,72,72,0.041666666666666664,0.7024799185278123,2.766236065028997,12.354945710195642,0.5012708999954016,2.317678964047099,cs_102621,3,,True,local_amplitudes,,7
14.04,14.001237944095172,,channel,equal_average,72,72,0.041666666666666664,0.7024799185278123,2.766236065028997,6.420820779471522,0.5012708999954016,0.276083019265154,cs_102621,3,,True,local_amplitudes,,7
14.04,14.781819493224576,,channel,liu_weighted_median,72,72,0.041666666666666664,2.766236065028997,2.766236065028997,5.1939087754623845,0.5012708999954016,5.283614624106676,cs_102621,3,,True,local_amplitudes,,7
14.04,13.873883571686225,,channel,snr_mrc,72,72,0.041666666666666664,0.7024799185278123,2.766236065028997,14.822148568759722,0.5012708999954016,1.1831654438303019,cs_102621,3,,True,local_amplitudes,,7
14.04,13.946929101676048,,channel,quality_mrc,72,72,0.041666666666666664,0.7024799185278123,2.766236065028997,10.18486168620306,0.5012708999954016,0.6628981362104788,cs_102621,3,,True,local_amplitudes,,7
14.04,13.968043848382568,,channel,best_tone,72,72,0.041666666666666664,0.6278877958937855,2.129466347299935,8.892143078518666,0.4649811376811874,0.5125082024033593,cs_102621,3,,True,remote_amplitudes,,7
14.04,17.880106508939303,,channel,equal_average,72,72,0.041666666666666664,0.503385724920073,2.129466347299935,3.091774504866737,0.4649811376811874,27.35118596110615,cs_102621,3,,True,remote_amplitudes,,7
14.04,14.886646104216435,,channel,liu_weighted_median,72,72,0.041666666666666664,2.129466347299935,2.129466347299935,4.418130797227584,0.4649811376811874,6.030242907524475,cs_102621,3,,True,remote_amplitudes,,7
14.04,13.672035771322701,,channel,snr_mrc,72,72,0.041666666666666664,0.5198920627534624,2.129466347299935,3.4060003322695604,0.4649811376811874,2.620827839581896,cs_102621,3,,True,remote_amplitudes,,7
14.04,17.962914373625157,,channel,quality_mrc,72,72,0.041666666666666664,0.42731145022904116,2.129466347299935,1.8912054718682536,0.4649811376811874,27.940985567130756,cs_102621,3,,True,remote_amplitudes,,7
14.04,13.864311201269384,,channel,best_tone,72,72,0.0,0.5843481935035817,2.069500418763005,6.40320989962159,0.3856644339751007,1.2513447203035262,cs_102621,3,,True,phases,,7
14.04,13.877483117433162,,channel,equal_average,72,72,0.0,0.5365265302581148,2.069500418763005,4.644187431282585,0.3856644339751007,1.1575276536099537,cs_102621,3,,True,phases,,7
14.04,14.495557691136735,,channel,liu_weighted_median,72,72,0.0,2.069500418763005,2.069500418763005,5.730590150383805,0.3856644339751007,3.2447128998343024,cs_102621,3,,True,phases,,7
14.04,14.190674555184057,,channel,snr_mrc,72,72,0.0,0.5041038778430829,2.069500418763005,3.852088425815156,0.3856644339751007,1.0731805924790412,cs_102621,3,,True,phases,,7
14.04,13.920914317970647,,channel,quality_mrc,72,72,0.0,0.5843481935035817,2.069500418763005,7.036472346896018,0.3856644339751007,0.8481886184426796,cs_102621,3,,True,phases,,7
14.04,13.747336525624583,,channel,best_tone,72,72,0.041666666666666664,0.7015257927650372,2.7649235351236516,12.833043291395219,0.49946814575208603,2.0844976807365843,cs_102621,3,,True,local_amplitudes,,8
14.04,13.53006977701125,,channel,equal_average,72,72,0.041666666666666664,0.7015257927650372,2.7649235351236516,7.178501956131913,0.49946814575208603,3.6319816452190166,cs_102621,3,,True,local_amplitudes,,8
14.04,14.730767025047893,,channel,liu_weighted_median,72,72,0.041666666666666664,2.7649235351236516,2.7649235351236516,4.742557282508244,0.49946814575208603,4.919993055896678,cs_102621,3,,True,local_amplitudes,,8
14.04,13.582056752811644,,channel,snr_mrc,72,72,0.041666666666666664,0.7015257927650372,2.7649235351236516,16.515902994276374,0.49946814575208603,3.261704039803101,cs_102621,3,,True,local_amplitudes,,8
14.04,13.587375853523495,,channel,quality_mrc,72,72,0.041666666666666664,0.7015257927650372,2.7649235351236516,9.433349172039557,0.49946814575208603,3.2238187070976068,cs_102621,3,,True,local_amplitudes,,8
14.04,14.016875383682454,,channel,best_tone,72,72,0.05555555555555555,0.625974744688496,2.1834689428452503,7.565089276357444,0.4493486150110411,0.16470524442696288,cs_102621,3,,True,remote_amplitudes,,8
14.04,18.138636618244394,,channel,equal_average,72,72,0.05555555555555555,0.49266225683026976,2.1834689428452503,2.925018998139957,0.4493486150110411,29.19256850601421,cs_102621,3,,True,remote_amplitudes,,8
14.04,14.878878448702352,,channel,liu_weighted_median,72,72,0.05555555555555555,2.1834689428452503,2.1834689428452503,3.9597436527185232,0.4493486150110411,5.974917725800235,cs_102621,3,,True,remote_amplitudes,,8
14.04,13.27473868525646,,channel,snr_mrc,72,72,0.05555555555555555,0.5671541879351032,2.1834689428452503,4.462561817511314,0.4493486150110411,5.450579164840018,cs_102621,3,,True,remote_amplitudes,,8
14.04,18.457291371709033,,channel,quality_mrc,72,72,0.05555555555555555,0.43514744708909786,2.1834689428452503,2.015534030151578,0.4493486150110411,31.46218925718685,cs_102621,3,,True,remote_amplitudes,,8
14.04,13.856744378250719,,channel,best_tone,72,72,0.0,0.5879192558207867,2.0640224055527696,7.43765055385889,0.3938207889742844,1.3052394711487214,cs_102621,3,,True,phases,,8
14.04,14.279540485300704,,channel,equal_average,72,72,0.0,0.5879192558207867,2.0640224055527696,6.245511362013938,0.3938207889742844,1.7061288126830796,cs_102621,3,,True,phases,,8
14.04,14.361839391586223,,channel,liu_weighted_median,72,72,0.0,2.0640224055527696,2.0640224055527696,5.484527317186523,0.3938207889742844,2.292303358876237,cs_102621,3,,True,phases,,8
14.04,14.401938783962645,,channel,snr_mrc,72,72,0.0,0.5220031436101896,2.0640224055527696,4.199693070795262,0.3938207889742844,2.577911566685515,cs_102621,3,,True,phases,,8
14.04,14.288612820980052,,channel,quality_mrc,72,72,0.0,0.5879192558207867,2.0640224055527696,11.531398480838064,0.3938207889742844,1.770746588177018,cs_102621,3,,True,phases,,8
14.04,13.718875390169496,,channel,best_tone,72,72,0.041666666666666664,0.6996409228762731,2.8048159419577203,8.516825316982585,0.48840627611323456,2.287212320730083,cs_102621,3,,True,local_amplitudes,,9
14.04,13.005140495741648,,channel,equal_average,72,72,0.041666666666666664,0.682943734352182,2.8048159419577203,5.580593813680829,0.48840627611323456,7.370794189874299,cs_102621,3,,True,local_amplitudes,,9
14.04,14.615926643411694,,channel,liu_weighted_median,72,72,0.041666666666666664,2.8048159419577203,2.8048159419577203,4.279868031768637,0.48840627611323456,4.1020416197414145,cs_102621,3,,True,local_amplitudes,,9
14.04,13.281264135316556,,channel,snr_mrc,72,72,0.041666666666666664,0.6996409228762731,2.8048159419577203,9.610128184151405,0.48840627611323456,5.4041016003094215,cs_102621,3,,True,local_amplitudes,,9
14.04,13.152642196903795,,channel,quality_mrc,72,72,0.041666666666666664,0.6996409228762731,2.8048159419577203,8.133632849647341,0.48840627611323456,6.320212272764988,cs_102621,3,,True,local_amplitudes,,9
14.04,13.599657202478975,,channel,best_tone,72,72,0.041666666666666664,0.6367374005618944,2.23004057986084,6.728272671700666,0.46305044483764196,3.136344711688209,cs_102621,3,,True,remote_amplitudes,,9
14.04,18.12635560449705,,channel,equal_average,72,72,0.041666666666666664,0.4816600534507643,2.23004057986084,2.5971202507373574,0.46305044483764196,29.10509689812714,cs_102621,3,,True,remote_amplitudes,,9
14.04,14.725499315495982,,channel,liu_weighted_median,72,72,0.041666666666666664,2.23004057986084,2.23004057986084,3.655539038309646,0.46305044483764196,4.882473757093898,cs_102621,3,,True,remote_amplitudes,,9
14.04,12.805827025785637,,channel,snr_mrc,72,72,0.041666666666666664,0.5240685447080526,2.23004057986084,3.3452952253327934,0.46305044483764196,8.79040579924759,cs_102621,3,,True,remote_amplitudes,,9
14.04,12.687234282834797,,channel,quality_mrc,72,72,0.041666666666666664,0.4287448083518478,2.23004057986084,1.8317524990739997,0.46305044483764196,9.635083455592605,cs_102621,3,,True,remote_amplitudes,,9
14.04,13.86778858396677,,channel,best_tone,72,72,0.013888888888888888,0.5895871551564201,2.011038430967439,7.211861537409842,0.4076464468985362,1.226577037273718,cs_102621,3,,True,phases,,9
14.04,14.526941643488517,,channel,equal_average,72,72,0.013888888888888888,0.5895871551564201,2.011038430967439,8.947492831026638,0.4076464468985362,3.4682453239922895,cs_102621,3,,True,phases,,9
14.04,14.337104351914942,,channel,liu_weighted_median,72,72,0.013888888888888888,2.011038430967439,2.011038430967439,4.71454695478074,0.4076464468985362,2.116127862642041,cs_102621,3,,True,phases,,9
14.04,14.400058727847975,,channel,snr_mrc,72,72,0.013888888888888888,0.5895871551564201,2.011038430967439,9.408929528421751,0.4076464468985362,2.5645208536180633,cs_102621,3,,True,phases,,9
14.04,14.517568994200024,,channel,quality_mrc,72,72,0.013888888888888888,0.5895871551564201,2.011038430967439,9.060963525540926,0.4076464468985362,3.4014885626782427,cs_102621,3,,True,phases,,9
14.04,13.610780485224295,,channel,best_tone,72,72,0.05555555555555555,0.7089100100383933,2.8560671156677646,6.781465031015897,0.4989590553226274,3.057119051109007,cs_102621,3,,True,local_amplitudes,,10
14.04,12.500904475871339,,channel,equal_average,72,72,0.05555555555555555,0.6258098284265762,2.8560671156677646,4.127670890449588,0.4989590553226274,10.962218832825215,cs_102621,3,,True,local_amplitudes,,10
14.04,14.748232399149414,,channel,liu_weighted_median,72,72,0.05555555555555555,2.8560671156677646,2.8560671156677646,4.035951298809731,0.4989590553226274,5.044390307332013,cs_102621,3,,True,local_amplitudes,,10
14.04,12.864790290903255,,channel,snr_mrc,72,72,0.05555555555555555,0.7089100100383933,2.8560671156677646,7.468916662633424,0.4989590553226274,8.370439523481089,cs_102621,3,,True,local_amplitudes,,10
14.04,12.736998249518523,,channel,quality_mrc,72,72,0.05555555555555555,0.7089100100383933,2.8560671156677646,7.339787799887994,0.4989590553226274,9.280639248443563,cs_102621,3,,True,local_amplitudes,,10
14.04,15.817430750912969,,channel,best_tone,72,72,0.041666666666666664,0.6519230821984058,2.3574963505017337,6.888755681461768,0.47010842721841634,12.659763183140813,cs_102621,3,,True,remote_amplitudes,,10
14.04,17.759314889155835,,channel,equal_average,72,72,0.041666666666666664,0.4346523070109877,2.3574963505017337,1.778230862087296,0.47010842721841634,26.49084678885923,cs_102621,3,,True,remote_amplitudes,,10
14.04,14.648199792957644,,channel,liu_weighted_median,72,72,0.041666666666666664,2.3574963505017337,2.3574963505017337,3.68403337217935,0.47010842721841634,4.331907357248186,cs_102621,3,,True,remote_amplitudes,,10
14.04,12.216846324360043,,channel,snr_mrc,72,72,0.041666666666666664,0.5209145031625947,2.3574963505017337,3.0609872700726015,0.47010842721841634,12.985425040170629,cs_102621,3,,True,remote_amplitudes,,10
14.04,12.051774191388576,,channel,quality_mrc,72,72,0.041666666666666664,0.45033211755530284,2.3574963505017337,1.9777024047324785,0.47010842721841634,14.161152482987344,cs_102621,3,,True,remote_amplitudes,,10
14.04,13.613315393989053,,channel,best_tone,72,72,0.0,0.5910770053525006,2.002608372473499,10.968940777816554,0.4124735996760272,3.0390641453771097,cs_102621,3,,True,phases,,10
14.04,14.673262309314673,,channel,equal_average,72,72,0.0,0.5910770053525006,2.002608372473499,6.879197164002704,0.4124735996760272,4.510415308509072,cs_102621,3,,True,phases,,10
14.04,14.357826862732214,,channel,liu_weighted_median,72,72,0.0,2.002608372473499,2.002608372473499,4.061994458427857,0.4124735996760272,2.263724093534293,cs_102621,3,,True,phases,,10
14.04,14.283727788608768,,channel,snr_mrc,72,72,0.0,0.5910770053525006,2.002608372473499,8.893111583923238,0.4124735996760272,1.7359529103188693,cs_102621,3,,True,phases,,10
14.04,14.582638279390483,,channel,quality_mrc,72,72,0.0,0.5910770053525006,2.002608372473499,6.904319255508616,0.4124735996760272,3.8649450099037344,cs_102621,3,,True,phases,,10
14.04,16.064317227793403,,channel,best_tone,72,72,0.041666666666666664,0.7083434968115903,2.926503736292677,6.196891101507763,0.4857833680532305,14.418213873172391,cs_102621,3,,True,local_amplitudes,,11
14.04,12.079199118212891,,channel,equal_average,72,72,0.041666666666666664,0.6312168347143599,2.926503736292677,4.245757998883122,0.4857833680532305,13.965818246346926,cs_102621,3,,True,local_amplitudes,,11
14.04,14.81572789269192,,channel,liu_weighted_median,72,72,0.041666666666666664,2.926503736292677,2.926503736292677,4.101590003703133,0.4857833680532305,5.525127440825643,cs_102621,3,,True,local_amplitudes,,11
14.04,12.450788781078131,,channel,snr_mrc,72,72,0.041666666666666664,0.7083434968115903,2.926503736292677,6.610505660527646,0.4857833680532305,11.31916822593923,cs_102621,3,,True,local_amplitudes,,11
14.04,12.385575964404866,,channel,quality_mrc,72,72,0.041666666666666664,0.7010750701568913,2.926503736292677,5.817187865412293,0.4857833680532305,11.78364697717331,cs_102621,3,,True,local_amplitudes,,11
14.04,15.897464445867847,,channel,best_tone,72,72,0.027777777777777776,0.6602454052074647,2.432597265608999,11.174973987037683,0.4732666912887556,13.229803745497492,cs_102621,3,,True,remote_amplitudes,,11
14.04,9.357062170826746,,channel,equal_average,72,72,0.027777777777777776,0.4058362015345,2.432597265608999,1.3934373307549748,0.4732666912887556,33.354258042544544,cs_102621,3,,True,remote_amplitudes,,11
14.04,14.337899822166767,,channel,liu_weighted_median,72,72,0.027777777777777776,2.432597265608999,2.432597265608999,3.8410233570851875,0.4732666912887556,2.1217936051764084,cs_102621,3,,True,remote_amplitudes,,11
14.04,11.329643551273158,,channel,snr_mrc,72,72,0.027777777777777776,0.4592308968576557,2.432597265608999,2.01896312223093,0.4732666912887556,19.30453311059004,cs_102621,3,,True,remote_amplitudes,,11
14.04,11.50535700176079,,channel,quality_mrc,72,72,0.027777777777777776,0.4624757708980006,2.432597265608999,2.062063536734926,0.4732666912887556,18.053012807971573,cs_102621,3,,True,remote_amplitudes,,11
14.04,13.620886141977511,,channel,best_tone,72,72,0.0,0.5963997447335105,1.9896742149340458,8.270866724735992,0.4264718462201793,2.9851414389066098,cs_102621,3,,True,phases,,11
14.04,14.800184918649997,,channel,equal_average,72,72,0.0,0.5409262519169933,1.9896742149340458,4.476649373962498,0.4264718462201793,5.414422497507106,cs_102621,3,,True,phases,,11
14.04,14.546881126949476,,channel,liu_weighted_median,72,72,0.0,1.9896742149340458,1.9896742149340458,3.7968016759363987,0.4264718462201793,3.610264436962084,cs_102621,3,,True,phases,,11
14.04,14.276544454739682,,channel,snr_mrc,72,72,0.0,0.5497703468240303,1.9896742149340458,4.699837454596152,0.4264718462201793,1.6847895636729535,cs_102621,3,,True,phases,,11
14.04,14.657677357987051,,channel,quality_mrc,72,72,0.0,0.5568508990430038,1.9896742149340458,4.883775357797081,0.4264718462201793,4.39941138167416,cs_102621,3,,True,phases,,11
14.04,15.247974876985781,,channel,best_tone,72,72,0.041666666666666664,0.7119865174070196,3.00323529325835,8.381144070401696,0.48071308224178594,8.603809665140897,cs_102621,3,,True,local_amplitudes,,12
14.04,11.851106024841805,,channel,equal_average,72,72,0.041666666666666664,0.6242733905308283,3.00323529325835,4.0444587687394,0.48071308224178594,15.590412928477168,cs_102621,3,,True,local_amplitudes,,12
14.04,14.729383062927122,,channel,liu_weighted_median,72,72,0.041666666666666664,3.00323529325835,3.00323529325835,4.356536705843263,0.48071308224178594,4.910135775834206,cs_102621,3,,True,local_amplitudes,,12
14.04,12.075203709535215,,channel,snr_mrc,72,72,0.041666666666666664,0.7028728962289503,3.00323529325835,5.772531763286885,0.48071308224178594,13.994275573111,cs_102621,3,,True,local_amplitudes,,12
14.04,12.160998638156753,,channel,quality_mrc,72,72,0.041666666666666664,0.6664916038518919,3.00323529325835,4.921754982753348,0.48071308224178594,13.3832005829291,cs_102621,3,,True,local_amplitudes,,12
14.04,15.942004724622699,,channel,best_tone,72,72,0.013888888888888888,0.6865697123115821,2.506313417078244,13.713702454241924,0.5165097628323897,13.547042198167375,cs_102621,3,,True,remote_amplitudes,,12
14.04,10.190434929974893,,channel,equal_average,72,72,0.013888888888888888,0.406596999646412,2.506313417078244,1.2462059964360475,0.5165097628323897,27.41855462980845,cs_102621,3,,True,remote_amplitudes,,12
14.04,14.432478913551023,,channel,liu_weighted_median,72,72,0.013888888888888888,2.506313417078244,2.506313417078244,4.249036786767085,0.5165097628323897,2.795433857201025,cs_102621,3,,True,remote_amplitudes,,12
14.04,10.824287543396766,,channel,snr_mrc,72,72,0.013888888888888888,0.43715050735461347,2.506313417078244,1.548781984314559,0.5165097628323897,22.903934876091405,cs_102621,3,,True,remote_amplitudes,,12
14.04,11.687538208508432,,channel,quality_mrc,72,72,0.013888888888888888,0.46570309334473664,2.506313417078244,1.8725123722694872,0.5165097628323897,16.755425865324554,cs_102621,3,,True,remote_amplitudes,,12
14.04,15.72525379795353,,channel,best_tone,72,72,0.013888888888888888,0.5898019468285816,1.9395036481830503,5.95833511145924,0.4261027339794088,12.0032321791562,cs_102621,3,,True,phases,,12
14.04,14.975595771276426,,channel,equal_average,72,72,0.013888888888888888,0.481851880992086,1.9395036481830503,3.2489796872262002,0.4261027339794088,6.663787544703896,cs_102621,3,,True,phases,,12
14.04,14.62882173979183,,channel,liu_weighted_median,72,72,0.013888888888888888,1.9395036481830503,1.9395036481830503,3.6969667576730276,0.4261027339794088,4.19388703555435,cs_102621,3,,True,phases,,12
14.04,14.648052384764917,,channel,snr_mrc,72,72,0.013888888888888888,0.47296213635716805,1.9395036481830503,3.0724543742575974,0.4261027339794088,4.330857441345567,cs_102621,3,,True,phases,,12
14.04,14.707582756886673,,channel,quality_mrc,72,72,0.013888888888888888,0.5045472696307637,1.9395036481830503,3.7300263610349815,0.4261027339794088,4.754862940788274,cs_102621,3,,True,phases,,12
14.04,14.951177292719256,,channel,best_tone,72,72,0.027777777777777776,0.7108595275639493,2.984121893175358,7.823120643497512,0.4814983444337044,6.4898667572596676,cs_102621,3,,True,local_amplitudes,,13
14.04,11.855655483078081,,channel,equal_average,72,72,0.027777777777777776,0.6034358287333746,2.984121893175358,3.670229000968344,0.4814983444337044,15.558009379785743,cs_102621,3,,True,local_amplitudes,,13
14.04,14.75377434126898,,channel,liu_weighted_median,72,72,0.027777777777777776,2.984121893175358,2.984121893175358,4.695128142807149,0.4814983444337044,5.0838628295511405,cs_102621,3,,True,local_amplitudes,,13
14.04,11.805265685946068,,channel,snr_mrc,72,72,0.027777777777777776,0.6743378699635069,2.984121893175358,5.121916970317131,0.4814983444337044,15.916911068760193,cs_102621,3,,True,local_amplitudes,,13
14.04,12.09560938258197,,channel,quality_mrc,72,72,0.027777777777777776,0.6365816975597175,2.984121893175358,4.308859454999273,0.4814983444337044,13.84893602149594,cs_102621,3,,True,local_amplitudes,,13
14.04,14.792676686261272,,channel,best_tone,72,72,0.013888888888888888,0.6859821684184785,2.5182144896686136,6.749139127610808,0.5127500990345536,5.360945058840975,cs_102621,3,,True,remote_amplitudes,,13
14.04,15.044665115773185,,channel,equal_average,72,72,0.013888888888888888,0.40899694684483145,2.5182144896686136,1.271665731911396,0.5127500990345536,7.155734442828959,cs_102621,3,,True,remote_amplitudes,,13
14.04,14.421738722608167,,channel,liu_weighted_median,72,72,0.013888888888888888,2.5182144896686136,2.5182144896686136,4.775136584868057,0.5127500990345536,2.7189367707134435,cs_102621,3,,True,remote_amplitudes,,13
14.04,16.2191045987661,,channel,snr_mrc,72,72,0.013888888888888888,0.43931024170807986,2.5182144896686136,1.5758931028099152,0.5127500990345536,15.52068802539959,cs_102621,3,,True,remote_amplitudes,,13
14.04,12.050635606662501,,channel,quality_mrc,72,72,0.013888888888888888,0.4671817457039429,2.5182144896686136,1.8952668468632876,0.5127500990345536,14.169262060808391,cs_102621,3,,True,remote_amplitudes,,13
14.04,15.211583142593666,,channel,best_tone,72,72,0.013888888888888888,0.5952545328224829,1.9455170810146096,7.706533570558345,0.4336437354719441,8.344609277732669,cs_102621,3,,True,phases,,13
14.04,15.234834377454359,,channel,equal_average,72,72,0.013888888888888888,0.47398980685199943,1.9455170810146096,3.029354677278721,0.4336437354719441,8.51021636363504,cs_102621,3,,True,phases,,13
14.04,14.574489744464096,,channel,liu_weighted_median,72,72,0.013888888888888888,1.9455170810146096,1.9455170810146096,3.7236363809488586,0.4336437354719441,3.8069070118525388,cs_102621,3,,True,phases,,13
14.04,15.109953594110797,,channel,snr_mrc,72,72,0.013888888888888888,0.444880892041094,1.9455170810146096,2.5048076176845346,0.4336437354719441,7.620752094806253,cs_102621,3,,True,phases,,13
14.04,14.882807108558893,,channel,quality_mrc,72,72,0.013888888888888888,0.49344631158219876,1.9455170810146096,3.4179274334107106,0.4336437354719441,6.002899633610356,cs_102621,3,,True,phases,,13
14.04,12.965864432468148,,channel,best_tone,72,72,0.027777777777777776,0.7012850799172838,2.876634441386075,6.129461908433383,0.4795778464485084,7.650538230283839,cs_102621,3,,True,local_amplitudes,,14
14.04,12.095376937335004,,channel,equal_average,72,72,0.027777777777777776,0.584407125153558,2.876634441386075,3.4722737687255716,0.4795778464485084,13.850591614423042,cs_102621,3,,True,local_amplitudes,,14
14.04,14.681041078318989,,channel,liu_weighted_median,72,72,0.027777777777777776,2.876634441386075,2.876634441386075,5.117600395238248,0.4795778464485084,4.565819646146652,cs_102621,3,,True,local_amplitudes,,14
14.04,11.637078917558188,,channel,snr_mrc,72,72,0.027777777777777776,0.6048045161706979,2.876634441386075,3.8486864340110385,0.4795778464485084,17.114822524514324,cs_102621,3,,True,local_amplitudes,,14
14.04,12.254801009182884,,channel,quality_mrc,72,72,0.027777777777777776,0.6106355739935629,2.876634441386075,3.9610813093897326,0.4795778464485084,12.71509252718743,cs_102621,3,,True,local_amplitudes,,14
14.04,14.77822095529568,,channel,best_tone,72,72,0.013888888888888888,0.6769495548641745,2.4931427851431094,10.496007018244914,0.4977161815379758,5.257984012077499,cs_102621,3,,True,remote_amplitudes,,14
14.04,14.065417368532836,,channel,equal_average,72,72,0.013888888888888888,0.44302562551157776,2.4931427851431094,1.6817787926082786,0.4977161815379758,0.18103538841052108,cs_102621,3,,True,remote_amplitudes,,14
14.04,14.53423943819839,,channel,liu_weighted_median,72,72,0.013888888888888888,2.4931427851431094,2.4931427851431094,5.087791364719479,0.4977161815379758,3.5202239187919635,cs_102621,3,,True,remote_amplitudes,,14
14.04,15.668364332299682,,channel,snr_mrc,72,72,0.013888888888888888,0.4332413028781309,2.4931427851431094,1.5727941640343028,0.4977161815379758,11.598036554841043,cs_102621,3,,True,remote_amplitudes,,14
14.04,12.901250191438447,,channel,quality_mrc,72,72,0.013888888888888888,0.479269380064849,2.4931427851431094,2.1292241304795785,0.4977161815379758,8.11075362223328,cs_102621,3,,True,remote_amplitudes,,14
14.04,16.283661526384194,,channel,best_tone,72,72,0.027777777777777776,0.6025518593564834,1.9415668247361322,6.054390157275853,0.45070351122793917,15.980495202166628,cs_102621,3,,True,phases,,14
14.04,15.463905723361316,,channel,equal_average,72,72,0.027777777777777776,0.4831141116761728,1.9415668247361322,3.0925528312368518,0.45070351122793917,10.141778656419637,cs_102621,3,,True,phases,,14
14.04,14.509299711957887,,channel,liu_weighted_median,72,72,0.027777777777777776,1.9415668247361322,1.9415668247361322,3.8133575232627246,0.45070351122793917,3.3425905410105963,cs_102621,3,,True,phases,,14
14.04,15.139703880420198,,channel,snr_mrc,72,72,0.027777777777777776,0.471989844608916,1.9415668247361322,2.883805201164745,0.45070351122793917,7.832648720941587,cs_102621,3,,True,phases,,14
14.04,15.182855263696617,,channel,quality_mrc,72,72,0.027777777777777776,0.495897238207325,1.9415668247361322,3.3445910736028606,0.45070351122793917,8.139994755673914,cs_102621,3,,True,phases,,14
14.04,12.92376466673308,,channel,best_tone,72,72,0.027777777777777776,0.6953772219285483,2.8014562622377905,7.126432280623838,0.48010643484338916,7.9503941115877454,cs_102621,3,,True,local_amplitudes,,15
14.04,12.515921693384957,,channel,equal_average,72,72,0.027777777777777776,0.5739161610238938,2.8014562622377905,3.373146716022967,0.48010643484338916,10.855258594124232,cs_102621,3,,True,local_amplitudes,,15
14.04,14.62591861595675,,channel,liu_weighted_median,72,72,0.027777777777777776,2.8014562622377905,2.8014562622377905,5.53634551544718,0.48010643484338916,4.173209515361467,cs_102621,3,,True,local_amplitudes,,15
14.04,12.023351163993471,,channel,snr_mrc,72,72,0.027777777777777776,0.5646218868304718,2.8014562622377905,3.211907248038854,0.48010643484338916,14.363595698052196,cs_102621,3,,True,local_amplitudes,,15
14.04,12.64240086939089,,channel,quality_mrc,72,72,0.027777777777777776,0.6102305448175225,2.8014562622377905,4.054821076547053,0.48010643484338916,9.95440976217314,cs_102621,3,,True,local_amplitudes,,15
14.04,14.752961304052487,,channel,best_tone,72,72,0.013888888888888888,0.6762211299116214,2.4721181614293735,13.337758395523684,0.5003304990663081,5.078071966185813,cs_102621,3,,True,remote_amplitudes,,15
14.04,13.951508504705073,,channel,equal_average,72,72,0.013888888888888888,0.5016178027605285,2.4721181614293735,2.449085030135029,0.5003304990663081,0.630281305519418,cs_102621,3,,True,remote_amplitudes,,15
14.04,14.648037396470563,,channel,liu_weighted_median,72,72,0.013888888888888888,2.4721181614293735,2.4721181614293735,5.265750875678162,0.5003304990663081,4.330750687112282,cs_102621,3,,True,remote_amplitudes,,15
14.04,13.16379739566343,,channel,snr_mrc,72,72,0.013888888888888888,0.46422440873687876,2.4721181614293735,1.9411940633319313,0.5003304990663081,6.240759290146506,cs_102621,3,,True,remote_amplitudes,,15
14.04,13.373400677912223,,channel,quality_mrc,72,72,0.013888888888888888,0.5259940263966391,2.4721181614293735,2.8237580054773788,0.5003304990663081,4.747858419428608,cs_102621,3,,True,remote_amplitudes,,15
14.04,16.425738504743432,,channel,best_tone,72,72,0.05555555555555555,0.6058933596855172,1.8964145984718845,6.564661836746992,0.46915384508279606,16.992439492474592,cs_102621,3,,True,phases,,15
14.04,15.480700126257933,,channel,equal_average,72,72,0.05555555555555555,0.516802038475945,1.8964145984718845,3.7233625469149665,0.46915384508279606,10.261396910669044,cs_102621,3,,True,phases,,15
14.04,14.670299556304402,,channel,liu_weighted_median,72,72,0.05555555555555555,1.8964145984718845,1.8964145984718845,4.022055710705869,0.46915384508279606,4.489313079091186,cs_102621,3,,True,phases,,15
14.04,14.848880284034575,,channel,snr_mrc,72,72,0.05555555555555555,0.5335276730079452,1.8964145984718845,4.096693971638272,0.46915384508279606,5.76125558429185,cs_102621,3,,True,phases,,15
14.04,15.132706839301365,,channel,quality_mrc,72,72,0.05555555555555555,0.5559287746726675,1.8964145984718845,4.634684041063283,0.46915384508279606,7.782812245736224,cs_102621,3,,True,phases,,15
14.04,14.694640188356946,,channel,best_tone,72,72,0.041666666666666664,0.7017914121628639,2.779796152623096,8.211559102452211,0.4973603845496918,4.662679404251756,cs_102621,3,,True,local_amplitudes,,16
14.04,12.98567170334837,,channel,equal_average,72,72,0.041666666666666664,0.6116871568477783,2.779796152623096,3.972969107542671,0.4973603845496918,7.5094608023620335,cs_102621,3,,True,local_amplitudes,,16
14.04,14.566757552535018,,channel,liu_weighted_median,72,72,0.041666666666666664,2.779796152623096,2.779796152623096,5.641422608822087,0.4973603845496918,3.75183441976509,cs_102621,3,,True,local_amplitudes,,16
14.04,12.891868797263742,,channel,snr_mrc,72,72,0.041666666666666664,0.597440483639073,2.779796152623096,3.7017837580137947,0.4973603845496918,8.177572669061663,cs_102621,3,,True,local_amplitudes,,16
14.04,13.041312272736013,,channel,quality_mrc,72,72,0.041666666666666664,0.644134905219842,2.779796152623096,4.63935497973821,0.4973603845496918,7.113160450598192,cs_102621,3,,True,local_amplitudes,,16
14.04,14.7042405167388,,channel,best_tone,72,72,0.013888888888888888,0.6811487908734336,2.4468035428587798,10.829863698506868,0.5166386118218982,4.7310578115299196,cs_102621,3,,True,remote_amplitudes,,16
14.04,14.002046240523185,,channel,equal_average,72,72,0.013888888888888888,0.5483280140004443,2.4468035428587798,3.13001618884079,0.5166386118218982,0.2703259221995284,cs_102621,3,,True,remote_amplitudes,,16
14.04,14.632423273951677,,channel,liu_weighted_median,72,72,0.013888888888888888,2.4468035428587798,2.4468035428587798,5.006507901455475,0.5166386118218982,4.219538988259811,cs_102621,3,,True,remote_amplitudes,,16
14.04,13.582001448626736,,channel,snr_mrc,72,72,0.013888888888888888,0.5730749619570795,2.4468035428587798,3.573218575616621,0.5166386118218982,3.262097944254013,cs_102621,3,,True,remote_amplitudes,,16
14.04,13.677381554865951,,channel,quality_mrc,72,72,0.013888888888888888,0.5851747169811361,2.4468035428587798,3.8043629331094584,0.5166386118218982,2.5827524582197166,cs_102621,3,,True,remote_amplitudes,,16
14.04,14.81660368295187,,channel,best_tone,72,72,0.06944444444444445,0.5892281646975254,1.7217935621360623,6.1502540422162095,0.4752579655877225,5.531365263189962,cs_102621,3,,True,phases,,16
14.04,15.242348909805447,,channel,equal_average,72,72,0.06944444444444445,0.47429975380323963,1.7217935621360623,3.1293883043877053,0.4752579655877225,8.563738673827975,cs_102621,3,,True,phases,,16
14.04,14.605187030932493,,channel,liu_weighted_median,72,72,0.06944444444444445,1.7217935621360623,1.7217935621360623,4.193230151755939,0.4752579655877225,4.025548653365341,cs_102621,3,,True,phases,,16
14.04,14.778009143819025,,channel,snr_mrc,72,72,0.06944444444444445,0.5892281646975254,1.7217935621360623,7.474522576208677,0.4752579655877225,5.2564753833263955,cs_102621,3,,True,phases,,16
14.04,14.84102824468171,,channel,quality_mrc,72,72,0.06944444444444445,0.5675258845394392,1.7217935621360623,5.3611477983049305,0.4752579655877225,5.705329378074858,cs_102621,3,,True,phases,,16
14.04,13.122229588159943,,channel,best_tone,72,72,0.027777777777777776,0.7042188512004731,2.6935469463142536,6.346027725020778,0.5186308916791756,6.536826295157096,cs_102621,3,,True,local_amplitudes,,17
14.04,13.393793624727854,,channel,equal_average,72,72,0.027777777777777776,0.6505404204764738,2.6935469463142536,4.729891397365258,0.5186308916791756,4.602609510485365,cs_102621,3,,True,local_amplitudes,,17
14.04,14.542076549172693,,channel,liu_weighted_median,72,72,0.027777777777777776,2.6935469463142536,2.6935469463142536,5.429918051876555,0.5186308916791756,3.5760437975263093,cs_102621,3,,True,local_amplitudes,,17
14.04,13.579594831307212,,channel,snr_mrc,72,72,0.027777777777777776,0.7042188512004731,2.6935469463142536,6.700155330029595,0.5186308916791756,3.279239093253472,cs_102621,3,,True,local_amplitudes,,17
14.04,13.447454575932436,,channel,quality_mrc,72,72,0.027777777777777776,0.6804262214921512,2.6935469463142536,5.412170075901897,0.5186308916791756,4.22040900333022,cs_102621,3,,True,local_amplitudes,,17
14.04,14.605704737116298,,channel,best_tone,72,72,0.013888888888888888,0.6717581177809935,2.345988301760732,8.392403523585951,0.5168599950628543,4.029236019346858,cs_102621,3,,True,remote_amplitudes,,17
14.04,14.075296902212616,,channel,equal_average,72,72,0.013888888888888888,0.6132798034557834,2.345988301760732,4.565501277247628,0.5168599950628543,0.25140243741179763,cs_102621,3,,True,remote_amplitudes,,17
14.04,14.53040818316799,,channel,liu_weighted_median,72,72,0.013888888888888888,2.345988301760732,2.345988301760732,4.866931994376038,0.5168599950628543,3.4929357775497967,cs_102621,3,,True,remote_amplitudes,,17
14.04,13.67278260070384,,channel,snr_mrc,72,72,0.013888888888888888,0.6717581177809935,2.345988301760732,6.320078323207632,0.5168599950628543,2.615508541995434,cs_102621,3,,True,remote_amplitudes,,17
14.04,13.84810081110708,,channel,quality_mrc,72,72,0.013888888888888888,0.6367364761890433,2.345988301760732,5.10965607608579,0.5168599950628543,1.3668033396931516,cs_102621,3,,True,remote_amplitudes,,17
14.04,14.884226244875505,,channel,best_tone,72,72,0.041666666666666664,0.5926856402391609,1.6950045290665716,6.690290344189102,0.4913176249780822,6.0130074421332305,cs_102621,3,,True,phases,,17
14.04,14.620204285649125,,channel,equal_average,72,72,0.041666666666666664,0.41250587509386294,1.6950045290665716,2.0228722184742414,0.4913176249780822,4.132509157045057,cs_102621,3,,True,phases,,17
14.04,14.56394045958119,,channel,liu_weighted_median,72,72,0.041666666666666664,1.6950045290665716,1.6950045290665716,4.174092596291619,0.4913176249780822,3.7317696551366843,cs_102621,3,,True,phases,,17
14.04,14.46693775530744,,channel,snr_mrc,72,72,0.041666666666666664,0.5926856402391609,1.6950045290665716,8.344257345650098,0.4913176249780822,3.0408672030444466,cs_102621,3,,True,phases,,17
14.04,14.422782297846217,,channel,quality_mrc,72,72,0.041666666666666664,0.5926856402391609,1.6950045290665716,7.306358566223086,0.4913176249780822,2.726369642779328,cs_102621,3,,True,phases,,17
14.04,13.309159162011484,,channel,best_tone,72,72,0.027777777777777776,0.6955084404478924,2.5423731167652575,9.238570770055286,0.5293317180742103,5.205419073992271,cs_102621,3,,True,local_amplitudes,,18
14.04,13.714786921868182,,channel,equal_average,72,72,0.027777777777777776,0.6905092619539988,2.5423731167652575,5.871547257684807,0.5293317180742103,2.3163324653263335,cs_102621,3,,True,local_amplitudes,,18
14.04,14.543777753652213,,channel,liu_weighted_median,72,72,0.027777777777777776,2.5423731167652575,2.5423731167652575,5.351839480910281,0.5293317180742103,3.588160638548532,cs_102621,3,,True,local_amplitudes,,18
14.04,13.807425122421275,,channel,snr_mrc,72,72,0.027777777777777776,0.6955084404478924,2.5423731167652575,9.218502021533334,0.5293317180742103,1.6565162220706835,cs_102621,3,,True,local_amplitudes,,18
14.04,13.765088770316549,,channel,quality_mrc,72,72,0.027777777777777776,0.6955084404478924,2.5423731167652575,7.1159494905218175,0.5293317180742103,1.958057191477567,cs_102621,3,,True,local_amplitudes,,18
14.04,13.288805107495717,,channel,best_tone,72,72,0.027777777777777776,0.6610927710645585,2.222880248022418,7.56176847723161,0.5199135656609973,5.350390972252721,cs_102621,3,,True,remote_amplitudes,,18
14.04,14.126115732110367,,channel,equal_average,72,72,0.027777777777777776,0.6542109856212918,2.222880248022418,5.8145689313300135,0.5199135656609973,0.6133599153160134,cs_102621,3,,True,remote_amplitudes,,18
14.04,14.436823198802186,,channel,liu_weighted_median,72,72,0.027777777777777776,2.222880248022418,2.222880248022418,4.774612336419925,0.5199135656609973,2.8263760598446344,cs_102621,3,,True,remote_amplitudes,,18
14.04,13.805428626052558,,channel,snr_mrc,72,72,0.027777777777777776,0.6610927710645585,2.222880248022418,9.46127079201015,0.5199135656609973,1.6707362816769296,cs_102621,3,,True,remote_amplitudes,,18
14.04,13.999131554712786,,channel,quality_mrc,72,72,0.027777777777777776,0.6610927710645585,2.222880248022418,6.220283566111114,0.5199135656609973,0.2910857926439673,cs_102621,3,,True,remote_amplitudes,,18
14.04,13.896053754822383,,channel,best_tone,72,72,0.041666666666666664,0.5741374326264165,1.5274388063434294,8.698200469615097,0.49561422165677094,1.0252581565357306,cs_102621,3,,True,phases,,18
14.04,13.912915395448147,,channel,equal_average,72,72,0.041666666666666664,0.3952902388264337,1.5274388063434294,1.9581769405294673,0.49561422165677094,0.9051610010815678,cs_102621,3,,True,phases,,18
14.04,14.514274051742905,,channel,liu_weighted_median,72,72,0.041666666666666664,1.5274388063434294,1.5274388063434294,4.170185411829454,0.49561422165677094,3.3780203115591614,cs_102621,3,,True,phases,,18
14.04,13.933906672394414,,channel,snr_mrc,72,72,0.041666666666666664,0.5741374326264165,1.5274388063434294,7.518727739430168,0.49561422165677094,0.7556504815212598,cs_102621,3,,True,phases,,18
14.04,14.025243273520356,,channel,quality_mrc,72,72,0.041666666666666664,0.5312533162168888,1.5274388063434294,4.753446646871531,0.49561422165677094,0.10510488945614588,cs_102621,3,,True,phases,,18
14.04,13.49930164423127,,channel,best_tone,72,72,0.041666666666666664,0.6808672142639609,2.370971180759966,10.543963368666493,0.5325016803991187,3.851127890090663,cs_102621,3,,True,local_amplitudes,,19
14.04,13.959314003370867,,channel,equal_average,72,72,0.041666666666666664,0.6753782189995294,2.370971180759966,5.856054844781098,0.5325016803991187,0.5746865856775785,cs_102621,3,,True,local_amplitudes,,19
14.04,14.593232400280396,,channel,liu_weighted_median,72,72,0.041666666666666664,2.370971180759966,2.370971180759966,5.209092220371709,0.5325016803991187,3.940401711398837,cs_102621,3,,True,local_amplitudes,,19
14.04,13.97401818959543,,channel,snr_mrc,72,72,0.041666666666666664,0.6808672142639609,2.370971180759966,7.770054899585616,0.5325016803991187,0.46995591456245783,cs_102621,3,,True,local_amplitudes,,19
14.04,13.997035215346369,,channel,quality_mrc,72,72,0.041666666666666664,0.6808672142639609,2.370971180759966,7.0622053113711525,0.5325016803991187,0.3060169847124681,cs_102621,3,,True,local_amplitudes,,19
14.04,13.452172755717179,,channel,best_tone,72,72,0.013888888888888888,0.6498400139119266,2.114094093534801,7.8121088907684255,0.5192243209612222,4.186803734208124,cs_102621,3,,True,remote_amplitudes,,19
14.04,14.12673722540173,,channel,equal_average,72,72,0.013888888888888888,0.6498400139119266,2.114094093534801,6.576632370758379,0.5192243209612222,0.6177865057103309,cs_102621,3,,True,remote_amplitudes,,19
14.04,14.388824700668675,,channel,liu_weighted_median,72,72,0.013888888888888888,2.114094093534801,2.114094093534801,4.52508508295732,0.5192243209612222,2.484506415019057,cs_102621,3,,True,remote_amplitudes,,19
14.04,13.979041324619669,,channel,snr_mrc,72,72,0.013888888888888888,0.6498400139119266,2.114094093534801,10.740432404579042,0.5192243209612222,0.4341785995750044,cs_102621,3,,True,remote_amplitudes,,19
14.04,14.096007731251364,,channel,quality_mrc,72,72,0.013888888888888888,0.6498400139119266,2.114094093534801,7.453526655576954,0.5192243209612222,0.39891546475330836,cs_102621,3,,True,remote_amplitudes,,19
14.04,14.71177292847883,,channel,best_tone,72,72,0.06944444444444445,0.5596830328614555,1.5132191276821956,7.453408753427571,0.46343047841190615,4.784707467797938,cs_102621,3,,True,phases,,19
14.04,13.124728540043861,,channel,equal_average,72,72,0.06944444444444445,0.34375641484976277,1.5132191276821956,1.3901999247888062,0.46343047841190615,6.519027492565084,cs_102621,3,,True,phases,,19
14.04,14.20981723962925,,channel,liu_weighted_median,72,72,0.06944444444444445,1.5132191276821956,1.5132191276821956,3.9738581470719985,0.46343047841190615,1.2095244987838438,cs_102621,3,,True,phases,,19
14.04,13.26071333354255,,channel,snr_mrc,72,72,0.06944444444444445,0.5596830328614555,1.5132191276821956,7.033645259899622,0.46343047841190615,5.550474832318008,cs_102621,3,,True,phases,,19
14.04,13.463858794996723,,channel,quality_mrc,72,72,0.06944444444444445,0.4726532452992665,1.5132191276821956,3.6137055213368474,0.46343047841190615,4.103569836205673,cs_102621,3,,True,phases,,19
14.04,13.636499418940572,,channel,best_tone,72,72,0.041666666666666664,0.669893594725598,2.30468791100653,8.953461027321616,0.5217534666413544,2.8739357625315343,cs_102621,3,,True,local_amplitudes,,20
14.04,14.130778410424691,,channel,equal_average,72,72,0.041666666666666664,0.669893594725598,2.30468791100653,6.541050193337766,0.5217534666413544,0.6465698748197423,cs_102621,3,,True,local_amplitudes,,20
14.04,14.497534310119356,,channel,liu_weighted_median,72,72,0.041666666666666664,2.30468791100653,2.30468791100653,5.224496166251114,0.5217534666413544,3.2587913826165016,cs_102621,3,,True,local_amplitudes,,20
14.04,14.259860353766268,,channel,snr_mrc,72,72,0.041666666666666664,0.669893594725598,2.30468791100653,7.365110050798125,0.5217534666413544,1.565956935657183,cs_102621,3,,True,local_amplitudes,,20
14.04,14.179805087651205,,channel,quality_mrc,72,72,0.041666666666666664,0.669893594725598,2.30468791100653,7.033135702067441,0.5217534666413544,0.9957627325584492,cs_102621,3,,True,local_amplitudes,,20
14.04,13.590893192966579,,channel,best_tone,72,72,0.013888888888888888,0.6429764599705418,2.105624795461173,10.070461583308056,0.5049684271144875,3.1987664318619666,cs_102621,3,,True,remote_amplitudes,,20
14.04,14.056578970995412,,channel,equal_average,72,72,0.013888888888888888,0.6429764599705418,2.105624795461173,6.942388907158469,0.5049684271144875,0.11808383899866771,cs_102621,3,,True,remote_amplitudes,,20
14.04,14.497137954398058,,channel,liu_weighted_median,72,72,0.013888888888888888,2.105624795461173,2.105624795461173,4.3782482182474824,0.5049684271144875,3.2559683361685097,cs_102621,3,,True,remote_amplitudes,,20
14.04,14.08821465798632,,channel,snr_mrc,72,72,0.013888888888888888,0.6429764599705418,2.105624795461173,8.63625113839162,0.5049684271144875,0.34340924491681757,cs_102621,3,,True,remote_amplitudes,,20
14.04,14.09645218213428,,channel,quality_mrc,72,72,0.013888888888888888,0.6429764599705418,2.105624795461173,7.09052466560189,0.5049684271144875,0.40208106933248694,cs_102621,3,,True,remote_amplitudes,,20
14.04,14.48077080241173,,channel,best_tone,72,72,0.027777777777777776,0.5559662952554065,1.5525671639699,8.109612590208645,0.442746346395353,3.1393931795707304,cs_102621,3,,True,phases,,20
14.04,12.133443360549409,,channel,equal_average,72,72,0.027777777777777776,0.3788528678466641,1.5525671639699,1.8985305776756793,0.442746346395353,13.579463243950073,cs_102621,3,,True,phases,,20
14.04,13.923815452387057,,channel,liu_weighted_median,72,72,0.027777777777777776,1.5525671639699,1.5525671639699,3.682469990148298,0.442746346395353,0.8275252678984485,cs_102621,3,,True,phases,,20
14.04,12.90419157287094,,channel,snr_mrc,72,72,0.027777777777777776,0.5559662952554065,1.5525671639699,7.67021839471336,0.442746346395353,8.08980361203033,cs_102621,3,,True,phases,,20
14.04,12.745393888447412,,channel,quality_mrc,72,72,0.027777777777777776,0.4517852624588444,1.5525671639699,3.2196008871632835,0.442746346395353,9.220841250374557,cs_102621,3,,True,phases,,20
14.04,13.700793630679028,,channel,best_tone,72,72,0.027777777777777776,0.6650940736628936,2.3727875573697697,9.50165648548983,0.4959642457995753,2.415999781488398,cs_102621,3,,True,local_amplitudes,,21
14.04,14.222471039754236,,channel,equal_average,72,72,0.027777777777777776,0.6302258924490518,2.3727875573697697,5.104941174808804,0.4959642457995753,1.2996512803008322,cs_102621,3,,True,local_amplitudes,,21
14.04,14.354241113264168,,channel,liu_weighted_median,72,72,0.027777777777777776,2.3727875573697697,2.3727875573697697,5.183981388839269,0.4959642457995753,2.238184567408609,cs_102621,3,,True,local_amplitudes,,21
14.04,14.446348614658726,,channel,snr_mrc,72,72,0.027777777777777776,0.6254861008780834,2.3727875573697697,4.9906257930880855,0.4959642457995753,2.8942209021276852,cs_102621,3,,True,local_amplitudes,,21
14.04,14.264431625058853,,channel,quality_mrc,72,72,0.027777777777777776,0.6481559527147266,2.3727875573697697,5.5531647491286105,0.4959642457995753,1.598515847997533,cs_102621,3,,True,local_amplitudes,,21
14.04,13.694139212610382,,channel,best_tone,72,72,0.013888888888888888,0.6368996486773509,2.1510165863448028,10.522985544891455,0.48042905018286175,2.4633959215784667,cs_102621,3,,True,remote_amplitudes,,21
14.04,13.907527683401183,,channel,equal_average,72,72,0.013888888888888888,0.6351644666981366,2.1510165863448028,5.9510939275708505,0.48042905018286175,0.9435350185100885,cs_102621,3,,True,remote_amplitudes,,21
14.04,14.357372295276644,,channel,liu_weighted_median,72,72,0.013888888888888888,2.1510165863448028,2.1510165863448028,4.60138511560449,0.48042905018286175,2.2604864335943353,cs_102621,3,,True,remote_amplitudes,,21
14.04,14.039169305271017,,channel,snr_mrc,72,72,0.013888888888888888,0.6368996486773509,2.1510165863448028,6.6115533655408045,0.48042905018286175,0.0059166291238066295,cs_102621,3,,True,remote_amplitudes,,21
14.04,14.02675229699228,,channel,quality_mrc,72,72,0.013888888888888888,0.6368996486773509,2.1510165863448028,6.347467971390482,0.48042905018286175,0.09435685902934032,cs_102621,3,,True,remote_amplitudes,,21
14.04,10.755757450196379,,channel,best_tone,72,72,0.0,0.5428919934958027,1.5013950769381732,10.492152920988543,0.4262901660738712,23.39204095301724,cs_102621,3,,True,phases,,21
14.04,11.508612238122655,,channel,equal_average,72,72,0.0,0.39759473221765107,1.5013950769381732,2.356854679117728,0.4262901660738712,18.02982736379875,cs_102621,3,,True,phases,,21
14.04,13.782302708106583,,channel,liu_weighted_median,72,72,0.0,1.5013950769381732,1.5013950769381732,3.494288884366048,0.4262901660738712,1.8354507969616554,cs_102621,3,,True,phases,,21
14.04,12.385710092229285,,channel,snr_mrc,72,72,0.0,0.5428919934958027,1.5013950769381732,7.29265752233497,0.4262901660738712,11.782691650788562,cs_102621,3,,True,phases,,21
14.04,12.042777436562254,,channel,quality_mrc,72,72,0.0,0.4793612953185238,1.5013950769381732,4.1304734574199,0.4262901660738712,14.225231933317275,cs_102621,3,,True,phases,,21
14.04,13.667508015976361,,channel,best_tone,72,72,0.027777777777777776,0.6596826846785107,2.481614307794599,7.845019469833423,0.46273352110975025,2.65307680928517,cs_102621,3,,True,local_amplitudes,,22
14.04,14.239742653999354,,channel,equal_average,72,72,0.027777777777777776,0.5613145760359594,2.481614307794599,3.6962807938750983,0.46273352110975025,1.4226684757788801,cs_102621,3,,True,local_amplitudes,,22
14.04,14.444038813984466,,channel,liu_weighted_median,72,72,0.027777777777777776,2.481614307794599,2.481614307794599,4.9951861552275965,0.46273352110975025,2.877769330373699,cs_102621,3,,True,local_amplitudes,,22
14.04,14.399039746786755,,channel,snr_mrc,72,72,0.027777777777777776,0.6031794013649743,2.481614307794599,4.586543337794678,0.46273352110975025,2.5572631537518244,cs_102621,3,,True,local_amplitudes,,22
14.04,14.25519862138136,,channel,quality_mrc,72,72,0.027777777777777776,0.6044431148415875,2.481614307794599,4.615431401846202,0.46273352110975025,1.5327537135424607,cs_102621,3,,True,local_amplitudes,,22
14.04,13.739471441466627,,channel,best_tone,72,72,0.0,0.6287461076232483,2.1815716114739407,10.605543889191214,0.4557392635909242,2.140516798670743,cs_102621,3,,True,remote_amplitudes,,22
14.04,13.684513163711744,,channel,equal_average,72,72,0.0,0.6189362622283151,2.1815716114739407,5.72351869288624,0.4557392635909242,2.5319575234206235,cs_102621,3,,True,remote_amplitudes,,22
14.04,14.294075460813382,,channel,liu_weighted_median,72,72,0.0,2.1815716114739407,2.1815716114739407,4.754034684434754,0.4557392635909242,1.8096542792975956,cs_102621,3,,True,remote_amplitudes,,22
14.04,14.193631795310049,,channel,snr_mrc,72,72,0.0,0.6038640747847844,2.1815716114739407,5.31548505740694,0.4557392635909242,1.094243556339385,cs_102621,3,,True,remote_amplitudes,,22
14.04,13.874454778803145,,channel,quality_mrc,72,72,0.0,0.6287461076232483,2.1815716114739407,6.737965531556217,0.4557392635909242,1.1790970170716129,cs_102621,3,,True,remote_amplitudes,,22
14.04,10.978854651517736,,channel,best_tone,72,72,0.0,0.52984993257845,1.4322814392523397,8.405163695057698,0.4154227511751667,21.80302954759447,cs_102621,3,,True,phases,,22
14.04,11.489508614419426,,channel,equal_average,72,72,0.0,0.39963245114230106,1.4322814392523397,2.5743929679716393,0.4154227511751667,18.165893059690692,cs_102621,3,,True,phases,,22
14.04,13.317542800778156,,channel,liu_weighted_median,72,72,0.0,1.4322814392523397,1.4322814392523397,3.486617147762116,0.4154227511751667,5.1457065471641235,cs_102621,3,,True,phases,,22
14.04,12.022488933660632,,channel,snr_mrc,72,72,0.0,0.52984993257845,1.4322814392523397,6.498301333867231,0.4154227511751667,14.36973693973908,cs_102621,3,,True,phases,,22
14.04,11.69232668348625,,channel,quality_mrc,72,72,0.0,0.4883997934636616,1.4322814392523397,4.699146827450588,0.4154227511751667,16.721319918189096,cs_102621,3,,True,phases,,22
14.04,13.58161596313897,,channel,best_tone,72,72,0.0,0.6476396127454187,2.364002633639094,7.449931207498926,0.45963410771814733,3.2648435673862433,cs_102621,3,,True,local_amplitudes,,23
14.04,14.222063196469996,,channel,equal_average,72,72,0.0,0.5023858699027148,2.364002633639094,2.8006786771564,0.45963410771814733,1.2967464136039675,cs_102621,3,,True,local_amplitudes,,23
14.04,14.589328080281971,,channel,liu_weighted_median,72,72,0.0,2.364002633639094,2.364002633639094,4.953076838014146,0.45963410771814733,3.9125931644015113,cs_102621,3,,True,local_amplitudes,,23
14.04,14.121523097729051,,channel,snr_mrc,72,72,0.0,0.5576738057495596,2.364002633639094,3.830820253371199,0.45963410771814733,0.5806488442240185,cs_102621,3,,True,local_amplitudes,,23
14.04,14.091494533279873,,channel,quality_mrc,72,72,0.0,0.5336116636554903,2.364002633639094,3.356038841132623,0.45963410771814733,0.36677018005607925,cs_102621,3,,True,local_amplitudes,,23
14.04,13.739482982041862,,channel,best_tone,72,72,0.0,0.6077037643621056,2.043603959701142,8.176341041860415,0.43927757728692945,2.1404346008414343,cs_102621,3,,True,remote_amplitudes,,23
14.04,13.450597720186321,,channel,equal_average,72,72,0.0,0.5787213140571084,2.043603959701142,5.181838857236231,0.43927757728692945,4.1980219359948565,cs_102621,3,,True,remote_amplitudes,,23
14.04,14.478550316277497,,channel,liu_weighted_median,72,72,0.0,2.043603959701142,2.043603959701142,4.793251555283957,0.43927757728692945,3.123577751264229,cs_102621,3,,True,remote_amplitudes,,23
14.04,14.077446234436856,,channel,snr_mrc,72,72,0.0,0.5786989179853887,2.043603959701142,5.181237280929454,0.43927757728692945,0.2667110714875832,cs_102621,3,,True,remote_amplitudes,,23
14.04,13.68088799941165,,channel,quality_mrc,72,72,0.0,0.594149385964749,2.043603959701142,5.607411508327989,0.43927757728692945,2.5577777819682948,cs_102621,3,,True,remote_amplitudes,,23
14.04,11.21249776829464,,channel,best_tone,72,72,0.0,0.5210428755612729,1.4057487813115712,6.833439397609262,0.40250628080856277,20.13890478422621,cs_102621,3,,True,phases,,23
14.04,11.630546456052942,,channel,equal_average,72,72,0.0,0.3890033171844759,1.4057487813115712,2.49684037624807,0.40250628080856277,17.161350028112945,cs_102621,3,,True,phases,,23
14.04,12.959102547560306,,channel,liu_weighted_median,72,72,0.0,1.4057487813115712,1.4057487813115712,3.438943315922274,0.40250628080856277,7.698699803701518,cs_102621,3,,True,phases,,23
14.04,11.568257789957462,,channel,snr_mrc,72,72,0.0,0.459445194748536,1.4057487813115712,4.113694210465936,0.40250628080856277,17.60500149602947,cs_102621,3,,True,phases,,23
14.04,11.73748249422446,,channel,quality_mrc,72,72,0.0,0.4523132934948714,1.4057487813115712,3.9250836797588433,0.40250628080856277,16.39969733458361,cs_102621,3,,True,phases,,23
14.04,13.46513963779844,,channel,best_tone,72,72,0.0,0.6366760197014137,2.343096099945077,6.317025223827527,0.44058059773438213,4.094447024227626,cs_102621,3,,True,local_amplitudes,,24
14.04,14.318254292149195,,channel,equal_average,72,72,0.0,0.4567926083139034,2.343096099945077,2.215914379717794,0.44058059773438213,1.981868177700826,cs_102621,3,,True,local_amplitudes,,24
14.04,14.953748472532325,,channel,liu_weighted_median,72,72,0.0,2.343096099945077,2.343096099945077,4.883168795407989,0.44058059773438213,6.508180003791497,cs_102621,3,,True,local_amplitudes,,24
14.04,13.903092672680405,,channel,snr_mrc,72,72,0.0,0.5257605272142714,2.343096099945077,3.37877836397372,0.44058059773438213,0.9751234139572253,cs_102621,3,,True,local_amplitudes,,24
14.04,14.001758793166807,,channel,quality_mrc,72,72,0.0,0.4880382470263313,2.343096099945077,2.702448013911087,0.44058059773438213,0.2723732680426756,cs_102621,3,,True,local_amplitudes,,24
14.04,13.698575898180232,,channel,best_tone,72,72,0.0,0.5965855050498222,1.9677472457644996,8.530734433419102,0.43162716532554335,2.431795597006886,cs_102621,3,,True,remote_amplitudes,,24
14.04,13.247013835344363,,channel,equal_average,72,72,0.0,0.5166907638074998,1.9677472457644996,3.8978511769010518,0.43162716532554335,5.648049605809372,cs_102621,3,,True,remote_amplitudes,,24
14.04,14.50903838269883,,channel,liu_weighted_median,72,72,0.0,1.9677472457644996,1.9677472457644996,4.422861418414445,0.43162716532554335,3.3407292215016398,cs_102621,3,,True,remote_amplitudes,,24
14.04,13.812091589320197,,channel,snr_mrc,72,72,0.0,0.5636464566874779,1.9677472457644996,5.06003478081874,0.43162716532554335,1.6232792783461707,cs_102621,3,,True,remote_amplitudes,,24
14.04,13.501237440755123,,channel,quality_mrc,72,72,0.0,0.5611522856739108,1.9677472457644996,4.993158670497947,0.43162716532554335,3.837340165561798,cs_102621,3,,True,remote_amplitudes,,24
14.04,11.455557735294013,,channel,best_tone,72,72,0.0,0.4919855714211242,1.3325464207163629,5.544907193886319,0.3868046726998541,18.407708438076824,cs_102621,3,,True,phases,,24
14.04,11.896886724158184,,channel,equal_average,72,72,0.0,0.36010103739339167,1.3325464207163629,2.1742541130823216,0.3868046726998541,15.264339571522898,cs_102621,3,,True,phases,,24
14.04,12.911483094213976,,channel,liu_weighted_median,72,72,0.0,1.3325464207163629,1.3325464207163629,3.2939851786329237,0.3868046726998541,8.03786969933065,cs_102621,3,,True,phases,,24
14.04,11.555780689855977,,channel,snr_mrc,72,72,0.0,0.3960401151826107,1.3325464207163629,2.892375786854581,0.3868046726998541,17.69386973037053,cs_102621,3,,True,phases,,24
14.04,11.85653460695682,,channel,quality_mrc,72,72,0.0,0.3737147196476825,1.3325464207163629,2.4302882912450654,0.3868046726998541,15.551747813697853,cs_102621,3,,True,phases,,24
14.04,14.387594040827386,,channel,best_tone,72,72,0.0,0.6223603570552751,2.24900708633111,9.088968484142042,0.42874091586934954,2.4757410315340938,cs_102621,3,,True,local_amplitudes,,25
14.04,14.689159001048656,,channel,equal_average,72,72,0.0,0.4197720380016707,2.24900708633111,1.8410517830743565,0.42874091586934954,4.62363960860867,cs_102621,3,,True,local_amplitudes,,25
14.04,15.141794554927543,,channel,liu_weighted_median,72,72,0.0,2.24900708633111,2.24900708633111,4.672962421546176,0.42874091586934954,7.847539565010997,cs_102621,3,,True,local_amplitudes,,25
14.04,13.61759671106,,channel,snr_mrc,72,72,0.0,0.49956511622278355,2.24900708633111,3.103143081040753,0.42874091586934954,3.008570434045584,cs_102621,3,,True,local_amplitudes,,25
14.04,14.28320459451046,,channel,quality_mrc,72,72,0.0,0.45289762314908305,2.24900708633111,2.312201139750824,0.42874091586934954,1.732226456627214,cs_102621,3,,True,local_amplitudes,,25
14.04,13.666027756101533,,channel,best_tone,72,72,0.0,0.5951505789068443,1.955425207012902,8.185831516984102,0.4312204646094172,2.6636199707867956,cs_102621,3,,True,remote_amplitudes,,25
14.04,13.234788051391126,,channel,equal_average,72,72,0.0,0.49840811934644785,1.955425207012902,3.523919631458538,0.4312204646094172,5.735127839094538,cs_102621,3,,True,remote_amplitudes,,25
14.04,14.584853176629963,,channel,liu_weighted_median,72,72,0.0,1.955425207012902,1.955425207012902,4.205376753944277,0.4312204646094172,3.8807206312675486,cs_102621,3,,True,remote_amplitudes,,25
14.04,13.765481318786108,,channel,snr_mrc,72,72,0.0,0.5199850842914729,1.955425207012902,4.001688946360577,0.4312204646094172,1.9552612622072019,cs_102621,3,,True,remote_amplitudes,,25
14.04,13.494965433924577,,channel,quality_mrc,72,72,0.0,0.5316282724143806,1.955425207012902,4.276563020562602,0.4312204646094172,3.882012578884775,cs_102621,3,,True,remote_amplitudes,,25
14.04,11.667495705739071,,channel,best_tone,72,72,0.0,0.5021452007217682,1.319978880931409,5.927209418014141,0.38840242779017464,16.898178734052195,cs_102621,3,,True,phases,,25
14.04,12.242326497160947,,channel,equal_average,72,72,0.0,0.3374460183935071,1.319978880931409,1.7987683921376982,0.38840242779017464,12.803942327913475,cs_102621,3,,True,phases,,25
14.04,12.88162922929975,,channel,liu_weighted_median,72,72,0.0,1.319978880931409,1.319978880931409,2.9769377771692493,0.38840242779017464,8.250504064816596,cs_102621,3,,True,phases,,25
14.04,11.99894820405097,,channel,snr_mrc,72,72,0.0,0.33526834327999855,1.319978880931409,1.7641681139593965,0.38840242779017464,14.537405954052913,cs_102621,3,,True,phases,,25
14.04,12.215946775846177,,channel,quality_mrc,72,72,0.0,0.33476875772624,1.319978880931409,1.7562934643150305,0.38840242779017464,12.991832080867677,cs_102621,3,,True,phases,,25
16.17,17.904469481668833,,channel,best_tone,72,72,0.0,0.4742141913127289,1.341834845131575,5.069479699736208,0.376246464267182,10.726465563814665,cs_102621,4a,,True,local_amplitudes,,0
16.17,17.532700455550295,,channel,equal_average,72,72,0.0,0.47024078557175664,1.341834845131575,4.94311405767366,0.376246464267182,8.427337387447697,cs_102621,4a,,True,local_amplitudes,,0
16.17,16.302479308606458,,channel,liu_weighted_median,72,72,0.0,1.341834845131575,1.341834845131575,2.6674167787802507,0.376246464267182,0.819290714944069,cs_102621,4a,,True,local_amplitudes,,0
16.17,16.98738573968277,,channel,snr_mrc,72,72,0.0,0.457219331282319,1.341834845131575,4.543740300796947,0.376246464267182,5.054952007933023,cs_102621,4a,,True,local_amplitudes,,0
16.17,17.058456157045082,,channel,quality_mrc,72,72,0.0,0.4488365471331979,1.341834845131575,4.29837584380166,0.376246464267182,5.494472214255291,cs_102621,4a,,True,local_amplitudes,,0
16.17,14.118756644298637,,channel,best_tone,72,72,0.0,0.48043863478917587,1.208582422127114,7.4256206835079865,0.36702655765031716,12.685487666675105,cs_102621,4a,,True,remote_amplitudes,,0
16.17,14.705253814261193,,channel,equal_average,72,72,0.0,0.3114491799646924,1.208582422127114,1.6345531727247282,0.36702655765031716,9.058417969936976,cs_102621,4a,,True,remote_amplitudes,,0
16.17,15.093112516901222,,channel,liu_weighted_median,72,72,0.0,1.208582422127114,1.208582422127114,3.110000741685618,0.36702655765031716,6.659786537407419,cs_102621,4a,,True,remote_amplitudes,,0
16.17,15.043096285952876,,channel,snr_mrc,72,72,0.0,0.42630742556029655,1.208582422127114,4.191854211702996,0.36702655765031716,6.969101509258663,cs_102621,4a,,True,remote_amplitudes,,0
16.17,14.929645110141514,,channel,quality_mrc,72,72,0.0,0.36414549999283813,1.208582422127114,2.612536219200311,0.36702655765031716,7.670716696712969,cs_102621,4a,,True,remote_amplitudes,,0
16.17,10.398457235531746,,channel,best_tone,72,72,0.0,0.5199255272677364,1.3674180903511723,8.23919734770861,0.411132768721259,35.692905160595274,cs_102621,4a,,True,phases,,0
16.17,6.948957901605119,,channel,equal_average,72,72,0.0,0.4798245739385194,1.3674180903511723,4.716016182481045,0.411132768721259,57.02561594554657,cs_102621,4a,,True,phases,,0
16.17,12.959609925565946,,channel,liu_weighted_median,72,72,0.0,1.3674180903511723,1.3674180903511723,2.910115589187957,0.411132768721259,19.85398932859651,cs_102621,4a,,True,phases,,0
16.17,7.799166762623476,,channel,snr_mrc,72,72,0.0,0.3958729699301472,1.3674180903511723,2.6484719366720726,0.411132768721259,51.76767617425186,cs_102621,4a,,True,phases,,0
16.17,7.088606109462656,,channel,quality_mrc,72,72,0.0,0.4458415233961084,1.3674180903511723,3.7832877099877154,0.411132768721259,56.161990665042325,cs_102621,4a,,True,phases,,0
16.17,16.71442195957364,,channel,best_tone,72,72,0.0,0.4920569610868176,1.3487277649259475,5.6018514360482925,0.37844388931473916,3.3668643139990095,cs_102621,4a,,True,local_amplitudes,,1
16.17,17.082069421366413,,channel,equal_average,72,72,0.0,0.503448751199828,1.3487277649259475,6.035369735103983,0.37844388931473916,5.640503533496665,cs_102621,4a,,True,local_amplitudes,,1
16.17,16.495172138910913,,channel,liu_weighted_median,72,72,0.0,1.3487277649259475,1.3487277649259475,2.8008555649344444,0.37844388931473916,2.0109594243099034,cs_102621,4a,,True,local_amplitudes,,1
16.17,16.739448896837118,,channel,snr_mrc,72,72,0.0,0.49664443301296374,1.3487277649259475,5.759995734553256,0.37844388931473916,3.521638199363735,cs_102621,4a,,True,local_amplitudes,,1
16.17,16.793881903506552,,channel,quality_mrc,72,72,0.0,0.49486865802786806,1.3487277649259475,5.698430999692581,0.37844388931473916,3.8582678015247387,cs_102621,4a,,True,local_amplitudes,,1
16.17,13.928638779681052,,channel,best_tone,72,72,0.0,0.48850590552827944,1.2807882998951807,6.841054047144536,0.36407603640444997,13.861232036604514,cs_102621,4a,,True,remote_amplitudes,,1
16.17,14.075475295574446,,channel,equal_average,72,72,0.0,0.3680439735335488,1.2807882998951807,2.5659070982945797,0.36407603640444997,12.953152160949632,cs_102621,4a,,True,remote_amplitudes,,1
16.17,15.593162275345183,,channel,liu_weighted_median,72,72,0.0,1.2807882998951807,1.2807882998951807,3.0551433675427524,0.36407603640444997,3.5673328673767406,cs_102621,4a,,True,remote_amplitudes,,1
16.17,14.533881235894567,,channel,snr_mrc,72,72,0.0,0.40176659039290635,1.2807882998951807,3.337822622331712,0.36407603640444997,10.118236017968055,cs_102621,4a,,True,remote_amplitudes,,1
16.17,14.437024937287601,,channel,quality_mrc,72,72,0.0,0.3812174450009132,1.2807882998951807,2.8514127979263324,0.36407603640444997,10.717223640769328,cs_102621,4a,,True,remote_amplitudes,,1
16.17,10.543391083783778,,channel,best_tone,72,72,0.0,0.5246723162347328,1.345370365045292,7.7282821260741175,0.429420312272007,34.79659193702055,cs_102621,4a,,True,phases,,1
16.17,6.683798391765528,,channel,equal_average,72,72,0.0,0.4780825825127118,1.345370365045292,4.539369826639298,0.429420312272007,58.66543975407838,cs_102621,4a,,True,phases,,1
16.17,12.892169324755349,,channel,liu_weighted_median,72,72,0.0,1.345370365045292,1.345370365045292,2.6460483423250696,0.429420312272007,20.27106168982469,cs_102621,4a,,True,phases,,1
16.17,7.013199975888175,,channel,snr_mrc,72,72,0.0,0.4416344217649506,1.345370365045292,3.578290112131977,0.429420312272007,56.62832420601006,cs_102621,4a,,True,phases,,1
16.17,6.735844511320882,,channel,quality_mrc,72,72,0.0,0.49361006218544917,1.345370365045292,4.996188480219206,0.429420312272007,58.3435713585598,cs_102621,4a,,True,phases,,1
16.17,16.184350903440652,,channel,best_tone,72,72,0.0,0.4949909360692322,1.3134504264884392,5.769750184915538,0.38408936801190197,0.08875017588528507,cs_102621,4a,,True,local_amplitudes,,2
16.17,16.330032042987366,,channel,equal_average,72,72,0.0,0.3829618638019839,1.3134504264884392,2.6719717031985395,0.38408936801190197,0.9896848669595797,cs_102621,4a,,True,local_amplitudes,,2
16.17,16.513650444969013,,channel,liu_weighted_median,72,72,0.0,1.3134504264884392,1.3134504264884392,3.0412573512302696,0.38408936801190197,2.1252346627644476,cs_102621,4a,,True,local_amplitudes,,2
16.17,16.404799389181402,,channel,snr_mrc,72,72,0.0,0.49180984648658227,1.3134504264884392,5.659224578124666,0.38408936801190197,1.4520679603055078,cs_102621,4a,,True,local_amplitudes,,2
16.17,16.404464710433274,,channel,quality_mrc,72,72,0.0,0.4734063829430254,1.3134504264884392,5.047398541840273,0.38408936801190197,1.4499982092348311,cs_102621,4a,,True,local_amplitudes,,2
16.17,13.904844088287671,,channel,best_tone,72,72,0.0,0.5074435071473927,1.4164009537192592,7.093506990713998,0.369008933887078,14.00838535381775,cs_102621,4a,,True,remote_amplitudes,,2
16.17,13.290213502716833,,channel,equal_average,72,72,0.0,0.38395565739951915,1.4164009537192592,2.5991501186766754,0.369008933887078,17.8094403047815,cs_102621,4a,,True,remote_amplitudes,,2
16.17,15.599318052525707,,channel,liu_weighted_median,72,72,0.0,1.4164009537192592,1.4164009537192592,3.199667668699916,0.369008933887078,3.529263744429777,cs_102621,4a,,True,remote_amplitudes,,2
16.17,13.615508446475943,,channel,snr_mrc,72,72,0.0,0.4106107920396387,1.4164009537192592,3.1789172978260405,0.369008933887078,15.797721419443779,cs_102621,4a,,True,remote_amplitudes,,2
16.17,13.686467233480247,,channel,quality_mrc,72,72,0.0,0.4312863403679097,1.4164009537192592,3.683708539042152,0.369008933887078,15.358891567840164,cs_102621,4a,,True,remote_amplitudes,,2
16.17,10.693440288832948,,channel,best_tone,72,72,0.0,0.5288293802255329,1.346679598273048,9.915324834796877,0.43928101727918006,33.86864385384696,cs_102621,4a,,True,phases,,2
16.17,6.357020547945206,,channel,equal_average,72,72,0.0,0.4529374927121511,1.346679598273048,3.7698089358533453,0.43928101727918006,60.686329326251055,cs_102621,4a,,True,phases,,2
16.17,12.640523584033428,,channel,liu_weighted_median,72,72,0.0,1.346679598273048,1.346679598273048,2.4997657764498986,0.43928101727918006,21.82731240548283,cs_102621,4a,,True,phases,,2
16.17,6.677661023327732,,channel,snr_mrc,72,72,0.0,0.4861529960027804,1.346679598273048,4.661475694005844,0.43928101727918006,58.703395031986815,cs_102621,4a,,True,phases,,2
16.17,6.357020547945206,,channel,quality_mrc,72,72,0.0,0.4656754237163415,1.346679598273048,4.0968916627213305,0.43928101727918006,60.686329326251055,cs_102621,4a,,True,phases,,2
16.17,17.76808706436227,,channel,best_tone,72,72,0.0,0.48227689392539197,1.3555363015520068,5.118146534700718,0.38804021718097365,9.883036885357253,cs_102621,4a,,True,local_amplitudes,,3
16.17,15.529228854526059,,channel,equal_average,72,72,0.0,0.4663568923825353,1.3555363015520068,4.62784227672556,0.38804021718097365,3.9627158037968027,cs_102621,4a,,True,local_amplitudes,,3
16.17,16.403947843603294,,channel,liu_weighted_median,72,72,0.0,1.3555363015520068,1.3555363015520068,3.2261696619268725,0.38804021718097365,1.446801753885545,cs_102621,4a,,True,local_amplitudes,,3
16.17,16.020254696765278,,channel,snr_mrc,72,72,0.0,0.4865355619311948,1.3555363015520068,5.254932211437038,0.38804021718097365,0.9260686656445503,cs_102621,4a,,True,local_amplitudes,,3
16.17,15.980311012600579,,channel,quality_mrc,72,72,0.0,0.48001891497358856,1.3555363015520068,5.046594417571729,0.38804021718097365,1.173092068023642,cs_102621,4a,,True,local_amplitudes,,3
16.17,16.924505927274048,,channel,best_tone,72,72,0.0,0.5033693319122895,1.371083547589653,6.907710938488264,0.3720971373477437,4.666084893469671,cs_102621,4a,,True,remote_amplitudes,,3
16.17,12.616093352022508,,channel,equal_average,72,72,0.0,0.4581395804082508,1.371083547589653,4.523602490688884,0.3720971373477437,21.97839609138833,cs_102621,4a,,True,remote_amplitudes,,3
16.17,15.530014820281373,,channel,liu_weighted_median,72,72,0.0,1.371083547589653,1.371083547589653,3.239325446972776,0.3720971373477437,3.957855162143652,cs_102621,4a,,True,remote_amplitudes,,3
16.17,12.861660825585153,,channel,snr_mrc,72,72,0.0,0.4192150342996143,1.371083547589653,3.4657843903201,0.3720971373477437,20.459735154080697,cs_102621,4a,,True,remote_amplitudes,,3
16.17,13.022105708746768,,channel,quality_mrc,72,72,0.0,0.43922242938697487,1.371083547589653,3.986066341503389,0.3720971373477437,19.467497162976088,cs_102621,4a,,True,remote_amplitudes,,3
16.17,10.901712631614847,,channel,best_tone,72,72,0.0,0.5242234411415592,1.327290664079457,9.678369266307593,0.43415345596358157,32.58062689168308,cs_102621,4a,,True,phases,,3
16.17,6.617584403218855,,channel,equal_average,72,72,0.0,0.4300082472379071,1.327290664079457,3.3115574589702597,0.43415345596358157,59.07492638702008,cs_102621,4a,,True,phases,,3
16.17,12.53800135188132,,channel,liu_weighted_median,72,72,0.0,1.327290664079457,1.327290664079457,2.4690712963681354,0.43415345596358157,22.461339815205204,cs_102621,4a,,True,phases,,3
16.17,6.357020547945206,,channel,snr_mrc,72,72,0.0,0.3961352914867515,1.327290664079457,2.589002949421653,0.43415345596358157,60.686329326251055,cs_102621,4a,,True,phases,,3
16.17,6.357020547945206,,channel,quality_mrc,72,72,0.0,0.4283718544326109,1.327290664079457,3.2738948350490573,0.43415345596358157,60.686329326251055,cs_102621,4a,,True,phases,,3
16.17,17.83266544806335,,channel,best_tone,72,72,0.0,0.5104988834326408,1.389637497791546,8.319209234745081,0.3829506900089038,10.282408460503072,cs_102621,4a,,True,local_amplitudes,,4
16.17,15.045408277927164,,channel,equal_average,72,72,0.0,0.5104988834326408,1.389637497791546,7.647193044566063,0.3829506900089038,6.954803476022496,cs_102621,4a,,True,local_amplitudes,,4
16.17,16.405297126308895,,channel,liu_weighted_median,72,72,0.0,1.389637497791546,1.389637497791546,3.8726481021608956,0.3829506900089038,1.4551461119906814,cs_102621,4a,,True,local_amplitudes,,4
16.17,15.581201675405582,,channel,snr_mrc,72,72,0.0,0.4585007231889251,1.389637497791546,4.346972931273115,0.3829506900089038,3.6413007086853395,cs_102621,4a,,True,local_amplitudes,,4
16.17,15.534802508031522,,channel,quality_mrc,72,72,0.0,0.4904777804748746,1.389637497791546,5.321387367570512,0.3829506900089038,3.9282467035774884,cs_102621,4a,,True,local_amplitudes,,4
16.17,16.77570674517147,,channel,best_tone,72,72,0.0,0.5095947156099243,1.346832375217037,7.5733478652193975,0.3930259185030723,3.7458673170777197,cs_102621,4a,,True,remote_amplitudes,,4
16.17,12.481286995611967,,channel,equal_average,72,72,0.0,0.4489257904007011,1.346832375217037,4.102042643577788,0.3930259185030723,22.812077949214807,cs_102621,4a,,True,remote_amplitudes,,4
16.17,15.434950270684682,,channel,liu_weighted_median,72,72,0.0,1.346832375217037,1.346832375217037,3.316407288434599,0.3930259185030723,4.545762086056396,cs_102621,4a,,True,remote_amplitudes,,4
16.17,13.047471204759171,,channel,snr_mrc,72,72,0.0,0.4476824328215311,1.346832375217037,4.068053554448373,0.3930259185030723,19.31062953148318,cs_102621,4a,,True,remote_amplitudes,,4
16.17,13.111187336861876,,channel,quality_mrc,72,72,0.0,0.45726491725502316,1.346832375217037,4.334910644406237,0.3930259185030723,18.91659037191172,cs_102621,4a,,True,remote_amplitudes,,4
16.17,11.084294915895796,,channel,best_tone,72,72,0.0,0.5124325776873496,1.2622875840525576,14.169833824028451,0.42639477766726286,31.451484750180608,cs_102621,4a,,True,phases,,4
16.17,6.609043983079709,,channel,equal_average,72,72,0.0,0.3774401848099956,1.2622875840525576,2.3976482119740345,0.42639477766726286,59.12774283809705,cs_102621,4a,,True,phases,,4
16.17,11.852644300602906,,channel,liu_weighted_median,72,72,0.0,1.2622875840525576,1.2622875840525576,2.6910970938892587,0.42639477766726286,26.69978787505934,cs_102621,4a,,True,phases,,4
16.17,6.357020547945206,,channel,snr_mrc,72,72,0.0,0.3597560341612162,1.2622875840525576,2.076181492988448,0.42639477766726286,60.686329326251055,cs_102621,4a,,True,phases,,4
16.17,6.357020547945206,,channel,quality_mrc,72,72,0.0,0.38017198716428396,1.2622875840525576,2.4500863620170183,0.42639477766726286,60.686329326251055,cs_102621,4a,,True,phases,,4
16.17,17.915197304445275,,channel,best_tone,72,72,0.0,0.5240249486622419,1.504620715334843,17.99410888623,0.38255056420193456,10.792809551300392,cs_102621,4a,,True,local_amplitudes,,5
16.17,14.799478170336723,,channel,equal_average,72,72,0.0,0.5240249486622419,1.504620715334843,6.184642910344547,0.38255056420193456,8.475707048010381,cs_102621,4a,,True,local_amplitudes,,5
16.17,16.303605419635947,,channel,liu_weighted_median,72,72,0.0,1.504620715334843,1.504620715334843,4.930154149405212,0.38255056420193456,0.826254914260636,cs_102621,4a,,True,local_amplitudes,,5
16.17,16.14583734771107,,channel,snr_mrc,72,72,0.0,0.4579617855863175,1.504620715334843,4.004820709928734,0.38255056420193456,0.14942889479859406,cs_102621,4a,,True,local_amplitudes,,5
16.17,15.353715826114412,,channel,quality_mrc,72,72,0.0,0.48657069375966966,1.504620715334843,4.803227989798722,0.38255056420193456,5.048139603497773,cs_102621,4a,,True,local_amplitudes,,5
16.17,16.595034045667838,,channel,best_tone,72,72,0.0,0.5062482084722262,1.3434189406641357,5.696110617292947,0.4069226443166424,2.628534605243264,cs_102621,4a,,True,remote_amplitudes,,5
16.17,12.709741833370604,,channel,equal_average,72,72,0.0,0.43236923357817414,1.3434189406641357,3.5485609210517435,0.4069226443166424,21.399246546873208,cs_102621,4a,,True,remote_amplitudes,,5
16.17,15.294368452021454,,channel,liu_weighted_median,72,72,0.0,1.3434189406641357,1.3434189406641357,3.007574371037133,0.4069226443166424,5.4151610883027095,cs_102621,4a,,True,remote_amplitudes,,5
16.17,13.571674380927481,,channel,snr_mrc,72,72,0.0,0.5059314680260066,1.3434189406641357,5.685425779237337,0.4069226443166424,16.068804075896846,cs_102621,4a,,True,remote_amplitudes,,5
16.17,13.253447817592678,,channel,quality_mrc,72,72,0.0,0.4767435132194596,1.3434189406641357,4.757100146691672,0.4069226443166424,18.03681003344047,cs_102621,4a,,True,remote_amplitudes,,5
16.17,11.251259945342738,,channel,best_tone,72,72,0.0,0.5039721355729072,1.2315162991280983,13.081515747163225,0.4157568397065716,30.418924271226118,cs_102621,4a,,True,phases,,5
16.17,6.5986005253330475,,channel,equal_average,72,72,0.0,0.350640215783637,1.2315162991280983,2.0207698321049277,0.4157568397065716,59.19232822923286,cs_102621,4a,,True,phases,,5
16.17,11.938944088777886,,channel,liu_weighted_median,72,72,0.0,1.2315162991280983,1.2315162991280983,2.9727958663266825,0.4157568397065716,26.16608479419985,cs_102621,4a,,True,phases,,5
16.17,13.34585740995944,,channel,snr_mrc,72,72,0.0,0.3532869256937361,1.2315162991280983,2.0668757582067863,0.4157568397065716,17.465322140015843,cs_102621,4a,,True,phases,,5
16.17,6.357020547945206,,channel,quality_mrc,72,72,0.0,0.33936590162172986,1.2315162991280983,1.8320456290299862,0.4157568397065716,60.686329326251055,cs_102621,4a,,True,phases,,5
