bpm_gt,bpm_pred,failure_reason,level,method,n_tones,n_valid_tones,outlier_frac,quality,quality_pr,quality_snr,quality_stability,rel_err_pct,scenario,segment,selected_variable,valid,variable,variables_used,window_index
8.675,11.835364651774261,,variable,variable_equal_average,nan,nan,nan,0.4860915089711719,nan,nan,nan,36.43071644696554,cs_091339,1a,,True,local+remote+phase,"local_amplitudes,remote_amplitudes,phases",0
8.675,11.855098033189556,,variable,variable_quality_weighted,nan,nan,nan,0.4860915089711719,nan,nan,nan,36.65819058431764,cs_091339,1a,,True,local+remote+phase,"local_amplitudes,remote_amplitudes,phases",0
8.675,11.851675026623077,,variable,variable_weighted_median,nan,nan,nan,0.4860915089711719,nan,nan,nan,36.618732295366875,cs_091339,1a,,True,local+remote+phase,"local_amplitudes,remote_amplitudes,phases",0
8.675,9.13465011880768,,variable,variable_mrc,nan,nan,nan,0.4860915089711719,nan,nan,nan,5.298560447350778,cs_091339,1a,,True,local+remote+phase,"local_amplitudes,remote_amplitudes,phases",0
8.675,14.48530828437561,,variable,adaptive_selection,nan,nan,nan,0.4860915089711719,nan,nan,nan,66.97761711095802,cs_091339,1a,remote_amplitudes,True,local+remote+phase,"local_amplitudes,remote_amplitudes,phases",0
8.675,10.497337152759222,,hierarchical,best_tone__adaptive_selection,nan,nan,nan,0.5293739370224636,nan,nan,nan,21.0067683315184,cs_091339,1a,remote_amplitudes,True,local+remote+phase,"local_amplitudes,remote_amplitudes,phases",0
8.675,11.297438834571128,,hierarchical,liu_weighted_median__variable_weighted_median,nan,nan,nan,1.4623920242822435,nan,nan,nan,30.229842473442393,cs_091339,1a,,True,local+remote+phase,"local_amplitudes,remote_amplitudes,phases",0
8.675,9.110870812163762,,hierarchical,snr_mrc__variable_mrc,nan,nan,nan,0.5127902485613034,nan,nan,nan,5.0244474024641095,cs_091339,1a,,True,local+remote+phase,"local_amplitudes,remote_amplitudes,phases",0
8.675,11.855098033189556,,hierarchical,hierarchical_quality_fusion,nan,nan,nan,0.4860915089711719,nan,nan,nan,36.65819058431764,cs_091339,1a,,True,local+remote+phase,"local_amplitudes,remote_amplitudes,phases",0
8.675,11.973325924341907,,variable,variable_equal_average,nan,nan,nan,0.4761815523809456,nan,nan,nan,38.02104811921506,cs_091339,1a,,True,local+remote+phase,"local_amplitudes,remote_amplitudes,phases",1
8.675,11.996357145730856,,variable,variable_quality_weighted,nan,nan,nan,0.4761815523809456,nan,nan,nan,38.28653770294934,cs_091339,1a,,True,local+remote+phase,"local_amplitudes,remote_amplitudes,phases",1
8.675,12.31762847339777,,variable,variable_weighted_median,nan,nan,nan,0.4761815523809456,nan,nan,nan,41.989953583835955,cs_091339,1a,,True,local+remote+phase,"local_amplitudes,remote_amplitudes,phases",1
8.675,9.339361907074903,,variable,variable_mrc,nan,nan,nan,0.4761815523809456,nan,nan,nan,7.658350513831722,cs_091339,1a,,True,local+remote+phase,"local_amplitudes,remote_amplitudes,phases",1
8.675,14.247761902405967,,variable,adaptive_selection,nan,nan,nan,0.4761815523809456,nan,nan,nan,64.23933028710047,cs_091339,1a,remote_amplitudes,True,local+remote+phase,"local_amplitudes,remote_amplitudes,phases",1
8.675,10.566713732767289,,hierarchical,best_tone__adaptive_selection,nan,nan,nan,0.5257258929011802,nan,nan,nan,21.80649836042983,cs_091339,1a,remote_amplitudes,True,local+remote+phase,"local_amplitudes,remote_amplitudes,phases",1
8.675,11.309073014892814,,hierarchical,liu_weighted_median__variable_weighted_median,nan,nan,nan,1.4332546137242301,nan,nan,nan,30.36395406216499,cs_091339,1a,,True,local+remote+phase,"local_amplitudes,remote_amplitudes,phases",1
8.675,9.198445549969922,,hierarchical,snr_mrc__variable_mrc,nan,nan,nan,0.4901727332479671,nan,nan,nan,6.033954466512056,cs_091339,1a,,True,local+remote+phase,"local_amplitudes,remote_amplitudes,phases",1
8.675,11.996357145730856,,hierarchical,hierarchical_quality_fusion,nan,nan,nan,0.4761815523809456,nan,nan,nan,38.28653770294934,cs_091339,1a,,True,local+remote+phase,"local_amplitudes,remote_amplitudes,phases",1
8.675,11.96833687276738,,variable,variable_equal_average,nan,nan,nan,0.4596044439376028,nan,nan,nan,37.96353743824067,cs_091339,1a,,True,local+remote+phase,"local_amplitudes,remote_amplitudes,phases",2
8.675,11.946749189071642,,variable,variable_quality_weighted,nan,nan,nan,0.4596044439376028,nan,nan,nan,37.71468805846273,cs_091339,1a,,True,local+remote+phase,"local_amplitudes,remote_amplitudes,phases",2
8.675,12.324874552048527,,variable,variable_weighted_median,nan,nan,nan,0.4596044439376028,nan,nan,nan,42.07348186799454,cs_091339,1a,,True,local+remote+phase,"local_amplitudes,remote_amplitudes,phases",2
8.675,9.597333509685853,,variable,variable_mrc,nan,nan,nan,0.4596044439376028,nan,nan,nan,10.632086566983892,cs_091339,1a,,True,local+remote+phase,"local_amplitudes,remote_amplitudes,phases",2
8.675,14.027800874272327,,variable,adaptive_selection,nan,nan,nan,0.4596044439376028,nan,nan,nan,61.70375647576167,cs_091339,1a,remote_amplitudes,True,local+remote+phase,"local_amplitudes,remote_amplitudes,phases",2
8.675,10.560625631241344,,hierarchical,best_tone__adaptive_selection,nan,nan,nan,0.5318323741915071,nan,nan,nan,21.736318515750348,cs_091339,1a,remote_amplitudes,True,local+remote+phase,"local_amplitudes,remote_amplitudes,phases",2
8.675,11.064189976993665,,hierarchical,liu_weighted_median__variable_weighted_median,nan,nan,nan,1.4903285145346798,nan,nan,nan,27.541094835661838,cs_091339,1a,,True,local+remote+phase,"local_amplitudes,remote_amplitudes,phases",2
8.675,9.530983866270129,,hierarchical,snr_mrc__variable_mrc,nan,nan,nan,0.4691922835945879,nan,nan,nan,9.867249178906372,cs_091339,1a,,True,local+remote+phase,"local_amplitudes,remote_amplitudes,phases",2
8.675,11.946749189071642,,hierarchical,hierarchical_quality_fusion,nan,nan,nan,0.4596044439376028,nan,nan,nan,37.71468805846273,cs_091339,1a,,True,local+remote+phase,"local_amplitudes,remote_amplitudes,phases",2
8.675,11.888279127594345,,variable,variable_equal_average,nan,nan,nan,0.44550941489200935,nan,nan,nan,37.04068158610194,cs_091339,1a,,True,local+remote+phase,"local_amplitudes,remote_amplitudes,phases",3
8.675,11.9934012244077,,variable,variable_quality_weighted,nan,nan,nan,0.44550941489200935,nan,nan,nan,38.25246368193313,cs_091339,1a,,True,local+remote+phase,"local_amplitudes,remote_amplitudes,phases",3
8.675,11.880975410963314,,variable,variable_weighted_median,nan,nan,nan,0.44550941489200935,nan,nan,nan,36.95648888718517,cs_091339,1a,,True,local+remote+phase,"local_amplitudes,remote_amplitudes,phases",3
8.675,10.08431853768485,,variable,variable_mrc,nan,nan,nan,0.44550941489200935,nan,nan,nan,16.245746832101997,cs_091339,1a,,True,local+remote+phase,"local_amplitudes,remote_amplitudes,phases",3
8.675,13.905841634210397,,variable,adaptive_selection,nan,nan,nan,0.44550941489200935,nan,nan,nan,60.29788627331868,cs_091339,1a,remote_amplitudes,True,local+remote+phase,"local_amplitudes,remote_amplitudes,phases",3
8.675,10.581656908194338,,hierarchical,best_tone__adaptive_selection,nan,nan,nan,0.5376237553584237,nan,nan,nan,21.978753984949133,cs_091339,1a,remote_amplitudes,True,local+remote+phase,"local_amplitudes,remote_amplitudes,phases",3
8.675,10.699099100123869,,hierarchical,liu_weighted_median__variable_weighted_median,nan,nan,nan,1.4958322591848514,nan,nan,nan,23.33255446828666,cs_091339,1a,,True,local+remote+phase,"local_amplitudes,remote_amplitudes,phases",3
8.675,10.046487286880742,,hierarchical,snr_mrc__variable_mrc,nan,nan,nan,0.43132765335595225,nan,nan,nan,15.809651721968201,cs_091339,1a,,True,local+remote+phase,"local_amplitudes,remote_amplitudes,phases",3
8.675,11.9934012244077,,hierarchical,hierarchical_quality_fusion,nan,nan,nan,0.44550941489200935,nan,nan,nan,38.25246368193313,cs_091339,1a,,True,local+remote+phase,"local_amplitudes,remote_amplitudes,phases",3
8.675,10.95246087789574,,variable,variable_equal_average,nan,nan,nan,0.4420507639438762,nan,nan,nan,26.253151330210255,cs_091339,1a,,True,local+remote+phase,"local_amplitudes,remote_amplitudes,phases",4
8.675,11.310090023126346,,variable,variable_quality_weighted,nan,nan,nan,0.4420507639438762,nan,nan,nan,30.375677500015502,cs_091339,1a,,True,local+remote+phase,"local_amplitudes,remote_amplitudes,phases",4
8.675,10.23659005140096,,variable,variable_weighted_median,nan,nan,nan,0.4420507639438762,nan,nan,nan,18.001038056495204,cs_091339,1a,,True,local+remote+phase,"local_amplitudes,remote_amplitudes,phases",4
8.675,10.546073688227917,,variable,variable_mrc,nan,nan,nan,0.4420507639438762,nan,nan,nan,21.56857277496157,cs_091339,1a,,True,local+remote+phase,"local_amplitudes,remote_amplitudes,phases",4
8.675,13.755144201664107,,variable,adaptive_selection,nan,nan,nan,0.4420507639438762,nan,nan,nan,58.56074007681966,cs_091339,1a,remote_amplitudes,True,local+remote+phase,"local_amplitudes,remote_amplitudes,phases",4
8.675,9.682771130531016,,hierarchical,best_tone__adaptive_selection,nan,nan,nan,0.540450519548977,nan,nan,nan,11.616958277014584,cs_091339,1a,remote_amplitudes,True,local+remote+phase,"local_amplitudes,remote_amplitudes,phases",4
8.675,10.441223419698973,,hierarchical,liu_weighted_median__variable_weighted_median,nan,nan,nan,1.5149929010658818,nan,nan,nan,20.35992414638585,cs_091339,1a,,True,local+remote+phase,"local_amplitudes,remote_amplitudes,phases",4
8.675,10.330717277305986,,hierarchical,snr_mrc__variable_mrc,nan,nan,nan,0.44688739508097247,nan,nan,nan,19.086078124564672,cs_091339,1a,,True,local+remote+phase,"local_amplitudes,remote_amplitudes,phases",4
8.675,11.310090023126346,,hierarchical,hierarchical_quality_fusion,nan,nan,nan,0.4420507639438762,nan,nan,nan,30.375677500015502,cs_091339,1a,,True,local+remote+phase,"local_amplitudes,remote_amplitudes,phases",4
8.675,10.727874269246238,,variable,variable_equal_average,nan,nan,nan,0.4530557185221859,nan,nan,nan,23.664256706008494,cs_091339,1a,,True,local+remote+phase,"local_amplitudes,remote_amplitudes,phases",5
8.675,10.88914629743472,,variable,variable_quality_weighted,nan,nan,nan,0.4530557185221859,nan,nan,nan,25.523300258613485,cs_091339,1a,,True,local+remote+phase,"local_amplitudes,remote_amplitudes,phases",5
8.675,10.477378589054439,,variable,variable_weighted_median,nan,nan,nan,0.4530557185221859,nan,nan,nan,20.776698432904183,cs_091339,1a,,True,local+remote+phase,"local_amplitudes,remote_amplitudes,phases",5
8.675,10.766138602513712,,variable,variable_mrc,nan,nan,nan,0.4530557185221859,nan,nan,nan,24.10534412119551,cs_091339,1a,,True,local+remote+phase,"local_amplitudes,remote_amplitudes,phases",5
8.675,13.228478337677977,,variable,adaptive_selection,nan,nan,nan,0.4530557185221859,nan,nan,nan,52.48966383490462,cs_091339,1a,remote_amplitudes,True,local+remote+phase,"local_amplitudes,remote_amplitudes,phases",5
8.675,9.787607122098835,,hierarchical,best_tone__adaptive_selection,nan,nan,nan,0.5485679371431312,nan,nan,nan,12.825442329669565,cs_091339,1a,remote_amplitudes,True,local+remote+phase,"local_amplitudes,remote_amplitudes,phases",5
8.675,10.66508453913852,,hierarchical,liu_weighted_median__variable_weighted_median,nan,nan,nan,1.59165251577524,nan,nan,nan,22.940455782576596,cs_091339,1a,,True,local+remote+phase,"local_amplitudes,remote_amplitudes,phases",5
8.675,10.486518735837725,,hierarchical,snr_mrc__variable_mrc,nan,nan,nan,0.4736245062962768,nan,nan,nan,20.882060355478092,cs_091339,1a,,True,local+remote+phase,"local_amplitudes,remote_amplitudes,phases",5
8.675,10.88914629743472,,hierarchical,hierarchical_quality_fusion,nan,nan,nan,0.4530557185221859,nan,nan,nan,25.523300258613485,cs_091339,1a,,True,local+remote+phase,"local_amplitudes,remote_amplitudes,phases",5
8.675,10.354434268725395,,variable,variable_equal_average,nan,nan,nan,0.4601601249135114,nan,nan,nan,19.359472838333076,cs_091339,1a,,True,local+remote+phase,"local_amplitudes,remote_amplitudes,phases",6
8.675,10.302940840263162,,variable,variable_quality_weighted,nan,nan,nan,0.4601601249135114,nan,nan,nan,18.765888648566694,cs_091339,1a,,True,local+remote+phase,"local_amplitudes,remote_amplitudes,phases",6
8.675,10.741366258618289,,variable,variable_weighted_median,nan,nan,nan,0.4601601249135114,nan,nan,nan,23.819783961017727,cs_091339,1a,,True,local+remote+phase,"local_amplitudes,remote_amplitudes,phases",6
8.675,10.916118363090309,,variable,variable_mrc,nan,nan,nan,0.4601601249135114,nan,nan,nan,25.834217441963204,cs_091339,1a,,True,local+remote+phase,"local_amplitudes,remote_amplitudes,phases",6
8.675,7.9988116992966285,,variable,adaptive_selection,nan,nan,nan,0.4601601249135114,nan,nan,nan,7.794677817906308,cs_091339,1a,phases,True,local+remote+phase,"local_amplitudes,remote_amplitudes,phases",6
8.675,9.955174936150023,,hierarchical,best_tone__adaptive_selection,nan,nan,nan,0.5527140094696604,nan,nan,nan,14.757059782709186,cs_091339,1a,remote_amplitudes,True,local+remote+phase,"local_amplitudes,remote_amplitudes,phases",6
8.675,10.807434241341072,,hierarchical,liu_weighted_median__variable_weighted_median,nan,nan,nan,1.6044323140025953,nan,nan,nan,24.581374539954712,cs_091339,1a,,True,local+remote+phase,"local_amplitudes,remote_amplitudes,phases",6
8.675,9.555962339771515,,hierarchical,snr_mrc__variable_mrc,nan,nan,nan,0.5255845010143173,nan,nan,nan,10.15518547287048,cs_091339,1a,,True,local+remote+phase,"local_amplitudes,remote_amplitudes,phases",6
8.675,10.302940840263162,,hierarchical,hierarchical_quality_fusion,nan,nan,nan,0.4601601249135114,nan,nan,nan,18.765888648566694,cs_091339,1a,,True,local+remote+phase,"local_amplitudes,remote_amplitudes,phases",6
8.675,9.879047660440166,,variable,variable_equal_average,nan,nan,nan,0.514096827032525,nan,nan,nan,13.879511935909692,cs_091339,1a,,True,local+remote+phase,"local_amplitudes,remote_amplitudes,phases",7
8.675,9.75307867111624,,variable,variable_quality_weighted,nan,nan,nan,0.514096827032525,nan,nan,nan,12.42741983995665,cs_091339,1a,,True,local+remote+phase,"local_amplitudes,remote_amplitudes,phases",7
8.675,10.945217766909138,,variable,variable_weighted_median,nan,nan,nan,0.514096827032525,nan,nan,nan,26.169657255436746,cs_091339,1a,,True,local+remote+phase,"local_amplitudes,remote_amplitudes,phases",7
8.675,11.051154353795344,,variable,variable_mrc,nan,nan,nan,0.514096827032525,nan,nan,nan,27.390828285825275,cs_091339,1a,,True,local+remote+phase,"local_amplitudes,remote_amplitudes,phases",7
8.675,7.309419670563679,,variable,adaptive_selection,nan,nan,nan,0.514096827032525,nan,nan,nan,15.741559993502264,cs_091339,1a,phases,True,local+remote+phase,"local_amplitudes,remote_amplitudes,phases",7
8.675,10.895202665692953,,hierarchical,best_tone__adaptive_selection,nan,nan,nan,0.5549704153691001,nan,nan,nan,25.593114301936044,cs_091339,1a,remote_amplitudes,True,local+remote+phase,"local_amplitudes,remote_amplitudes,phases",7
8.675,10.895202665692953,,hierarchical,liu_weighted_median__variable_weighted_median,nan,nan,nan,1.6152313518096608,nan,nan,nan,25.593114301936044,cs_091339,1a,,True,local+remote+phase,"local_amplitudes,remote_amplitudes,phases",7
8.675,10.150467019850813,,hierarchical,snr_mrc__variable_mrc,nan,nan,nan,0.5465359757526508,nan,nan,nan,17.00826535851081,cs_091339,1a,,True,local+remote+phase,"local_amplitudes,remote_amplitudes,phases",7
8.675,9.75307867111624,,hierarchical,hierarchical_quality_fusion,nan,nan,nan,0.514096827032525,nan,nan,nan,12.42741983995665,cs_091339,1a,,True,local+remote+phase,"local_amplitudes,remote_amplitudes,phases",7
8.675,9.517610107624181,,variable,variable_equal_average,nan,nan,nan,0.5414005941858218,nan,nan,nan,9.713084814111587,cs_091339,1a,,True,local+remote+phase,"local_amplitudes,remote_amplitudes,phases",8
8.675,9.437436561650738,,variable,variable_quality_weighted,nan,nan,nan,0.5414005941858218,nan,nan,nan,8.78889408242925,cs_091339,1a,,True,local+remote+phase,"local_amplitudes,remote_amplitudes,phases",8
8.675,10.827837663009648,,variable,variable_weighted_median,nan,nan,nan,0.5414005941858218,nan,nan,nan,24.81657248426106,cs_091339,1a,,True,local+remote+phase,"local_amplitudes,remote_amplitudes,phases",8
8.675,11.01506615542752,,variable,variable_mrc,nan,nan,nan,0.5414005941858218,nan,nan,nan,26.97482599916449,cs_091339,1a,,True,local+remote+phase,"local_amplitudes,remote_amplitudes,phases",8
8.675,10.827837663009648,,variable,adaptive_selection,nan,nan,nan,0.5414005941858218,nan,nan,nan,24.81657248426106,cs_091339,1a,remote_amplitudes,True,local+remote+phase,"local_amplitudes,remote_amplitudes,phases",8
8.675,11.024837030062592,,hierarchical,best_tone__adaptive_selection,nan,nan,nan,0.550270339991254,nan,nan,nan,27.08745855979932,cs_091339,1a,remote_amplitudes,True,local+remote+phase,"local_amplitudes,remote_amplitudes,phases",8
8.675,11.024837030062592,,hierarchical,liu_weighted_median__variable_weighted_median,nan,nan,nan,1.6279597475822183,nan,nan,nan,27.08745855979932,cs_091339,1a,,True,local+remote+phase,"local_amplitudes,remote_amplitudes,phases",8
8.675,11.023476815804946,,hierarchical,snr_mrc__variable_mrc,nan,nan,nan,0.4949590571144474,nan,nan,nan,27.07177885654115,cs_091339,1a,,True,local+remote+phase,"local_amplitudes,remote_amplitudes,phases",8
8.675,9.437436561650738,,hierarchical,hierarchical_quality_fusion,nan,nan,nan,0.5414005941858218,nan,nan,nan,8.78889408242925,cs_091339,1a,,True,local+remote+phase,"local_amplitudes,remote_amplitudes,phases",8
8.675,9.266210046329512,,variable,variable_equal_average,nan,nan,nan,0.5472410193361097,nan,nan,nan,6.815101398611079,cs_091339,1a,,True,local+remote+phase,"local_amplitudes,remote_amplitudes,phases",9
8.675,9.203349351978524,,variable,variable_quality_weighted,nan,nan,nan,0.5472410193361097,nan,nan,nan,6.090482443556463,cs_091339,1a,,True,local+remote+phase,"local_amplitudes,remote_amplitudes,phases",9
8.675,10.509875158474955,,variable,variable_weighted_median,nan,nan,nan,0.5472410193361097,nan,nan,nan,21.151298656771804,cs_091339,1a,,True,local+remote+phase,"local_amplitudes,remote_amplitudes,phases",9
8.675,10.856075044955578,,variable,variable_mrc,nan,nan,nan,0.5472410193361097,nan,nan,nan,25.142075446173795,cs_091339,1a,,True,local+remote+phase,"local_amplitudes,remote_amplitudes,phases",9
8.675,10.509875158474955,,variable,adaptive_selection,nan,nan,nan,0.5472410193361097,nan,nan,nan,21.151298656771804,cs_091339,1a,remote_amplitudes,True,local+remote+phase,"local_amplitudes,remote_amplitudes,phases",9
8.675,11.157359116390928,,hierarchical,best_tone__adaptive_selection,nan,nan,nan,0.5472410193361097,nan,nan,nan,28.615090678857957,cs_091339,1a,remote_amplitudes,True,local+remote+phase,"local_amplitudes,remote_amplitudes,phases",9
8.675,11.097935494071534,,hierarchical,liu_weighted_median__variable_weighted_median,nan,nan,nan,1.629706032232508,nan,nan,nan,27.93009215068049,cs_091339,1a,,True,local+remote+phase,"local_amplitudes,remote_amplitudes,phases",9
8.675,10.790861127468872,,hierarchical,snr_mrc__variable_mrc,nan,nan,nan,0.5239562974365701,nan,nan,nan,24.390329999641168,cs_091339,1a,,True,local+remote+phase,"local_amplitudes,remote_amplitudes,phases",9
8.675,9.203349351978524,,hierarchical,hierarchical_quality_fusion,nan,nan,nan,0.5472410193361097,nan,nan,nan,6.090482443556463,cs_091339,1a,,True,local+remote+phase,"local_amplitudes,remote_amplitudes,phases",9
8.675,9.10403583491483,,variable,variable_equal_average,nan,nan,nan,0.5395449108810279,nan,nan,nan,4.945658039364028,cs_091339,1a,,True,local+remote+phase,"local_amplitudes,remote_amplitudes,phases",10
8.675,9.123340243253972,,variable,variable_quality_weighted,nan,nan,nan,0.5395449108810279,nan,nan,nan,5.16818724212071,cs_091339,1a,,True,local+remote+phase,"local_amplitudes,remote_amplitudes,phases",10
8.675,10.327425808287462,,variable,variable_weighted_median,nan,nan,nan,0.5395449108810279,nan,nan,nan,19.048136118587443,cs_091339,1a,,True,local+remote+phase,"local_amplitudes,remote_amplitudes,phases",10
8.675,10.516400036245415,,variable,variable_mrc,nan,nan,nan,0.5395449108810279,nan,nan,nan,21.22651338611428,cs_091339,1a,,True,local+remote+phase,"local_amplitudes,remote_amplitudes,phases",10
8.675,10.327425808287462,,variable,adaptive_selection,nan,nan,nan,0.5395449108810279,nan,nan,nan,19.048136118587443,cs_091339,1a,remote_amplitudes,True,local+remote+phase,"local_amplitudes,remote_amplitudes,phases",10
8.675,11.118883344390014,,hierarchical,best_tone__adaptive_selection,nan,nan,nan,0.5328047833775353,nan,nan,nan,28.171565929567873,cs_091339,1a,remote_amplitudes,True,local+remote+phase,"local_amplitudes,remote_amplitudes,phases",10
8.675,10.972249063524679,,hierarchical,liu_weighted_median__variable_weighted_median,nan,nan,nan,1.619779945838247,nan,nan,nan,26.481257216422797,cs_091339,1a,,True,local+remote+phase,"local_amplitudes,remote_amplitudes,phases",10
8.675,10.63103829776089,,hierarchical,snr_mrc__variable_mrc,nan,nan,nan,0.5175095723111282,nan,nan,nan,22.54799190502466,cs_091339,1a,,True,local+remote+phase,"local_amplitudes,remote_amplitudes,phases",10
8.675,9.123340243253972,,hierarchical,hierarchical_quality_fusion,nan,nan,nan,0.5395449108810279,nan,nan,nan,5.16818724212071,cs_091339,1a,,True,local+remote+phase,"local_amplitudes,remote_amplitudes,phases",10
8.675,8.804997647644486,,variable,variable_equal_average,nan,nan,nan,0.4988600687723345,nan,nan,nan,1.4985319613197126,cs_091339,1a,,True,local+remote+phase,"local_amplitudes,remote_amplitudes,phases",11
8.675,8.773601969295237,,variable,variable_quality_weighted,nan,nan,nan,0.4988600687723345,nan,nan,nan,1.136622124440766,cs_091339,1a,,True,local+remote+phase,"local_amplitudes,remote_amplitudes,phases",11
8.675,9.856893175161058,,variable,variable_weighted_median,nan,nan,nan,0.4988600687723345,nan,nan,nan,13.624128820300378,cs_091339,1a,,True,local+remote+phase,"local_amplitudes,remote_amplitudes,phases",11
8.675,10.06138793041921,,variable,variable_mrc,nan,nan,nan,0.4988600687723345,nan,nan,nan,15.981417065351113,cs_091339,1a,,True,local+remote+phase,"local_amplitudes,remote_amplitudes,phases",11
8.675,10.2299747677724,,variable,adaptive_selection,nan,nan,nan,0.4988600687723345,nan,nan,nan,17.92478118469625,cs_091339,1a,remote_amplitudes,True,local+remote+phase,"local_amplitudes,remote_amplitudes,phases",11
8.675,11.076556572838717,,hierarchical,best_tone__adaptive_selection,nan,nan,nan,0.5380495202005969,nan,nan,nan,27.68364925462497,cs_091339,1a,remote_amplitudes,True,local+remote+phase,"local_amplitudes,remote_amplitudes,phases",11
8.675,11.076556572838717,,hierarchical,liu_weighted_median__variable_weighted_median,nan,nan,nan,1.6020669554858802,nan,nan,nan,27.68364925462497,cs_091339,1a,,True,local+remote+phase,"local_amplitudes,remote_amplitudes,phases",11
8.675,10.15816234002488,,hierarchical,snr_mrc__variable_mrc,nan,nan,nan,0.49178040277638524,nan,nan,nan,17.096972219306966,cs_091339,1a,,True,local+remote+phase,"local_amplitudes,remote_amplitudes,phases",11
8.675,8.773601969295237,,hierarchical,hierarchical_quality_fusion,nan,nan,nan,0.4988600687723345,nan,nan,nan,1.136622124440766,cs_091339,1a,,True,local+remote+phase,"local_amplitudes,remote_amplitudes,phases",11
8.675,8.528367867212333,,variable,variable_equal_average,nan,nan,nan,0.48804714518949366,nan,nan,nan,1.6902839514428516,cs_091339,1a,,True,local+remote+phase,"local_amplitudes,remote_amplitudes,phases",12
8.675,8.606941205194142,,variable,variable_quality_weighted,nan,nan,nan,0.48804714518949366,nan,nan,nan,0.7845394213931881,cs_091339,1a,,True,local+remote+phase,"local_amplitudes,remote_amplitudes,phases",12
8.675,8.50233457678469,,variable,variable_weighted_median,nan,nan,nan,0.48804714518949366,nan,nan,nan,1.9903795183321058,cs_091339,1a,,True,local+remote+phase,"local_amplitudes,remote_amplitudes,phases",12
8.675,8.847822503876097,,variable,variable_mrc,nan,nan,nan,0.48804714518949366,nan,nan,nan,1.9921902464103334,cs_091339,1a,,True,local+remote+phase,"local_amplitudes,remote_amplitudes,phases",12
8.675,10.146934520749705,,variable,adaptive_selection,nan,nan,nan,0.48804714518949366,nan,nan,nan,16.967544907777565,cs_091339,1a,remote_amplitudes,True,local+remote+phase,"local_amplitudes,remote_amplitudes,phases",12
8.675,10.974774370258121,,hierarchical,best_tone__adaptive_selection,nan,nan,nan,0.5266065239786586,nan,nan,nan,26.510367380497062,cs_091339,1a,remote_amplitudes,True,local+remote+phase,"local_amplitudes,remote_amplitudes,phases",12
8.675,11.207311427096695,,hierarchical,liu_weighted_median__variable_weighted_median,nan,nan,nan,1.594632130656669,nan,nan,nan,29.190909822440275,cs_091339,1a,,True,local+remote+phase,"local_amplitudes,remote_amplitudes,phases",12
8.675,9.097269832816128,,hierarchical,snr_mrc__variable_mrc,nan,nan,nan,0.48786135741546727,nan,nan,nan,4.867663778860256,cs_091339,1a,,True,local+remote+phase,"local_amplitudes,remote_amplitudes,phases",12
8.675,8.606941205194142,,hierarchical,hierarchical_quality_fusion,nan,nan,nan,0.48804714518949366,nan,nan,nan,0.7845394213931881,cs_091339,1a,,True,local+remote+phase,"local_amplitudes,remote_amplitudes,phases",12
8.675,8.444647165802378,,variable,variable_equal_average,nan,nan,nan,0.4814298646696582,nan,nan,nan,2.6553640829697156,cs_091339,1a,,True,local+remote+phase,"local_amplitudes,remote_amplitudes,phases",13
8.675,8.488140106495106,,variable,variable_quality_weighted,nan,nan,nan,0.4814298646696582,nan,nan,nan,2.1540045360794817,cs_091339,1a,,True,local+remote+phase,"local_amplitudes,remote_amplitudes,phases",13
8.675,7.686333289816548,,variable,variable_weighted_median,nan,nan,nan,0.4814298646696582,nan,nan,nan,11.396734411336631,cs_091339,1a,,True,local+remote+phase,"local_amplitudes,remote_amplitudes,phases",13
8.675,7.841557310759033,,variable,variable_mrc,nan,nan,nan,0.4814298646696582,nan,nan,nan,9.607408521509718,cs_091339,1a,,True,local+remote+phase,"local_amplitudes,remote_amplitudes,phases",13
8.675,10.042510092585298,,variable,adaptive_selection,nan,nan,nan,0.4814298646696582,nan,nan,nan,15.763805101847803,cs_091339,1a,remote_amplitudes,True,local+remote+phase,"local_amplitudes,remote_amplitudes,phases",13
8.675,11.205686454817789,,hierarchical,best_tone__adaptive_selection,nan,nan,nan,0.5259481797090068,nan,nan,nan,29.17217815351917,cs_091339,1a,remote_amplitudes,True,local+remote+phase,"local_amplitudes,remote_amplitudes,phases",13
8.675,11.154700308911401,,hierarchical,liu_weighted_median__variable_weighted_median,nan,nan,nan,1.579071995356416,nan,nan,nan,28.584441601284155,cs_091339,1a,,True,local+remote+phase,"local_amplitudes,remote_amplitudes,phases",13
8.675,7.822662371076302,,hierarchical,snr_mrc__variable_mrc,nan,nan,nan,0.4934543822029784,nan,nan,nan,9.825217624480672,cs_091339,1a,,True,local+remote+phase,"local_amplitudes,remote_amplitudes,phases",13
8.675,8.488140106495106,,hierarchical,hierarchical_quality_fusion,nan,nan,nan,0.4814298646696582,nan,nan,nan,2.1540045360794817,cs_091339,1a,,True,local+remote+phase,"local_amplitudes,remote_amplitudes,phases",13
8.675,8.570812990031882,,variable,variable_equal_average,nan,nan,nan,0.4828842749499161,nan,nan,nan,1.2010029967506437,cs_091339,1a,,True,local+remote+phase,"local_amplitudes,remote_amplitudes,phases",14
8.675,8.590356803763216,,variable,variable_quality_weighted,nan,nan,nan,0.4828842749499161,nan,nan,nan,0.9757140776574622,cs_091339,1a,,True,local+remote+phase,"local_amplitudes,remote_amplitudes,phases",14
8.675,8.163908634663757,,variable,variable_weighted_median,nan,nan,nan,0.4828842749499161,nan,nan,nan,5.891543116267935,cs_091339,1a,,True,local+remote+phase,"local_amplitudes,remote_amplitudes,phases",14
8.675,7.74215351585408,,variable,variable_mrc,nan,nan,nan,0.4828842749499161,nan,nan,nan,10.753273592460175,cs_091339,1a,,True,local+remote+phase,"local_amplitudes,remote_amplitudes,phases",14
8.675,9.874501871262723,,variable,adaptive_selection,nan,nan,nan,0.4828842749499161,nan,nan,nan,13.827110907927631,cs_091339,1a,remote_amplitudes,True,local+remote+phase,"local_amplitudes,remote_amplitudes,phases",14
8.675,12.035791830471862,,hierarchical,best_tone__adaptive_selection,nan,nan,nan,0.5319350019227466,nan,nan,nan,38.741116201404736,cs_091339,1a,remote_amplitudes,True,local+remote+phase,"local_amplitudes,remote_amplitudes,phases",14
8.675,11.009192593173399,,hierarchical,liu_weighted_median__variable_weighted_median,nan,nan,nan,1.598829522807107,nan,nan,nan,26.907119229664527,cs_091339,1a,,True,local+remote+phase,"local_amplitudes,remote_amplitudes,phases",14
8.675,7.803604976147791,,hierarchical,snr_mrc__variable_mrc,nan,nan,nan,0.487427856373678,nan,nan,nan,10.044899410400111,cs_091339,1a,,True,local+remote+phase,"local_amplitudes,remote_amplitudes,phases",14
8.675,8.590356803763216,,hierarchical,hierarchical_quality_fusion,nan,nan,nan,0.4828842749499161,nan,nan,nan,0.9757140776574622,cs_091339,1a,,True,local+remote+phase,"local_amplitudes,remote_amplitudes,phases",14
8.675,10.352005666109946,,variable,variable_equal_average,nan,nan,nan,0.47219095145015905,nan,nan,nan,19.331477419134817,cs_091339,1b,,True,local+remote+phase,"local_amplitudes,remote_amplitudes,phases",0
8.675,10.446759899522753,,variable,variable_quality_weighted,nan,nan,nan,0.47219095145015905,nan,nan,nan,20.42374523945536,cs_091339,1b,,True,local+remote+phase,"local_amplitudes,remote_amplitudes,phases",0
8.675,10.223076582176539,,variable,variable_weighted_median,nan,nan,nan,0.47219095145015905,nan,nan,nan,17.845263195118594,cs_091339,1b,,True,local+remote+phase,"local_amplitudes,remote_amplitudes,phases",0
8.675,8.400091299802328,,variable,variable_mrc,nan,nan,nan,0.47219095145015905,nan,nan,nan,3.1689763711547227,cs_091339,1b,,True,local+remote+phase,"local_amplitudes,remote_amplitudes,phases",0
8.675,12.586899425259215,,variable,adaptive_selection,nan,nan,nan,0.47219095145015905,nan,nan,nan,45.093941501547135,cs_091339,1b,phases,True,local+remote+phase,"local_amplitudes,remote_amplitudes,phases",0
8.675,10.225231147883466,,hierarchical,best_tone__adaptive_selection,nan,nan,nan,0.5126961310882177,nan,nan,nan,17.870099687417472,cs_091339,1b,remote_amplitudes,True,local+remote+phase,"local_amplitudes,remote_amplitudes,phases",0
8.675,10.854818703749352,,hierarchical,liu_weighted_median__variable_weighted_median,nan,nan,nan,1.2962213182691082,nan,nan,nan,25.127593126793673,cs_091339,1b,,True,local+remote+phase,"local_amplitudes,remote_amplitudes,phases",0
8.675,8.65452719428983,,hierarchical,snr_mrc__variable_mrc,nan,nan,nan,0.4798854846641231,nan,nan,nan,0.23599776034778563,cs_091339,1b,,True,local+remote+phase,"local_amplitudes,remote_amplitudes,phases",0
8.675,10.446759899522753,,hierarchical,hierarchical_quality_fusion,nan,nan,nan,0.47219095145015905,nan,nan,nan,20.42374523945536,cs_091339,1b,,True,local+remote+phase,"local_amplitudes,remote_amplitudes,phases",0
8.675,10.344803206431715,,variable,variable_equal_average,nan,nan,nan,0.46502291720814043,nan,nan,nan,19.248451947339646,cs_091339,1b,,True,local+remote+phase,"local_amplitudes,remote_amplitudes,phases",1
8.675,10.37202095060493,,variable,variable_quality_weighted,nan,nan,nan,0.46502291720814043,nan,nan,nan,19.562201159711005,cs_091339,1b,,True,local+remote+phase,"local_amplitudes,remote_amplitudes,phases",1
8.675,10.014188176961373,,variable,variable_weighted_median,nan,nan,nan,0.46502291720814043,nan,nan,nan,15.437327688315525,cs_091339,1b,,True,local+remote+phase,"local_amplitudes,remote_amplitudes,phases",1
8.675,8.641714188254017,,variable,variable_mrc,nan,nan,nan,0.46502291720814043,nan,nan,nan,0.3836981181093204,cs_091339,1b,,True,local+remote+phase,"local_amplitudes,remote_amplitudes,phases",1
8.675,12.603789499425693,,variable,adaptive_selection,nan,nan,nan,0.46502291720814043,nan,nan,nan,45.288639762832176,cs_091339,1b,phases,True,local+remote+phase,"local_amplitudes,remote_amplitudes,phases",1
8.675,9.941360674235936,,hierarchical,best_tone__adaptive_selection,nan,nan,nan,0.5009855820666339,nan,nan,nan,14.597817570443056,cs_091339,1b,remote_amplitudes,True,local+remote+phase,"local_amplitudes,remote_amplitudes,phases",1
8.675,10.714384104995801,,hierarchical,liu_weighted_median__variable_weighted_median,nan,nan,nan,1.2498167144391368,nan,nan,nan,23.508750489865136,cs_091339,1b,,True,local+remote+phase,"local_amplitudes,remote_amplitudes,phases",1
8.675,9.0081882266881,,hierarchical,snr_mrc__variable_mrc,nan,nan,nan,0.44431161005588526,nan,nan,nan,3.8407864747907685,cs_091339,1b,,True,local+remote+phase,"local_amplitudes,remote_amplitudes,phases",1
8.675,10.37202095060493,,hierarchical,hierarchical_quality_fusion,nan,nan,nan,0.46502291720814043,nan,nan,nan,19.562201159711005,cs_091339,1b,,True,local+remote+phase,"local_amplitudes,remote_amplitudes,phases",1
8.675,10.328622768821097,,variable,variable_equal_average,nan,nan,nan,0.4385314469180919,nan,nan,nan,19.06193393453713,cs_091339,1b,,True,local+remote+phase,"local_amplitudes,remote_amplitudes,phases",2
8.675,10.219797268273478,,variable,variable_quality_weighted,nan,nan,nan,0.4385314469180919,nan,nan,nan,17.807461305746134,cs_091339,1b,,True,local+remote+phase,"local_amplitudes,remote_amplitudes,phases",2
8.675,9.822492469285113,,variable,variable_weighted_median,nan,nan,nan,0.4385314469180919,nan,nan,nan,13.227578896658349,cs_091339,1b,,True,local+remote+phase,"local_amplitudes,remote_amplitudes,phases",2
8.675,8.777260706902187,,variable,variable_mrc,nan,nan,nan,0.4385314469180919,nan,nan,nan,1.1787977740885984,cs_091339,1b,,True,local+remote+phase,"local_amplitudes,remote_amplitudes,phases",2
8.675,8.525816968783406,,variable,adaptive_selection,nan,nan,nan,0.4385314469180919,nan,nan,nan,1.7196891206523859,cs_091339,1b,local_amplitudes,True,local+remote+phase,"local_amplitudes,remote_amplitudes,phases",2
8.675,9.947488549827439,,hierarchical,best_tone__adaptive_selection,nan,nan,nan,0.5184424477102217,nan,nan,nan,14.668455905791788,cs_091339,1b,remote_amplitudes,True,local+remote+phase,"local_amplitudes,remote_amplitudes,phases",2
8.675,10.814935270570388,,hierarchical,liu_weighted_median__variable_weighted_median,nan,nan,nan,1.3798272378224377,nan,nan,nan,24.66784173568169,cs_091339,1b,,True,local+remote+phase,"local_amplitudes,remote_amplitudes,phases",2
8.675,9.065115739147636,,hierarchical,snr_mrc__variable_mrc,nan,nan,nan,0.43906904083257264,nan,nan,nan,4.497011402278217,cs_091339,1b,,True,local+remote+phase,"local_amplitudes,remote_amplitudes,phases",2
8.675,10.219797268273478,,hierarchical,hierarchical_quality_fusion,nan,nan,nan,0.4385314469180919,nan,nan,nan,17.807461305746134,cs_091339,1b,,True,local+remote+phase,"local_amplitudes,remote_amplitudes,phases",2
8.675,10.314502772403792,,variable,variable_equal_average,nan,nan,nan,0.4126641553517372,nan,nan,nan,18.89916740523102,cs_091339,1b,,True,local+remote+phase,"local_amplitudes,remote_amplitudes,phases",3
8.675,10.089191751622867,,variable,variable_quality_weighted,nan,nan,nan,0.4126641553517372,nan,nan,nan,16.30192220890912,cs_091339,1b,,True,local+remote+phase,"local_amplitudes,remote_amplitudes,phases",3
8.675,9.622017444901664,,variable,variable_weighted_median,nan,nan,nan,0.4126641553517372,nan,nan,nan,10.916627606935595,cs_091339,1b,,True,local+remote+phase,"local_amplitudes,remote_amplitudes,phases",3
8.675,8.862232685428996,,variable,variable_mrc,nan,nan,nan,0.4126641553517372,nan,nan,nan,2.1583018493255928,cs_091339,1b,,True,local+remote+phase,"local_amplitudes,remote_amplitudes,phases",3
8.675,8.67494541718774,,variable,adaptive_selection,nan,nan,nan,0.4126641553517372,nan,nan,nan,0.0006291966831252673,cs_091339,1b,local_amplitudes,True,local+remote+phase,"local_amplitudes,remote_amplitudes,phases",3
8.675,10.918824770161175,,hierarchical,best_tone__adaptive_selection,nan,nan,nan,0.5317348249478739,nan,nan,nan,25.86541521799624,cs_091339,1b,local_amplitudes,True,local+remote+phase,"local_amplitudes,remote_amplitudes,phases",3
8.675,10.538425656527693,,hierarchical,liu_weighted_median__variable_weighted_median,nan,nan,nan,1.3923742950814804,nan,nan,nan,21.480411026255815,cs_091339,1b,,True,local+remote+phase,"local_amplitudes,remote_amplitudes,phases",3
8.675,9.070916381281986,,hierarchical,snr_mrc__variable_mrc,nan,nan,nan,0.3896288250241519,nan,nan,nan,4.563877594028648,cs_091339,1b,,True,local+remote+phase,"local_amplitudes,remote_amplitudes,phases",3
8.675,10.089191751622867,,hierarchical,hierarchical_quality_fusion,nan,nan,nan,0.4126641553517372,nan,nan,nan,16.30192220890912,cs_091339,1b,,True,local+remote+phase,"local_amplitudes,remote_amplitudes,phases",3
8.675,8.532005858226483,,variable,variable_equal_average,nan,nan,nan,0.3987573732383017,nan,nan,nan,1.6483474556025037,cs_091339,1b,,True,local+remote+phase,"local_amplitudes,remote_amplitudes,phases",4
8.675,8.676776368029127,,variable,variable_quality_weighted,nan,nan,nan,0.3987573732383017,nan,nan,nan,0.020476864889068924,cs_091339,1b,,True,local+remote+phase,"local_amplitudes,remote_amplitudes,phases",4
8.675,8.732601974691589,,variable,variable_weighted_median,nan,nan,nan,0.3987573732383017,nan,nan,nan,0.6639997082603791,cs_091339,1b,,True,local+remote+phase,"local_amplitudes,remote_amplitudes,phases",4
8.675,8.793108832277767,,variable,variable_mrc,nan,nan,nan,0.3987573732383017,nan,nan,nan,1.3614850983027795,cs_091339,1b,,True,local+remote+phase,"local_amplitudes,remote_amplitudes,phases",4
8.675,9.370092058455816,,variable,adaptive_selection,nan,nan,nan,0.3987573732383017,nan,nan,nan,8.01258857009585,cs_091339,1b,remote_amplitudes,True,local+remote+phase,"local_amplitudes,remote_amplitudes,phases",4
8.675,14.550804046845498,,hierarchical,best_tone__adaptive_selection,nan,nan,nan,0.5322002203321899,nan,nan,nan,67.73261149101437,cs_091339,1b,local_amplitudes,True,local+remote+phase,"local_amplitudes,remote_amplitudes,phases",4
8.675,10.32853012129425,,hierarchical,liu_weighted_median__variable_weighted_median,nan,nan,nan,1.4277240317660176,nan,nan,nan,19.06086595151872,cs_091339,1b,,True,local+remote+phase,"local_amplitudes,remote_amplitudes,phases",4
8.675,8.67456956025592,,hierarchical,snr_mrc__variable_mrc,nan,nan,nan,0.44643059229986143,nan,nan,nan,0.004961841430326883,cs_091339,1b,,True,local+remote+phase,"local_amplitudes,remote_amplitudes,phases",4
8.675,8.676776368029127,,hierarchical,hierarchical_quality_fusion,nan,nan,nan,0.3987573732383017,nan,nan,nan,0.020476864889068924,cs_091339,1b,,True,local+remote+phase,"local_amplitudes,remote_amplitudes,phases",4
8.675,8.787730515999714,,variable,variable_equal_average,nan,nan,nan,0.4167662012962712,nan,nan,nan,1.2994872161350222,cs_091339,1b,,True,local+remote+phase,"local_amplitudes,remote_amplitudes,phases",5
8.675,8.791473349287452,,variable,variable_quality_weighted,nan,nan,nan,0.4167662012962712,nan,nan,nan,1.3426322684432443,cs_091339,1b,,True,local+remote+phase,"local_amplitudes,remote_amplitudes,phases",5
8.675,8.789128534201287,,variable,variable_weighted_median,nan,nan,nan,0.4167662012962712,nan,nan,nan,1.3156026997266486,cs_091339,1b,,True,local+remote+phase,"local_amplitudes,remote_amplitudes,phases",5
8.675,8.50606696417395,,variable,variable_mrc,nan,nan,nan,0.4167662012962712,nan,nan,nan,1.9473548798391995,cs_091339,1b,,True,local+remote+phase,"local_amplitudes,remote_amplitudes,phases",5
8.675,9.103272632229944,,variable,adaptive_selection,nan,nan,nan,0.4167662012962712,nan,nan,nan,4.936860313889831,cs_091339,1b,remote_amplitudes,True,local+remote+phase,"local_amplitudes,remote_amplitudes,phases",5
8.675,16.89753815038665,,hierarchical,best_tone__adaptive_selection,nan,nan,nan,0.5273640628588695,nan,nan,nan,94.78430144537924,cs_091339,1b,local_amplitudes,True,local+remote+phase,"local_amplitudes,remote_amplitudes,phases",5
8.675,10.54407635541996,,hierarchical,liu_weighted_median__variable_weighted_median,nan,nan,nan,1.48198210402302,nan,nan,nan,21.54554876564795,cs_091339,1b,,True,local+remote+phase,"local_amplitudes,remote_amplitudes,phases",5
8.675,8.287408866183231,,hierarchical,snr_mrc__variable_mrc,nan,nan,nan,0.5089063759455846,nan,nan,nan,4.46790932353625,cs_091339,1b,,True,local+remote+phase,"local_amplitudes,remote_amplitudes,phases",5
8.675,8.791473349287452,,hierarchical,hierarchical_quality_fusion,nan,nan,nan,0.4167662012962712,nan,nan,nan,1.3426322684432443,cs_091339,1b,,True,local+remote+phase,"local_amplitudes,remote_amplitudes,phases",5
8.675,8.653912703452546,,variable,variable_equal_average,nan,nan,nan,0.4464115451532224,nan,nan,nan,0.24308122821273392,cs_091339,1b,,True,local+remote+phase,"local_amplitudes,remote_amplitudes,phases",6
8.675,8.624033035085668,,variable,variable_quality_weighted,nan,nan,nan,0.4464115451532224,nan,nan,nan,0.5875154456983548,cs_091339,1b,,True,local+remote+phase,"local_amplitudes,remote_amplitudes,phases",6
8.675,8.784528147145027,,variable,variable_weighted_median,nan,nan,nan,0.4464115451532224,nan,nan,nan,1.262572301383585,cs_091339,1b,,True,local+remote+phase,"local_amplitudes,remote_amplitudes,phases",6
8.675,8.277634905593194,,variable,variable_mrc,nan,nan,nan,0.4464115451532224,nan,nan,nan,4.580577457138981,cs_091339,1b,,True,local+remote+phase,"local_amplitudes,remote_amplitudes,phases",6
8.675,8.784528147145027,,variable,adaptive_selection,nan,nan,nan,0.4464115451532224,nan,nan,nan,1.262572301383585,cs_091339,1b,remote_amplitudes,True,local+remote+phase,"local_amplitudes,remote_amplitudes,phases",6
8.675,14.422858441649254,,hierarchical,best_tone__adaptive_selection,nan,nan,nan,0.5477938802680132,nan,nan,nan,66.25773419768592,cs_091339,1b,local_amplitudes,True,local+remote+phase,"local_amplitudes,remote_amplitudes,phases",6
8.675,10.587509439251589,,hierarchical,liu_weighted_median__variable_weighted_median,nan,nan,nan,1.5457171251210482,nan,nan,nan,22.04621831990303,cs_091339,1b,,True,local+remote+phase,"local_amplitudes,remote_amplitudes,phases",6
8.675,8.080663251772966,,hierarchical,snr_mrc__variable_mrc,nan,nan,nan,0.5010454530417007,nan,nan,nan,6.851144071781374,cs_091339,1b,,True,local+remote+phase,"local_amplitudes,remote_amplitudes,phases",6
8.675,8.624033035085668,,hierarchical,hierarchical_quality_fusion,nan,nan,nan,0.4464115451532224,nan,nan,nan,0.5875154456983548,cs_091339,1b,,True,local+remote+phase,"local_amplitudes,remote_amplitudes,phases",6
8.675,8.330139573805997,,variable,variable_equal_average,nan,nan,nan,0.46210853200620666,nan,nan,nan,3.9753363250029206,cs_091339,1b,,True,local+remote+phase,"local_amplitudes,remote_amplitudes,phases",7
8.675,8.321401924460542,,variable,variable_quality_weighted,nan,nan,nan,0.46210853200620666,nan,nan,nan,4.076058507659469,cs_091339,1b,,True,local+remote+phase,"local_amplitudes,remote_amplitudes,phases",7
8.675,8.411689791714384,,variable,variable_weighted_median,nan,nan,nan,0.46210853200620666,nan,nan,nan,3.035276176203076,cs_091339,1b,,True,local+remote+phase,"local_amplitudes,remote_amplitudes,phases",7
8.675,8.16762555665874,,variable,variable_mrc,nan,nan,nan,0.46210853200620666,nan,nan,nan,5.848696753213383,cs_091339,1b,,True,local+remote+phase,"local_amplitudes,remote_amplitudes,phases",7
8.675,8.567204243997798,,variable,adaptive_selection,nan,nan,nan,0.46210853200620666,nan,nan,nan,1.2426023746651582,cs_091339,1b,remote_amplitudes,True,local+remote+phase,"local_amplitudes,remote_amplitudes,phases",7
8.675,16.203739686967552,,hierarchical,best_tone__adaptive_selection,nan,nan,nan,0.5455011830747956,nan,nan,nan,86.7866246336317,cs_091339,1b,local_amplitudes,True,local+remote+phase,"local_amplitudes,remote_amplitudes,phases",7
8.675,10.48527186241009,,hierarchical,liu_weighted_median__variable_weighted_median,nan,nan,nan,1.5957619805350485,nan,nan,nan,20.86768717475606,cs_091339,1b,,True,local+remote+phase,"local_amplitudes,remote_amplitudes,phases",7
8.675,8.018773114799233,,hierarchical,snr_mrc__variable_mrc,nan,nan,nan,0.46819947722943356,nan,nan,nan,7.564575045541994,cs_091339,1b,,True,local+remote+phase,"local_amplitudes,remote_amplitudes,phases",7
8.675,8.321401924460542,,hierarchical,hierarchical_quality_fusion,nan,nan,nan,0.46210853200620666,nan,nan,nan,4.076058507659469,cs_091339,1b,,True,local+remote+phase,"local_amplitudes,remote_amplitudes,phases",7
8.675,8.252475538019652,,variable,variable_equal_average,nan,nan,nan,0.46203072108465343,nan,nan,nan,4.8705989853642455,cs_091339,1b,,True,local+remote+phase,"local_amplitudes,remote_amplitudes,phases",8
8.675,8.20387326669955,,variable,variable_quality_weighted,nan,nan,nan,0.46203072108465343,nan,nan,nan,5.4308557152789785,cs_091339,1b,,True,local+remote+phase,"local_amplitudes,remote_amplitudes,phases",8
8.675,8.498294742976638,,variable,variable_weighted_median,nan,nan,nan,0.46203072108465343,nan,nan,nan,2.036948207762106,cs_091339,1b,,True,local+remote+phase,"local_amplitudes,remote_amplitudes,phases",8
8.675,8.170916469505679,,variable,variable_mrc,nan,nan,nan,0.46203072108465343,nan,nan,nan,5.810761158435986,cs_091339,1b,,True,local+remote+phase,"local_amplitudes,remote_amplitudes,phases",8
8.675,7.721221858105171,,variable,adaptive_selection,nan,nan,nan,0.46203072108465343,nan,nan,nan,10.99456071348507,cs_091339,1b,local_amplitudes,True,local+remote+phase,"local_amplitudes,remote_amplitudes,phases",8
8.675,14.548689105848746,,hierarchical,best_tone__adaptive_selection,nan,nan,nan,0.5555251078935152,nan,nan,nan,67.70823176770887,cs_091339,1b,local_amplitudes,True,local+remote+phase,"local_amplitudes,remote_amplitudes,phases",8
8.675,10.427168150186882,,hierarchical,liu_weighted_median__variable_weighted_median,nan,nan,nan,1.6179603445179183,nan,nan,nan,20.19790374855194,cs_091339,1b,,True,local+remote+phase,"local_amplitudes,remote_amplitudes,phases",8
8.675,8.219599233432508,,hierarchical,snr_mrc__variable_mrc,nan,nan,nan,0.46187036393467945,nan,nan,nan,5.249576559855827,cs_091339,1b,,True,local+remote+phase,"local_amplitudes,remote_amplitudes,phases",8
8.675,8.20387326669955,,hierarchical,hierarchical_quality_fusion,nan,nan,nan,0.46203072108465343,nan,nan,nan,5.4308557152789785,cs_091339,1b,,True,local+remote+phase,"local_amplitudes,remote_amplitudes,phases",8
8.675,9.59830338796094,,variable,variable_equal_average,nan,nan,nan,0.4492367752929678,nan,nan,nan,10.64326672001082,cs_091339,1b,,True,local+remote+phase,"local_amplitudes,remote_amplitudes,phases",9
8.675,9.141752778487097,,variable,variable_quality_weighted,nan,nan,nan,0.4492367752929678,nan,nan,nan,5.380435486882957,cs_091339,1b,,True,local+remote+phase,"local_amplitudes,remote_amplitudes,phases",9
8.675,8.614316256437055,,variable,variable_weighted_median,nan,nan,nan,0.4492367752929678,nan,nan,nan,0.6995244214748758,cs_091339,1b,,True,local+remote+phase,"local_amplitudes,remote_amplitudes,phases",9
8.675,8.424901974870892,,variable,variable_mrc,nan,nan,nan,0.4492367752929678,nan,nan,nan,2.8829743530733016,cs_091339,1b,,True,local+remote+phase,"local_amplitudes,remote_amplitudes,phases",9
8.675,8.614316256437055,,variable,adaptive_selection,nan,nan,nan,0.4492367752929678,nan,nan,nan,0.6995244214748758,cs_091339,1b,remote_amplitudes,True,local+remote+phase,"local_amplitudes,remote_amplitudes,phases",9
8.675,14.589941273495306,,hierarchical,best_tone__adaptive_selection,nan,nan,nan,0.5560467396231686,nan,nan,nan,68.18376107775568,cs_091339,1b,local_amplitudes,True,local+remote+phase,"local_amplitudes,remote_amplitudes,phases",9
8.675,10.402436633450751,,hierarchical,liu_weighted_median__variable_weighted_median,nan,nan,nan,1.6320046561974302,nan,nan,nan,19.912814218452453,cs_091339,1b,,True,local+remote+phase,"local_amplitudes,remote_amplitudes,phases",9
8.675,8.401716333269933,,hierarchical,snr_mrc__variable_mrc,nan,nan,nan,0.4691570842255072,nan,nan,nan,3.150243996888389,cs_091339,1b,,True,local+remote+phase,"local_amplitudes,remote_amplitudes,phases",9
8.675,9.141752778487097,,hierarchical,hierarchical_quality_fusion,nan,nan,nan,0.4492367752929678,nan,nan,nan,5.380435486882957,cs_091339,1b,,True,local+remote+phase,"local_amplitudes,remote_amplitudes,phases",9
8.675,9.800616211095226,,variable,variable_equal_average,nan,nan,nan,0.45497209401830346,nan,nan,nan,12.975403009743234,cs_091339,1b,,True,local+remote+phase,"local_amplitudes,remote_amplitudes,phases",10
8.675,9.459386046374703,,variable,variable_quality_weighted,nan,nan,nan,0.45497209401830346,nan,nan,nan,9.041914079247293,cs_091339,1b,,True,local+remote+phase,"local_amplitudes,remote_amplitudes,phases",10
8.675,8.730938343217634,,variable,variable_weighted_median,nan,nan,nan,0.45497209401830346,nan,nan,nan,0.6448224002032651,cs_091339,1b,,True,local+remote+phase,"local_amplitudes,remote_amplitudes,phases",10
8.675,8.58643555565607,,variable,variable_mrc,nan,nan,nan,0.45497209401830346,nan,nan,nan,1.0209157849444426,cs_091339,1b,,True,local+remote+phase,"local_amplitudes,remote_amplitudes,phases",10
8.675,8.730938343217634,,variable,adaptive_selection,nan,nan,nan,0.45497209401830346,nan,nan,nan,0.6448224002032651,cs_091339,1b,remote_amplitudes,True,local+remote+phase,"local_amplitudes,remote_amplitudes,phases",10
8.675,16.119607367589214,,hierarchical,best_tone__adaptive_selection,nan,nan,nan,0.5526280132190685,nan,nan,nan,85.81679962638863,cs_091339,1b,local_amplitudes,True,local+remote+phase,"local_amplitudes,remote_amplitudes,phases",10
8.675,10.623542577797586,,hierarchical,liu_weighted_median__variable_weighted_median,nan,nan,nan,1.6421515802809283,nan,nan,nan,22.46158591121136,cs_091339,1b,,True,local+remote+phase,"local_amplitudes,remote_amplitudes,phases",10
8.675,8.542979840423378,,hierarchical,snr_mrc__variable_mrc,nan,nan,nan,0.46555181229266784,nan,nan,nan,1.521846219903433,cs_091339,1b,,True,local+remote+phase,"local_amplitudes,remote_amplitudes,phases",10
8.675,9.459386046374703,,hierarchical,hierarchical_quality_fusion,nan,nan,nan,0.45497209401830346,nan,nan,nan,9.041914079247293,cs_091339,1b,,True,local+remote+phase,"local_amplitudes,remote_amplitudes,phases",10
8.675,8.44831948242326,,variable,variable_equal_average,nan,nan,nan,0.4557905672451645,nan,nan,nan,2.6130319029019087,cs_091339,1b,,True,local+remote+phase,"local_amplitudes,remote_amplitudes,phases",11
8.675,8.390999790666964,,variable,variable_quality_weighted,nan,nan,nan,0.4557905672451645,nan,nan,nan,3.2737776291992726,cs_091339,1b,,True,local+remote+phase,"local_amplitudes,remote_amplitudes,phases",11
8.675,8.882659954039307,,variable,variable_weighted_median,nan,nan,nan,0.4557905672451645,nan,nan,nan,2.3937746863320553,cs_091339,1b,,True,local+remote+phase,"local_amplitudes,remote_amplitudes,phases",11
8.675,8.486738108584838,,variable,variable_mrc,nan,nan,nan,0.4557905672451645,nan,nan,nan,2.1701658952756517,cs_091339,1b,,True,local+remote+phase,"local_amplitudes,remote_amplitudes,phases",11
8.675,8.882659954039307,,variable,adaptive_selection,nan,nan,nan,0.4557905672451645,nan,nan,nan,2.3937746863320553,cs_091339,1b,remote_amplitudes,True,local+remote+phase,"local_amplitudes,remote_amplitudes,phases",11
8.675,16.34224897830562,,hierarchical,best_tone__adaptive_selection,nan,nan,nan,0.5557801737147469,nan,nan,nan,88.3832735251368,cs_091339,1b,local_amplitudes,True,local+remote+phase,"local_amplitudes,remote_amplitudes,phases",11
8.675,10.431141894369885,,hierarchical,liu_weighted_median__variable_weighted_median,nan,nan,nan,1.7128150488837857,nan,nan,nan,20.243710597923737,cs_091339,1b,,True,local+remote+phase,"local_amplitudes,remote_amplitudes,phases",11
8.675,8.462016529903385,,hierarchical,snr_mrc__variable_mrc,nan,nan,nan,0.4405560223838147,nan,nan,nan,2.4551408656670355,cs_091339,1b,,True,local+remote+phase,"local_amplitudes,remote_amplitudes,phases",11
8.675,8.390999790666964,,hierarchical,hierarchical_quality_fusion,nan,nan,nan,0.4557905672451645,nan,nan,nan,3.2737776291992726,cs_091339,1b,,True,local+remote+phase,"local_amplitudes,remote_amplitudes,phases",11
8.675,8.515346345540676,,variable,variable_equal_average,nan,nan,nan,0.4621569793424543,nan,nan,nan,1.8403879476579197,cs_091339,1b,,True,local+remote+phase,"local_amplitudes,remote_amplitudes,phases",12
8.675,8.556723788012782,,variable,variable_quality_weighted,nan,nan,nan,0.4621569793424543,nan,nan,nan,1.3634145474030974,cs_091339,1b,,True,local+remote+phase,"local_amplitudes,remote_amplitudes,phases",12
8.675,9.10970050226815,,variable,variable_weighted_median,nan,nan,nan,0.4621569793424543,nan,nan,nan,5.010956798480115,cs_091339,1b,,True,local+remote+phase,"local_amplitudes,remote_amplitudes,phases",12
8.675,9.050096345307447,,variable,variable_mrc,nan,nan,nan,0.4621569793424543,nan,nan,nan,4.323877179336551,cs_091339,1b,,True,local+remote+phase,"local_amplitudes,remote_amplitudes,phases",12
8.675,9.189034381812524,,variable,adaptive_selection,nan,nan,nan,0.4621569793424543,nan,nan,nan,5.9254683782423445,cs_091339,1b,remote_amplitudes,True,local+remote+phase,"local_amplitudes,remote_amplitudes,phases",12
8.675,14.464708402830327,,hierarchical,best_tone__adaptive_selection,nan,nan,nan,0.5640565279417723,nan,nan,nan,66.74015449948503,cs_091339,1b,local_amplitudes,True,local+remote+phase,"local_amplitudes,remote_amplitudes,phases",12
8.675,10.423055871830893,,hierarchical,liu_weighted_median__variable_weighted_median,nan,nan,nan,1.7890068311196121,nan,nan,nan,20.1504999634685,cs_091339,1b,,True,local+remote+phase,"local_amplitudes,remote_amplitudes,phases",12
8.675,8.288313577803448,,hierarchical,snr_mrc__variable_mrc,nan,nan,nan,0.45104338437419883,nan,nan,nan,4.457480371141815,cs_091339,1b,,True,local+remote+phase,"local_amplitudes,remote_amplitudes,phases",12
8.675,8.556723788012782,,hierarchical,hierarchical_quality_fusion,nan,nan,nan,0.4621569793424543,nan,nan,nan,1.3634145474030974,cs_091339,1b,,True,local+remote+phase,"local_amplitudes,remote_amplitudes,phases",12
8.675,13.642768169460611,,variable,variable_equal_average,nan,nan,nan,0.431555272106573,nan,nan,nan,57.265339129228934,cs_091339,1b,,True,local+remote+phase,"local_amplitudes,remote_amplitudes,phases",13
8.675,12.970690010009815,,variable,variable_quality_weighted,nan,nan,nan,0.431555272106573,nan,nan,nan,49.51804046120822,cs_091339,1b,,True,local+remote+phase,"local_amplitudes,remote_amplitudes,phases",13
8.675,15.499975418800535,,variable,variable_weighted_median,nan,nan,nan,0.431555272106573,nan,nan,nan,78.67406822824823,cs_091339,1b,,True,local+remote+phase,"local_amplitudes,remote_amplitudes,phases",13
8.675,9.389626733775364,,variable,variable_mrc,nan,nan,nan,0.431555272106573,nan,nan,nan,8.237772147266433,cs_091339,1b,,True,local+remote+phase,"local_amplitudes,remote_amplitudes,phases",13
8.675,9.397623188499335,,variable,adaptive_selection,nan,nan,nan,0.431555272106573,nan,nan,nan,8.329950299704137,cs_091339,1b,remote_amplitudes,True,local+remote+phase,"local_amplitudes,remote_amplitudes,phases",13
8.675,14.400056430739522,,hierarchical,best_tone__adaptive_selection,nan,nan,nan,0.5770002669939903,nan,nan,nan,65.99488680967747,cs_091339,1b,local_amplitudes,True,local+remote+phase,"local_amplitudes,remote_amplitudes,phases",13
8.675,10.331130022495206,,hierarchical,liu_weighted_median__variable_weighted_median,nan,nan,nan,1.864452842431709,nan,nan,nan,19.090835994181035,cs_091339,1b,,True,local+remote+phase,"local_amplitudes,remote_amplitudes,phases",13
8.675,16.28258497036556,,hierarchical,snr_mrc__variable_mrc,nan,nan,nan,0.5034256532012693,nan,nan,nan,87.69550398115916,cs_091339,1b,,True,local+remote+phase,"local_amplitudes,remote_amplitudes,phases",13
8.675,12.970690010009815,,hierarchical,hierarchical_quality_fusion,nan,nan,nan,0.431555272106573,nan,nan,nan,49.51804046120822,cs_091339,1b,,True,local+remote+phase,"local_amplitudes,remote_amplitudes,phases",13
14.04,14.097762882751631,,variable,variable_equal_average,nan,nan,nan,0.49159429652459813,nan,nan,nan,0.41141654381504345,cs_091339,3,,True,local+remote+phase,"local_amplitudes,remote_amplitudes,phases",0
14.04,14.598004896947161,,variable,variable_quality_weighted,nan,nan,nan,0.49159429652459813,nan,nan,nan,3.9743938529000165,cs_091339,3,,True,local+remote+phase,"local_amplitudes,remote_amplitudes,phases",0
14.04,14.84355082103854,,variable,variable_weighted_median,nan,nan,nan,0.49159429652459813,nan,nan,nan,5.723296446143459,cs_091339,3,,True,local+remote+phase,"local_amplitudes,remote_amplitudes,phases",0
14.04,18.41860915996944,,variable,variable_mrc,nan,nan,nan,0.49159429652459813,nan,nan,nan,31.186674928557263,cs_091339,3,,True,local+remote+phase,"local_amplitudes,remote_amplitudes,phases",0
14.04,14.84355082103854,,variable,adaptive_selection,nan,nan,nan,0.49159429652459813,nan,nan,nan,5.723296446143459,cs_091339,3,remote_amplitudes,True,local+remote+phase,"local_amplitudes,remote_amplitudes,phases",0
14.04,14.507789575679858,,hierarchical,best_tone__adaptive_selection,nan,nan,nan,0.5108007985140106,nan,nan,nan,3.3318345846143815,cs_091339,3,remote_amplitudes,True,local+remote+phase,"local_amplitudes,remote_amplitudes,phases",0
14.04,14.656400657720674,,hierarchical,liu_weighted_median__variable_weighted_median,nan,nan,nan,1.5130599722044205,nan,nan,nan,4.390318074933583,cs_091339,3,,True,local+remote+phase,"local_amplitudes,remote_amplitudes,phases",0
14.04,18.644603727603926,,hierarchical,snr_mrc__variable_mrc,nan,nan,nan,0.48490153085453525,nan,nan,nan,32.796322846181816,cs_091339,3,,True,local+remote+phase,"local_amplitudes,remote_amplitudes,phases",0
14.04,14.598004896947161,,hierarchical,hierarchical_quality_fusion,nan,nan,nan,0.49159429652459813,nan,nan,nan,3.9743938529000165,cs_091339,3,,True,local+remote+phase,"local_amplitudes,remote_amplitudes,phases",0
14.04,14.030752357088986,,variable,variable_equal_average,nan,nan,nan,0.48767196733678264,nan,nan,nan,0.06586640250009645,cs_091339,3,,True,local+remote+phase,"local_amplitudes,remote_amplitudes,phases",1
14.04,14.678852651234877,,variable,variable_quality_weighted,nan,nan,nan,0.48767196733678264,nan,nan,nan,4.550232558652975,cs_091339,3,,True,local+remote+phase,"local_amplitudes,remote_amplitudes,phases",1
14.04,14.86013546165763,,variable,variable_weighted_median,nan,nan,nan,0.48767196733678264,nan,nan,nan,5.841420667077149,cs_091339,3,,True,local+remote+phase,"local_amplitudes,remote_amplitudes,phases",1
14.04,16.569492679237236,,variable,variable_mrc,nan,nan,nan,0.48767196733678264,nan,nan,nan,18.016329624196842,cs_091339,3,,True,local+remote+phase,"local_amplitudes,remote_amplitudes,phases",1
14.04,14.86013546165763,,variable,adaptive_selection,nan,nan,nan,0.48767196733678264,nan,nan,nan,5.841420667077149,cs_091339,3,remote_amplitudes,True,local+remote+phase,"local_amplitudes,remote_amplitudes,phases",1
14.04,14.343746350423164,,hierarchical,best_tone__adaptive_selection,nan,nan,nan,0.5277725693506615,nan,nan,nan,2.163435544324534,cs_091339,3,remote_amplitudes,True,local+remote+phase,"local_amplitudes,remote_amplitudes,phases",1
14.04,14.431926159458307,,hierarchical,liu_weighted_median__variable_weighted_median,nan,nan,nan,1.6112621096780784,nan,nan,nan,2.7914968622386587,cs_091339,3,,True,local+remote+phase,"local_amplitudes,remote_amplitudes,phases",1
14.04,16.98920902082125,,hierarchical,snr_mrc__variable_mrc,nan,nan,nan,0.48627769111480684,nan,nan,nan,21.005762256561614,cs_091339,3,,True,local+remote+phase,"local_amplitudes,remote_amplitudes,phases",1
14.04,14.678852651234877,,hierarchical,hierarchical_quality_fusion,nan,nan,nan,0.48767196733678264,nan,nan,nan,4.550232558652975,cs_091339,3,,True,local+remote+phase,"local_amplitudes,remote_amplitudes,phases",1
14.04,14.017123781243784,,variable,variable_equal_average,nan,nan,nan,0.484142320946724,nan,nan,nan,0.16293603102717266,cs_091339,3,,True,local+remote+phase,"local_amplitudes,remote_amplitudes,phases",2
14.04,14.697246867555206,,variable,variable_quality_weighted,nan,nan,nan,0.484142320946724,nan,nan,nan,4.681245495407457,cs_091339,3,,True,local+remote+phase,"local_amplitudes,remote_amplitudes,phases",2
14.04,14.787640954277904,,variable,variable_weighted_median,nan,nan,nan,0.484142320946724,nan,nan,nan,5.325078021922403,cs_091339,3,,True,local+remote+phase,"local_amplitudes,remote_amplitudes,phases",2
14.04,16.075675894695276,,variable,variable_mrc,nan,nan,nan,0.484142320946724,nan,nan,nan,14.499116059083173,cs_091339,3,,True,local+remote+phase,"local_amplitudes,remote_amplitudes,phases",2
14.04,14.787640954277904,,variable,adaptive_selection,nan,nan,nan,0.484142320946724,nan,nan,nan,5.325078021922403,cs_091339,3,remote_amplitudes,True,local+remote+phase,"local_amplitudes,remote_amplitudes,phases",2
14.04,15.174942777009681,,hierarchical,best_tone__adaptive_selection,nan,nan,nan,0.5448779997364034,nan,nan,nan,8.083638012889475,cs_091339,3,remote_amplitudes,True,local+remote+phase,"local_amplitudes,remote_amplitudes,phases",2
14.04,14.320217525480173,,hierarchical,liu_weighted_median__variable_weighted_median,nan,nan,nan,1.6951674088233295,nan,nan,nan,1.9958513210838573,cs_091339,3,,True,local+remote+phase,"local_amplitudes,remote_amplitudes,phases",2
14.04,15.982652225993855,,hierarchical,snr_mrc__variable_mrc,nan,nan,nan,0.4927613690905004,nan,nan,nan,13.836554316195551,cs_091339,3,,True,local+remote+phase,"local_amplitudes,remote_amplitudes,phases",2
14.04,14.697246867555206,,hierarchical,hierarchical_quality_fusion,nan,nan,nan,0.484142320946724,nan,nan,nan,4.681245495407457,cs_091339,3,,True,local+remote+phase,"local_amplitudes,remote_amplitudes,phases",2
14.04,14.141034417532756,,variable,variable_equal_average,nan,nan,nan,0.4711268136004482,nan,nan,nan,0.719618358495421,cs_091339,3,,True,local+remote+phase,"local_amplitudes,remote_amplitudes,phases",3
14.04,14.625722704707643,,variable,variable_quality_weighted,nan,nan,nan,0.4711268136004482,nan,nan,nan,4.17181413609433,cs_091339,3,,True,local+remote+phase,"local_amplitudes,remote_amplitudes,phases",3
14.04,14.640547379440632,,variable,variable_weighted_median,nan,nan,nan,0.4711268136004482,nan,nan,nan,4.277402987468893,cs_091339,3,,True,local+remote+phase,"local_amplitudes,remote_amplitudes,phases",3
14.04,15.295963142226151,,variable,variable_mrc,nan,nan,nan,0.4711268136004482,nan,nan,nan,8.945606426112194,cs_091339,3,,True,local+remote+phase,"local_amplitudes,remote_amplitudes,phases",3
14.04,14.640547379440632,,variable,adaptive_selection,nan,nan,nan,0.4711268136004482,nan,nan,nan,4.277402987468893,cs_091339,3,remote_amplitudes,True,local+remote+phase,"local_amplitudes,remote_amplitudes,phases",3
14.04,15.218166290139315,,hierarchical,best_tone__adaptive_selection,nan,nan,nan,0.5430030223274921,nan,nan,nan,8.391497793015073,cs_091339,3,remote_amplitudes,True,local+remote+phase,"local_amplitudes,remote_amplitudes,phases",3
14.04,14.222051773033467,,hierarchical,liu_weighted_median__variable_weighted_median,nan,nan,nan,1.6451372872868018,nan,nan,nan,1.2966650500959251,cs_091339,3,,True,local+remote+phase,"local_amplitudes,remote_amplitudes,phases",3
14.04,15.030948999154084,,hierarchical,snr_mrc__variable_mrc,nan,nan,nan,0.464721065771142,nan,nan,nan,7.058041304516277,cs_091339,3,,True,local+remote+phase,"local_amplitudes,remote_amplitudes,phases",3
14.04,14.625722704707643,,hierarchical,hierarchical_quality_fusion,nan,nan,nan,0.4711268136004482,nan,nan,nan,4.17181413609433,cs_091339,3,,True,local+remote+phase,"local_amplitudes,remote_amplitudes,phases",3
14.04,14.482292094317609,,variable,variable_equal_average,nan,nan,nan,0.4391698217795115,nan,nan,nan,3.150228592005768,cs_091339,3,,True,local+remote+phase,"local_amplitudes,remote_amplitudes,phases",4
14.04,14.333583638157068,,variable,variable_quality_weighted,nan,nan,nan,0.4391698217795115,nan,nan,nan,2.091051553825274,cs_091339,3,,True,local+remote+phase,"local_amplitudes,remote_amplitudes,phases",4
14.04,14.483501601008216,,variable,variable_weighted_median,nan,nan,nan,0.4391698217795115,nan,nan,nan,3.158843312024337,cs_091339,3,,True,local+remote+phase,"local_amplitudes,remote_amplitudes,phases",4
14.04,14.624693816211554,,variable,variable_mrc,nan,nan,nan,0.4391698217795115,nan,nan,nan,4.164485870452671,cs_091339,3,,True,local+remote+phase,"local_amplitudes,remote_amplitudes,phases",4
14.04,14.483501601008216,,variable,adaptive_selection,nan,nan,nan,0.4391698217795115,nan,nan,nan,3.158843312024337,cs_091339,3,remote_amplitudes,True,local+remote+phase,"local_amplitudes,remote_amplitudes,phases",4
14.04,15.212206256201092,,hierarchical,best_tone__adaptive_selection,nan,nan,nan,0.5496060758773379,nan,nan,nan,8.349047408839697,cs_091339,3,remote_amplitudes,True,local+remote+phase,"local_amplitudes,remote_amplitudes,phases",4
14.04,14.229619592303221,,hierarchical,liu_weighted_median__variable_weighted_median,nan,nan,nan,1.6136154228959192,nan,nan,nan,1.3505668967465956,cs_091339,3,,True,local+remote+phase,"local_amplitudes,remote_amplitudes,phases",4
14.04,14.481945591520745,,hierarchical,snr_mrc__variable_mrc,nan,nan,nan,0.4166205517894895,nan,nan,nan,3.147760623367135,cs_091339,3,,True,local+remote+phase,"local_amplitudes,remote_amplitudes,phases",4
14.04,14.333583638157068,,hierarchical,hierarchical_quality_fusion,nan,nan,nan,0.4391698217795115,nan,nan,nan,2.091051553825274,cs_091339,3,,True,local+remote+phase,"local_amplitudes,remote_amplitudes,phases",4
14.04,13.113049235357062,,variable,variable_equal_average,nan,nan,nan,0.44708360358641014,nan,nan,nan,6.602213423382744,cs_091339,3,,True,local+remote+phase,"local_amplitudes,remote_amplitudes,phases",5
14.04,13.17293919183862,,variable,variable_quality_weighted,nan,nan,nan,0.44708360358641014,nan,nan,nan,6.175646781776211,cs_091339,3,,True,local+remote+phase,"local_amplitudes,remote_amplitudes,phases",5
14.04,14.320770978898953,,variable,variable_weighted_median,nan,nan,nan,0.44708360358641014,nan,nan,nan,1.999793297001093,cs_091339,3,,True,local+remote+phase,"local_amplitudes,remote_amplitudes,phases",5
14.04,14.361049250031844,,variable,variable_mrc,nan,nan,nan,0.44708360358641014,nan,nan,nan,2.2866755700273824,cs_091339,3,,True,local+remote+phase,"local_amplitudes,remote_amplitudes,phases",5
14.04,14.320770978898953,,variable,adaptive_selection,nan,nan,nan,0.44708360358641014,nan,nan,nan,1.999793297001093,cs_091339,3,remote_amplitudes,True,local+remote+phase,"local_amplitudes,remote_amplitudes,phases",5
14.04,15.179014470015712,,hierarchical,best_tone__adaptive_selection,nan,nan,nan,0.5386926933147796,nan,nan,nan,8.112638675325591,cs_091339,3,remote_amplitudes,True,local+remote+phase,"local_amplitudes,remote_amplitudes,phases",5
14.04,13.867407688029283,,hierarchical,liu_weighted_median__variable_weighted_median,nan,nan,nan,1.6638866476517251,nan,nan,nan,1.2292899713013945,cs_091339,3,,True,local+remote+phase,"local_amplitudes,remote_amplitudes,phases",5
14.04,14.269482534575655,,hierarchical,snr_mrc__variable_mrc,nan,nan,nan,0.47239461053202825,nan,nan,nan,1.6344909870060949,cs_091339,3,,True,local+remote+phase,"local_amplitudes,remote_amplitudes,phases",5
14.04,13.17293919183862,,hierarchical,hierarchical_quality_fusion,nan,nan,nan,0.44708360358641014,nan,nan,nan,6.175646781776211,cs_091339,3,,True,local+remote+phase,"local_amplitudes,remote_amplitudes,phases",5
14.04,12.811804802804721,,variable,variable_equal_average,nan,nan,nan,0.4826499893744692,nan,nan,nan,8.74782903985241,cs_091339,3,,True,local+remote+phase,"local_amplitudes,remote_amplitudes,phases",6
14.04,12.903199777457631,,variable,variable_quality_weighted,nan,nan,nan,0.4826499893744692,nan,nan,nan,8.096867681925696,cs_091339,3,,True,local+remote+phase,"local_amplitudes,remote_amplitudes,phases",6
14.04,13.881736186812333,,variable,variable_weighted_median,nan,nan,nan,0.4826499893744692,nan,nan,nan,1.1272351366642903,cs_091339,3,,True,local+remote+phase,"local_amplitudes,remote_amplitudes,phases",6
14.04,14.096961552693521,,variable,variable_mrc,nan,nan,nan,0.4826499893744692,nan,nan,nan,0.4057090647686775,cs_091339,3,,True,local+remote+phase,"local_amplitudes,remote_amplitudes,phases",6
14.04,14.115178336860753,,variable,adaptive_selection,nan,nan,nan,0.4826499893744692,nan,nan,nan,0.535458239748958,cs_091339,3,remote_amplitudes,True,local+remote+phase,"local_amplitudes,remote_amplitudes,phases",6
14.04,15.091581774504029,,hierarchical,best_tone__adaptive_selection,nan,nan,nan,0.5599994069435232,nan,nan,nan,7.489898678803629,cs_091339,3,remote_amplitudes,True,local+remote+phase,"local_amplitudes,remote_amplitudes,phases",6
14.04,13.49798848692222,,hierarchical,liu_weighted_median__variable_weighted_median,nan,nan,nan,1.7424026585567944,nan,nan,nan,3.8604808623773494,cs_091339,3,,True,local+remote+phase,"local_amplitudes,remote_amplitudes,phases",6
14.04,14.036372285875066,,hierarchical,snr_mrc__variable_mrc,nan,nan,nan,0.531142601448938,nan,nan,nan,0.025838419693256655,cs_091339,3,,True,local+remote+phase,"local_amplitudes,remote_amplitudes,phases",6
14.04,12.903199777457631,,hierarchical,hierarchical_quality_fusion,nan,nan,nan,0.4826499893744692,nan,nan,nan,8.096867681925696,cs_091339,3,,True,local+remote+phase,"local_amplitudes,remote_amplitudes,phases",6
14.04,12.447845374113458,,variable,variable_equal_average,nan,nan,nan,0.5140819149210479,nan,nan,nan,11.340132663009555,cs_091339,3,,True,local+remote+phase,"local_amplitudes,remote_amplitudes,phases",7
14.04,12.562420946850553,,variable,variable_quality_weighted,nan,nan,nan,0.5140819149210479,nan,nan,nan,10.52406733012426,cs_091339,3,,True,local+remote+phase,"local_amplitudes,remote_amplitudes,phases",7
14.04,12.928991291641825,,variable,variable_weighted_median,nan,nan,nan,0.5140819149210479,nan,nan,nan,7.913167438448533,cs_091339,3,,True,local+remote+phase,"local_amplitudes,remote_amplitudes,phases",7
14.04,13.655745286993383,,variable,variable_mrc,nan,nan,nan,0.5140819149210479,nan,nan,nan,2.7368569302465517,cs_091339,3,,True,local+remote+phase,"local_amplitudes,remote_amplitudes,phases",7
14.04,13.867128758595264,,variable,adaptive_selection,nan,nan,nan,0.5140819149210479,nan,nan,nan,1.2312766481818738,cs_091339,3,remote_amplitudes,True,local+remote+phase,"local_amplitudes,remote_amplitudes,phases",7
14.04,14.153648852875033,,hierarchical,best_tone__adaptive_selection,nan,nan,nan,0.5689969065470172,nan,nan,nan,0.8094647640671946,cs_091339,3,remote_amplitudes,True,local+remote+phase,"local_amplitudes,remote_amplitudes,phases",7
14.04,13.043618470991502,,hierarchical,liu_weighted_median__variable_weighted_median,nan,nan,nan,1.7960751995551243,nan,nan,nan,7.096734537097557,cs_091339,3,,True,local+remote+phase,"local_amplitudes,remote_amplitudes,phases",7
14.04,13.492903138477516,,hierarchical,snr_mrc__variable_mrc,nan,nan,nan,0.5433836315801762,nan,nan,nan,3.8967012928951807,cs_091339,3,,True,local+remote+phase,"local_amplitudes,remote_amplitudes,phases",7
14.04,12.562420946850553,,hierarchical,hierarchical_quality_fusion,nan,nan,nan,0.5140819149210479,nan,nan,nan,10.52406733012426,cs_091339,3,,True,local+remote+phase,"local_amplitudes,remote_amplitudes,phases",7
14.04,11.9909589474667,,variable,variable_equal_average,nan,nan,nan,0.5491907244615711,nan,nan,nan,14.594309490977917,cs_091339,3,,True,local+remote+phase,"local_amplitudes,remote_amplitudes,phases",8
14.04,12.143153574768856,,variable,variable_quality_weighted,nan,nan,nan,0.5491907244615711,nan,nan,nan,13.510302174010988,cs_091339,3,,True,local+remote+phase,"local_amplitudes,remote_amplitudes,phases",8
14.04,11.770913470354618,,variable,variable_weighted_median,nan,nan,nan,0.5491907244615711,nan,nan,nan,16.1615849689842,cs_091339,3,,True,local+remote+phase,"local_amplitudes,remote_amplitudes,phases",8
14.04,12.73413947558759,,variable,variable_mrc,nan,nan,nan,0.5491907244615711,nan,nan,nan,9.301000886128273,cs_091339,3,,True,local+remote+phase,"local_amplitudes,remote_amplitudes,phases",8
14.04,13.600945370363947,,variable,adaptive_selection,nan,nan,nan,0.5491907244615711,nan,nan,nan,3.127169726752509,cs_091339,3,remote_amplitudes,True,local+remote+phase,"local_amplitudes,remote_amplitudes,phases",8
14.04,14.04156115546283,,hierarchical,best_tone__adaptive_selection,nan,nan,nan,0.5748162769060859,nan,nan,nan,0.011119340903352953,cs_091339,3,remote_amplitudes,True,local+remote+phase,"local_amplitudes,remote_amplitudes,phases",8
14.04,12.775393117714344,,hierarchical,liu_weighted_median__variable_weighted_median,nan,nan,nan,1.8107982686206012,nan,nan,nan,9.007171526251105,cs_091339,3,,True,local+remote+phase,"local_amplitudes,remote_amplitudes,phases",8
14.04,12.845204795984639,,hierarchical,snr_mrc__variable_mrc,nan,nan,nan,0.5431674466659554,nan,nan,nan,8.509937350536754,cs_091339,3,,True,local+remote+phase,"local_amplitudes,remote_amplitudes,phases",8
14.04,12.143153574768856,,hierarchical,hierarchical_quality_fusion,nan,nan,nan,0.5491907244615711,nan,nan,nan,13.510302174010988,cs_091339,3,,True,local+remote+phase,"local_amplitudes,remote_amplitudes,phases",8
14.04,11.567196459268857,,variable,variable_equal_average,nan,nan,nan,0.5467327223816749,nan,nan,nan,17.612560831418396,cs_091339,3,,True,local+remote+phase,"local_amplitudes,remote_amplitudes,phases",9
14.04,11.710242872634305,,variable,variable_quality_weighted,nan,nan,nan,0.5467327223816749,nan,nan,nan,16.59371173337389,cs_091339,3,,True,local+remote+phase,"local_amplitudes,remote_amplitudes,phases",9
14.04,10.747079557519939,,variable,variable_weighted_median,nan,nan,nan,0.5467327223816749,nan,nan,nan,23.453849305413534,cs_091339,3,,True,local+remote+phase,"local_amplitudes,remote_amplitudes,phases",9
14.04,11.475722777442051,,variable,variable_mrc,nan,nan,nan,0.5467327223816749,nan,nan,nan,18.264082781751767,cs_091339,3,,True,local+remote+phase,"local_amplitudes,remote_amplitudes,phases",9
14.04,13.341641045338937,,variable,adaptive_selection,nan,nan,nan,0.5467327223816749,nan,nan,nan,4.974066628640044,cs_091339,3,remote_amplitudes,True,local+remote+phase,"local_amplitudes,remote_amplitudes,phases",9
14.04,12.958894313793833,,hierarchical,best_tone__adaptive_selection,nan,nan,nan,0.5722075156032842,nan,nan,nan,7.700182950186372,cs_091339,3,remote_amplitudes,True,local+remote+phase,"local_amplitudes,remote_amplitudes,phases",9
14.04,12.230917195091402,,hierarchical,liu_weighted_median__variable_weighted_median,nan,nan,nan,1.7616188101504269,nan,nan,nan,12.885205163166644,cs_091339,3,,True,local+remote+phase,"local_amplitudes,remote_amplitudes,phases",9
14.04,12.129197464170634,,hierarchical,snr_mrc__variable_mrc,nan,nan,nan,0.5291887997360214,nan,nan,nan,13.609704671149325,cs_091339,3,,True,local+remote+phase,"local_amplitudes,remote_amplitudes,phases",9
14.04,11.710242872634305,,hierarchical,hierarchical_quality_fusion,nan,nan,nan,0.5467327223816749,nan,nan,nan,16.59371173337389,cs_091339,3,,True,local+remote+phase,"local_amplitudes,remote_amplitudes,phases",9
14.04,11.321544818931335,,variable,variable_equal_average,nan,nan,nan,0.5170881183918509,nan,nan,nan,19.362216389377952,cs_091339,3,,True,local+remote+phase,"local_amplitudes,remote_amplitudes,phases",10
14.04,11.483670368252884,,variable,variable_quality_weighted,nan,nan,nan,0.5170881183918509,nan,nan,nan,18.207476009594835,cs_091339,3,,True,local+remote+phase,"local_amplitudes,remote_amplitudes,phases",10
14.04,10.55525099359785,,variable,variable_weighted_median,nan,nan,nan,0.5170881183918509,nan,nan,nan,24.820149618248927,cs_091339,3,,True,local+remote+phase,"local_amplitudes,remote_amplitudes,phases",10
14.04,10.837234063348639,,variable,variable_mrc,nan,nan,nan,0.5170881183918509,nan,nan,nan,22.81172319552251,cs_091339,3,,True,local+remote+phase,"local_amplitudes,remote_amplitudes,phases",10
14.04,13.189341530598037,,variable,adaptive_selection,nan,nan,nan,0.5170881183918509,nan,nan,nan,6.058821007136482,cs_091339,3,remote_amplitudes,True,local+remote+phase,"local_amplitudes,remote_amplitudes,phases",10
14.04,12.900218577374996,,hierarchical,best_tone__adaptive_selection,nan,nan,nan,0.5633328021059801,nan,nan,nan,8.118101300747883,cs_091339,3,remote_amplitudes,True,local+remote+phase,"local_amplitudes,remote_amplitudes,phases",10
14.04,11.931434602617,,hierarchical,liu_weighted_median__variable_weighted_median,nan,nan,nan,1.6865143431469418,nan,nan,nan,15.018272061132478,cs_091339,3,,True,local+remote+phase,"local_amplitudes,remote_amplitudes,phases",10
14.04,10.517661535325875,,hierarchical,snr_mrc__variable_mrc,nan,nan,nan,0.5373165821891358,nan,nan,nan,25.087880802522257,cs_091339,3,,True,local+remote+phase,"local_amplitudes,remote_amplitudes,phases",10
14.04,11.483670368252884,,hierarchical,hierarchical_quality_fusion,nan,nan,nan,0.5170881183918509,nan,nan,nan,18.207476009594835,cs_091339,3,,True,local+remote+phase,"local_amplitudes,remote_amplitudes,phases",10
14.04,11.188111188056475,,variable,variable_equal_average,nan,nan,nan,0.4896621362849028,nan,nan,nan,20.31259837566613,cs_091339,3,,True,local+remote+phase,"local_amplitudes,remote_amplitudes,phases",11
14.04,11.353956056122088,,variable,variable_quality_weighted,nan,nan,nan,0.4896621362849028,nan,nan,nan,19.131367121637542,cs_091339,3,,True,local+remote+phase,"local_amplitudes,remote_amplitudes,phases",11
14.04,10.418244461915597,,variable,variable_weighted_median,nan,nan,nan,0.4896621362849028,nan,nan,nan,25.79597961598577,cs_091339,3,,True,local+remote+phase,"local_amplitudes,remote_amplitudes,phases",11
14.04,10.260108739981025,,variable,variable_mrc,nan,nan,nan,0.4896621362849028,nan,nan,nan,26.92230242178757,cs_091339,3,,True,local+remote+phase,"local_amplitudes,remote_amplitudes,phases",11
14.04,13.110830314623621,,variable,adaptive_selection,nan,nan,nan,0.4896621362849028,nan,nan,nan,6.618017702110953,cs_091339,3,remote_amplitudes,True,local+remote+phase,"local_amplitudes,remote_amplitudes,phases",11
14.04,14.311480503291106,,hierarchical,best_tone__adaptive_selection,nan,nan,nan,0.5575172484205656,nan,nan,nan,1.9336218183127276,cs_091339,3,remote_amplitudes,True,local+remote+phase,"local_amplitudes,remote_amplitudes,phases",11
14.04,11.736660487459043,,hierarchical,liu_weighted_median__variable_weighted_median,nan,nan,nan,1.638142964315886,nan,nan,nan,16.405552083625047,cs_091339,3,,True,local+remote+phase,"local_amplitudes,remote_amplitudes,phases",11
14.04,10.021669365845684,,hierarchical,snr_mrc__variable_mrc,nan,nan,nan,0.5273653693852492,nan,nan,nan,28.62058856235268,cs_091339,3,,True,local+remote+phase,"local_amplitudes,remote_amplitudes,phases",11
14.04,11.353956056122088,,hierarchical,hierarchical_quality_fusion,nan,nan,nan,0.4896621362849028,nan,nan,nan,19.131367121637542,cs_091339,3,,True,local+remote+phase,"local_amplitudes,remote_amplitudes,phases",11
14.04,11.0570592016766,,variable,variable_equal_average,nan,nan,nan,0.4630219322152514,nan,nan,nan,21.246017082075497,cs_091339,3,,True,local+remote+phase,"local_amplitudes,remote_amplitudes,phases",12
14.04,11.239086537019984,,variable,variable_quality_weighted,nan,nan,nan,0.4630219322152514,nan,nan,nan,19.949526089601246,cs_091339,3,,True,local+remote+phase,"local_amplitudes,remote_amplitudes,phases",12
14.04,10.04932622245849,,variable,variable_weighted_median,nan,nan,nan,0.4630219322152514,nan,nan,nan,28.423602404141807,cs_091339,3,,True,local+remote+phase,"local_amplitudes,remote_amplitudes,phases",12
14.04,9.87761896755955,,variable,variable_mrc,nan,nan,nan,0.4630219322152514,nan,nan,nan,29.646588550145648,cs_091339,3,,True,local+remote+phase,"local_amplitudes,remote_amplitudes,phases",12
14.04,13.13006516810115,,variable,adaptive_selection,nan,nan,nan,0.4630219322152514,nan,nan,nan,6.481017321216869,cs_091339,3,remote_amplitudes,True,local+remote+phase,"local_amplitudes,remote_amplitudes,phases",12
14.04,14.429839965740886,,hierarchical,best_tone__adaptive_selection,nan,nan,nan,0.5525944049545539,nan,nan,nan,2.7766379326273976,cs_091339,3,remote_amplitudes,True,local+remote+phase,"local_amplitudes,remote_amplitudes,phases",12
14.04,11.470012271345364,,hierarchical,liu_weighted_median__variable_weighted_median,nan,nan,nan,1.6102787103754383,nan,nan,nan,18.304755902098538,cs_091339,3,,True,local+remote+phase,"local_amplitudes,remote_amplitudes,phases",12
14.04,10.03720186062092,,hierarchical,snr_mrc__variable_mrc,nan,nan,nan,0.494658419567918,nan,nan,nan,28.509958257685753,cs_091339,3,,True,local+remote+phase,"local_amplitudes,remote_amplitudes,phases",12
14.04,11.239086537019984,,hierarchical,hierarchical_quality_fusion,nan,nan,nan,0.4630219322152514,nan,nan,nan,19.949526089601246,cs_091339,3,,True,local+remote+phase,"local_amplitudes,remote_amplitudes,phases",12
8.675,10.512918819848558,,variable,variable_equal_average,nan,nan,nan,0.7716325621431025,nan,nan,nan,21.186384090473283,cs_095806,1a,,True,local+remote+phase,"local_amplitudes,remote_amplitudes,phases",0
8.675,10.520495124989731,,variable,variable_quality_weighted,nan,nan,nan,0.7716325621431025,nan,nan,nan,21.27371902005453,cs_095806,1a,,True,local+remote+phase,"local_amplitudes,remote_amplitudes,phases",0
8.675,10.786601114868159,,variable,variable_weighted_median,nan,nan,nan,0.7716325621431025,nan,nan,nan,24.34122322614591,cs_095806,1a,,True,local+remote+phase,"local_amplitudes,remote_amplitudes,phases",0
8.675,10.794883303682042,,variable,variable_mrc,nan,nan,nan,0.7716325621431025,nan,nan,nan,24.436695143308828,cs_095806,1a,,True,local+remote+phase,"local_amplitudes,remote_amplitudes,phases",0
8.675,10.786601114868159,,variable,adaptive_selection,nan,nan,nan,0.7716325621431025,nan,nan,nan,24.34122322614591,cs_095806,1a,local_amplitudes,True,local+remote+phase,"local_amplitudes,remote_amplitudes,phases",0
8.675,11.197641154504392,,hierarchical,best_tone__adaptive_selection,nan,nan,nan,0.7716325621431025,nan,nan,nan,29.079436939531888,cs_095806,1a,local_amplitudes,True,local+remote+phase,"local_amplitudes,remote_amplitudes,phases",0
8.675,10.511293933172976,,hierarchical,liu_weighted_median__variable_weighted_median,nan,nan,nan,3.4253441882456275,nan,nan,nan,21.167653408334004,cs_095806,1a,,True,local+remote+phase,"local_amplitudes,remote_amplitudes,phases",0
8.675,10.85588638061932,,hierarchical,snr_mrc__variable_mrc,nan,nan,nan,0.7646777206375934,nan,nan,nan,25.139900641144898,cs_095806,1a,,True,local+remote+phase,"local_amplitudes,remote_amplitudes,phases",0
8.675,10.520495124989731,,hierarchical,hierarchical_quality_fusion,nan,nan,nan,0.7716325621431025,nan,nan,nan,21.27371902005453,cs_095806,1a,,True,local+remote+phase,"local_amplitudes,remote_amplitudes,phases",0
8.675,10.55977084787498,,variable,variable_equal_average,nan,nan,nan,0.7757561083926802,nan,nan,nan,21.726465105187074,cs_095806,1a,,True,local+remote+phase,"local_amplitudes,remote_amplitudes,phases",1
8.675,10.565067050125203,,variable,variable_quality_weighted,nan,nan,nan,0.7757561083926802,nan,nan,nan,21.787516427956216,cs_095806,1a,,True,local+remote+phase,"local_amplitudes,remote_amplitudes,phases",1
8.675,10.846333921186378,,variable,variable_weighted_median,nan,nan,nan,0.7757561083926802,nan,nan,nan,25.029785835001466,cs_095806,1a,,True,local+remote+phase,"local_amplitudes,remote_amplitudes,phases",1
8.675,10.85696414078511,,variable,variable_mrc,nan,nan,nan,0.7757561083926802,nan,nan,nan,25.1523243894537,cs_095806,1a,,True,local+remote+phase,"local_amplitudes,remote_amplitudes,phases",1
8.675,10.846333921186378,,variable,adaptive_selection,nan,nan,nan,0.7757561083926802,nan,nan,nan,25.029785835001466,cs_095806,1a,local_amplitudes,True,local+remote+phase,"local_amplitudes,remote_amplitudes,phases",1
8.675,11.132372756028941,,hierarchical,best_tone__adaptive_selection,nan,nan,nan,0.7757561083926802,nan,nan,nan,28.327063470074236,cs_095806,1a,local_amplitudes,True,local+remote+phase,"local_amplitudes,remote_amplitudes,phases",1
8.675,10.556837841422837,,hierarchical,liu_weighted_median__variable_weighted_median,nan,nan,nan,3.701648237926852,nan,nan,nan,21.6926552325399,cs_095806,1a,,True,local+remote+phase,"local_amplitudes,remote_amplitudes,phases",1
8.675,10.844235755806217,,hierarchical,snr_mrc__variable_mrc,nan,nan,nan,0.7757561083926802,nan,nan,nan,25.00559949056157,cs_095806,1a,,True,local+remote+phase,"local_amplitudes,remote_amplitudes,phases",1
8.675,10.565067050125203,,hierarchical,hierarchical_quality_fusion,nan,nan,nan,0.7757561083926802,nan,nan,nan,21.787516427956216,cs_095806,1a,,True,local+remote+phase,"local_amplitudes,remote_amplitudes,phases",1
8.675,10.604745986722463,,variable,variable_equal_average,nan,nan,nan,0.7836249714785953,nan,nan,nan,22.244910509769017,cs_095806,1a,,True,local+remote+phase,"local_amplitudes,remote_amplitudes,phases",2
8.675,10.604366671707634,,variable,variable_quality_weighted,nan,nan,nan,0.7836249714785953,nan,nan,nan,22.240538002393468,cs_095806,1a,,True,local+remote+phase,"local_amplitudes,remote_amplitudes,phases",2
8.675,10.911064345858687,,variable,variable_weighted_median,nan,nan,nan,0.7836249714785953,nan,nan,nan,25.77595787733356,cs_095806,1a,,True,local+remote+phase,"local_amplitudes,remote_amplitudes,phases",2
8.675,10.932066766707187,,variable,variable_mrc,nan,nan,nan,0.7836249714785953,nan,nan,nan,26.018060711322033,cs_095806,1a,,True,local+remote+phase,"local_amplitudes,remote_amplitudes,phases",2
8.675,10.911064345858687,,variable,adaptive_selection,nan,nan,nan,0.7836249714785953,nan,nan,nan,25.77595787733356,cs_095806,1a,local_amplitudes,True,local+remote+phase,"local_amplitudes,remote_amplitudes,phases",2
8.675,11.064270795324006,,hierarchical,best_tone__adaptive_selection,nan,nan,nan,0.7836249714785953,nan,nan,nan,27.542026459066342,cs_095806,1a,local_amplitudes,True,local+remote+phase,"local_amplitudes,remote_amplitudes,phases",2
8.675,10.600730333895857,,hierarchical,liu_weighted_median__variable_weighted_median,nan,nan,nan,3.752793431257546,nan,nan,nan,22.198620563640993,cs_095806,1a,,True,local+remote+phase,"local_amplitudes,remote_amplitudes,phases",2
8.675,10.803262140532224,,hierarchical,snr_mrc__variable_mrc,nan,nan,nan,0.7836249714785953,nan,nan,nan,24.533281158872892,cs_095806,1a,,True,local+remote+phase,"local_amplitudes,remote_amplitudes,phases",2
8.675,10.604366671707634,,hierarchical,hierarchical_quality_fusion,nan,nan,nan,0.7836249714785953,nan,nan,nan,22.240538002393468,cs_095806,1a,,True,local+remote+phase,"local_amplitudes,remote_amplitudes,phases",2
8.675,10.631489936814832,,variable,variable_equal_average,nan,nan,nan,0.7981584781290995,nan,nan,nan,22.553198118902955,cs_095806,1a,,True,local+remote+phase,"local_amplitudes,remote_amplitudes,phases",3
8.675,10.626050660348739,,variable,variable_quality_weighted,nan,nan,nan,0.7981584781290995,nan,nan,nan,22.490497525633867,cs_095806,1a,,True,local+remote+phase,"local_amplitudes,remote_amplitudes,phases",3
8.675,10.955062089789218,,variable,variable_weighted_median,nan,nan,nan,0.7981584781290995,nan,nan,nan,26.283136481720078,cs_095806,1a,,True,local+remote+phase,"local_amplitudes,remote_amplitudes,phases",3
8.675,10.986705401852415,,variable,variable_mrc,nan,nan,nan,0.7981584781290995,nan,nan,nan,26.64790088590679,cs_095806,1a,,True,local+remote+phase,"local_amplitudes,remote_amplitudes,phases",3
8.675,9.91770099382502,,variable,adaptive_selection,nan,nan,nan,0.7981584781290995,nan,nan,nan,14.325083502305702,cs_095806,1a,phases,True,local+remote+phase,"local_amplitudes,remote_amplitudes,phases",3
8.675,9.63274122752564,,hierarchical,best_tone__adaptive_selection,nan,nan,nan,0.7981584781290995,nan,nan,nan,11.040244697701898,cs_095806,1a,phases,True,local+remote+phase,"local_amplitudes,remote_amplitudes,phases",3
8.675,10.510742683870355,,hierarchical,liu_weighted_median__variable_weighted_median,nan,nan,nan,4.015203504404474,nan,nan,nan,21.161298949514165,cs_095806,1a,,True,local+remote+phase,"local_amplitudes,remote_amplitudes,phases",3
8.675,10.697283283820076,,hierarchical,snr_mrc__variable_mrc,nan,nan,nan,0.7789273578329068,nan,nan,nan,23.311622868242935,cs_095806,1a,,True,local+remote+phase,"local_amplitudes,remote_amplitudes,phases",3
8.675,10.626050660348739,,hierarchical,hierarchical_quality_fusion,nan,nan,nan,0.7981584781290995,nan,nan,nan,22.490497525633867,cs_095806,1a,,True,local+remote+phase,"local_amplitudes,remote_amplitudes,phases",3
8.675,10.635929636547909,,variable,variable_equal_average,nan,nan,nan,0.7983219881238101,nan,nan,nan,22.604376213808735,cs_095806,1a,,True,local+remote+phase,"local_amplitudes,remote_amplitudes,phases",4
8.675,10.62559291241077,,variable,variable_quality_weighted,nan,nan,nan,0.7983219881238101,nan,nan,nan,22.485220892343165,cs_095806,1a,,True,local+remote+phase,"local_amplitudes,remote_amplitudes,phases",4
8.675,10.994549922773434,,variable,variable_weighted_median,nan,nan,nan,0.7983219881238101,nan,nan,nan,26.73832764003957,cs_095806,1a,,True,local+remote+phase,"local_amplitudes,remote_amplitudes,phases",4
8.675,11.031330785831774,,variable,variable_mrc,nan,nan,nan,0.7983219881238101,nan,nan,nan,27.162314534083837,cs_095806,1a,,True,local+remote+phase,"local_amplitudes,remote_amplitudes,phases",4
8.675,9.842611759228287,,variable,adaptive_selection,nan,nan,nan,0.7983219881238101,nan,nan,nan,13.459501547300132,cs_095806,1a,phases,True,local+remote+phase,"local_amplitudes,remote_amplitudes,phases",4
8.675,9.558464123981175,,hierarchical,best_tone__adaptive_selection,nan,nan,nan,0.7983219881238101,nan,nan,nan,10.184024483932838,cs_095806,1a,phases,True,local+remote+phase,"local_amplitudes,remote_amplitudes,phases",4
8.675,10.430660369553035,,hierarchical,liu_weighted_median__variable_weighted_median,nan,nan,nan,4.035729186330434,nan,nan,nan,20.23815987957388,cs_095806,1a,,True,local+remote+phase,"local_amplitudes,remote_amplitudes,phases",4
8.675,10.547128594543985,,hierarchical,snr_mrc__variable_mrc,nan,nan,nan,0.7622149104291189,nan,nan,nan,21.580733078316815,cs_095806,1a,,True,local+remote+phase,"local_amplitudes,remote_amplitudes,phases",4
8.675,10.62559291241077,,hierarchical,hierarchical_quality_fusion,nan,nan,nan,0.7983219881238101,nan,nan,nan,22.485220892343165,cs_095806,1a,,True,local+remote+phase,"local_amplitudes,remote_amplitudes,phases",4
8.675,10.644680788089877,,variable,variable_equal_average,nan,nan,nan,0.7925533037625793,nan,nan,nan,22.70525404138186,cs_095806,1a,,True,local+remote+phase,"local_amplitudes,remote_amplitudes,phases",5
8.675,10.633583252205472,,variable,variable_quality_weighted,nan,nan,nan,0.7925533037625793,nan,nan,nan,22.57732855568267,cs_095806,1a,,True,local+remote+phase,"local_amplitudes,remote_amplitudes,phases",5
8.675,11.042543086869498,,variable,variable_weighted_median,nan,nan,nan,0.7925533037625793,nan,nan,nan,27.291562961031673,cs_095806,1a,,True,local+remote+phase,"local_amplitudes,remote_amplitudes,phases",5
8.675,11.082451167885955,,variable,variable_mrc,nan,nan,nan,0.7925533037625793,nan,nan,nan,27.751598477071514,cs_095806,1a,,True,local+remote+phase,"local_amplitudes,remote_amplitudes,phases",5
8.675,9.76671902756841,,variable,adaptive_selection,nan,nan,nan,0.7925533037625793,nan,nan,nan,12.58465737831019,cs_095806,1a,phases,True,local+remote+phase,"local_amplitudes,remote_amplitudes,phases",5
8.675,9.46725605934181,,hierarchical,best_tone__adaptive_selection,nan,nan,nan,0.7925533037625793,nan,nan,nan,9.132634689819131,cs_095806,1a,phases,True,local+remote+phase,"local_amplitudes,remote_amplitudes,phases",5
8.675,10.356723966836254,,hierarchical,liu_weighted_median__variable_weighted_median,nan,nan,nan,4.057540607298573,nan,nan,nan,19.385867052867475,cs_095806,1a,,True,local+remote+phase,"local_amplitudes,remote_amplitudes,phases",5
8.675,10.250417911574743,,hierarchical,snr_mrc__variable_mrc,nan,nan,nan,0.765596981910528,nan,nan,nan,18.160437021034497,cs_095806,1a,,True,local+remote+phase,"local_amplitudes,remote_amplitudes,phases",5
8.675,10.633583252205472,,hierarchical,hierarchical_quality_fusion,nan,nan,nan,0.7925533037625793,nan,nan,nan,22.57732855568267,cs_095806,1a,,True,local+remote+phase,"local_amplitudes,remote_amplitudes,phases",5
8.675,10.640332816984847,,variable,variable_equal_average,nan,nan,nan,0.7829924973562562,nan,nan,nan,22.655133337001104,cs_095806,1a,,True,local+remote+phase,"local_amplitudes,remote_amplitudes,phases",6
8.675,10.642946476613444,,variable,variable_quality_weighted,nan,nan,nan,0.7829924973562562,nan,nan,nan,22.685261978252946,cs_095806,1a,,True,local+remote+phase,"local_amplitudes,remote_amplitudes,phases",6
8.675,11.078218414369642,,variable,variable_weighted_median,nan,nan,nan,0.7829924973562562,nan,nan,nan,27.702805929333042,cs_095806,1a,,True,local+remote+phase,"local_amplitudes,remote_amplitudes,phases",6
8.675,11.133167550098587,,variable,variable_mrc,nan,nan,nan,0.7829924973562562,nan,nan,nan,28.33622536136699,cs_095806,1a,,True,local+remote+phase,"local_amplitudes,remote_amplitudes,phases",6
8.675,11.194081235057766,,variable,adaptive_selection,nan,nan,nan,0.7829924973562562,nan,nan,nan,29.038400404124094,cs_095806,1a,remote_amplitudes,True,local+remote+phase,"local_amplitudes,remote_amplitudes,phases",6
8.675,10.61034778122411,,hierarchical,best_tone__adaptive_selection,nan,nan,nan,0.7829924973562562,nan,nan,nan,22.309484509788007,cs_095806,1a,remote_amplitudes,True,local+remote+phase,"local_amplitudes,remote_amplitudes,phases",6
8.675,10.319315871420358,,hierarchical,liu_weighted_median__variable_weighted_median,nan,nan,nan,4.062557409774507,nan,nan,nan,18.954649814643883,cs_095806,1a,,True,local+remote+phase,"local_amplitudes,remote_amplitudes,phases",6
8.675,10.833159090228081,,hierarchical,snr_mrc__variable_mrc,nan,nan,nan,0.721210325006613,nan,nan,nan,24.877914584761733,cs_095806,1a,,True,local+remote+phase,"local_amplitudes,remote_amplitudes,phases",6
8.675,10.642946476613444,,hierarchical,hierarchical_quality_fusion,nan,nan,nan,0.7829924973562562,nan,nan,nan,22.685261978252946,cs_095806,1a,,True,local+remote+phase,"local_amplitudes,remote_amplitudes,phases",6
8.675,10.613280959958816,,variable,variable_equal_average,nan,nan,nan,0.7738801398051846,nan,nan,nan,22.343296368401326,cs_095806,1a,,True,local+remote+phase,"local_amplitudes,remote_amplitudes,phases",7
8.675,10.629109002790479,,variable,variable_quality_weighted,nan,nan,nan,0.7738801398051846,nan,nan,nan,22.52575219355018,cs_095806,1a,,True,local+remote+phase,"local_amplitudes,remote_amplitudes,phases",7
8.675,11.111288694645046,,variable,variable_weighted_median,nan,nan,nan,0.7738801398051846,nan,nan,nan,28.084019534813194,cs_095806,1a,,True,local+remote+phase,"local_amplitudes,remote_amplitudes,phases",7
8.675,11.16832388703512,,variable,variable_mrc,nan,nan,nan,0.7738801398051846,nan,nan,nan,28.741485729511457,cs_095806,1a,,True,local+remote+phase,"local_amplitudes,remote_amplitudes,phases",7
8.675,11.232488163912295,,variable,adaptive_selection,nan,nan,nan,0.7738801398051846,nan,nan,nan,29.481131572476016,cs_095806,1a,remote_amplitudes,True,local+remote+phase,"local_amplitudes,remote_amplitudes,phases",7
8.675,10.534839175381391,,hierarchical,best_tone__adaptive_selection,nan,nan,nan,0.7738801398051846,nan,nan,nan,21.439068304108243,cs_095806,1a,remote_amplitudes,True,local+remote+phase,"local_amplitudes,remote_amplitudes,phases",7
8.675,10.218073091975059,,hierarchical,liu_weighted_median__variable_weighted_median,nan,nan,nan,4.128253982573042,nan,nan,nan,17.78758607464044,cs_095806,1a,,True,local+remote+phase,"local_amplitudes,remote_amplitudes,phases",7
8.675,11.356967333766582,,hierarchical,snr_mrc__variable_mrc,nan,nan,nan,0.6687681921050546,nan,nan,nan,30.916049956963466,cs_095806,1a,,True,local+remote+phase,"local_amplitudes,remote_amplitudes,phases",7
8.675,10.629109002790479,,hierarchical,hierarchical_quality_fusion,nan,nan,nan,0.7738801398051846,nan,nan,nan,22.52575219355018,cs_095806,1a,,True,local+remote+phase,"local_amplitudes,remote_amplitudes,phases",7
8.675,10.552117485101128,,variable,variable_equal_average,nan,nan,nan,0.7759742853406569,nan,nan,nan,21.638241903183022,cs_095806,1a,,True,local+remote+phase,"local_amplitudes,remote_amplitudes,phases",8
8.675,10.568401350617759,,variable,variable_quality_weighted,nan,nan,nan,0.7759742853406569,nan,nan,nan,21.82595216850441,cs_095806,1a,,True,local+remote+phase,"local_amplitudes,remote_amplitudes,phases",8
8.675,11.136716020183401,,variable,variable_weighted_median,nan,nan,nan,0.7759742853406569,nan,nan,nan,28.377129915658795,cs_095806,1a,,True,local+remote+phase,"local_amplitudes,remote_amplitudes,phases",8
8.675,11.173764398591924,,variable,variable_mrc,nan,nan,nan,0.7759742853406569,nan,nan,nan,28.804200560137446,cs_095806,1a,,True,local+remote+phase,"local_amplitudes,remote_amplitudes,phases",8
8.675,11.212168510285082,,variable,adaptive_selection,nan,nan,nan,0.7759742853406569,nan,nan,nan,29.2468992540067,cs_095806,1a,remote_amplitudes,True,local+remote+phase,"local_amplitudes,remote_amplitudes,phases",8
8.675,10.511981390769934,,hierarchical,best_tone__adaptive_selection,nan,nan,nan,0.7759742853406569,nan,nan,nan,21.175577991584245,cs_095806,1a,remote_amplitudes,True,local+remote+phase,"local_amplitudes,remote_amplitudes,phases",8
8.675,10.05872769082374,,hierarchical,liu_weighted_median__variable_weighted_median,nan,nan,nan,4.216728743202481,nan,nan,nan,15.950751479236194,cs_095806,1a,,True,local+remote+phase,"local_amplitudes,remote_amplitudes,phases",8
8.675,11.688168875945822,,hierarchical,snr_mrc__variable_mrc,nan,nan,nan,0.6971457953692161,nan,nan,nan,34.733935169404276,cs_095806,1a,,True,local+remote+phase,"local_amplitudes,remote_amplitudes,phases",8
8.675,10.568401350617759,,hierarchical,hierarchical_quality_fusion,nan,nan,nan,0.7759742853406569,nan,nan,nan,21.82595216850441,cs_095806,1a,,True,local+remote+phase,"local_amplitudes,remote_amplitudes,phases",8
8.675,10.39548743680509,,variable,variable_equal_average,nan,nan,nan,0.7740392359839205,nan,nan,nan,19.832708205245975,cs_095806,1a,,True,local+remote+phase,"local_amplitudes,remote_amplitudes,phases",9
8.675,10.411493445390732,,variable,variable_quality_weighted,nan,nan,nan,0.7740392359839205,nan,nan,nan,20.017215508826876,cs_095806,1a,,True,local+remote+phase,"local_amplitudes,remote_amplitudes,phases",9
8.675,11.106100632458443,,variable,variable_weighted_median,nan,nan,nan,0.7740392359839205,nan,nan,nan,28.02421478338261,cs_095806,1a,,True,local+remote+phase,"local_amplitudes,remote_amplitudes,phases",9
8.675,11.126745638620806,,variable,variable_mrc,nan,nan,nan,0.7740392359839205,nan,nan,nan,28.262197563352213,cs_095806,1a,,True,local+remote+phase,"local_amplitudes,remote_amplitudes,phases",9
8.675,11.106100632458443,,variable,adaptive_selection,nan,nan,nan,0.7740392359839205,nan,nan,nan,28.02421478338261,cs_095806,1a,remote_amplitudes,True,local+remote+phase,"local_amplitudes,remote_amplitudes,phases",9
8.675,9.888511466116952,,hierarchical,best_tone__adaptive_selection,nan,nan,nan,0.7740392359839205,nan,nan,nan,13.988604796737194,cs_095806,1a,remote_amplitudes,True,local+remote+phase,"local_amplitudes,remote_amplitudes,phases",9
8.675,9.939900108116682,,hierarchical,liu_weighted_median__variable_weighted_median,nan,nan,nan,4.233833858173048,nan,nan,nan,14.580981073391133,cs_095806,1a,,True,local+remote+phase,"local_amplitudes,remote_amplitudes,phases",9
8.675,12.108896997575496,,hierarchical,snr_mrc__variable_mrc,nan,nan,nan,0.7740392359839205,nan,nan,nan,39.58382706138899,cs_095806,1a,,True,local+remote+phase,"local_amplitudes,remote_amplitudes,phases",9
8.675,10.411493445390732,,hierarchical,hierarchical_quality_fusion,nan,nan,nan,0.7740392359839205,nan,nan,nan,20.017215508826876,cs_095806,1a,,True,local+remote+phase,"local_amplitudes,remote_amplitudes,phases",9
8.675,10.20776427087147,,variable,variable_equal_average,nan,nan,nan,0.784218015848582,nan,nan,nan,17.668752401976594,cs_095806,1a,,True,local+remote+phase,"local_amplitudes,remote_amplitudes,phases",10
8.675,10.209158106593968,,variable,variable_quality_weighted,nan,nan,nan,0.784218015848582,nan,nan,nan,17.684819672552933,cs_095806,1a,,True,local+remote+phase,"local_amplitudes,remote_amplitudes,phases",10
8.675,11.023344407902426,,variable,variable_weighted_median,nan,nan,nan,0.784218015848582,nan,nan,nan,27.070252540661965,cs_095806,1a,,True,local+remote+phase,"local_amplitudes,remote_amplitudes,phases",10
8.675,11.084330333992472,,variable,variable_mrc,nan,nan,nan,0.784218015848582,nan,nan,nan,27.773260334207162,cs_095806,1a,,True,local+remote+phase,"local_amplitudes,remote_amplitudes,phases",10
8.675,11.023344407902426,,variable,adaptive_selection,nan,nan,nan,0.784218015848582,nan,nan,nan,27.070252540661965,cs_095806,1a,remote_amplitudes,True,local+remote+phase,"local_amplitudes,remote_amplitudes,phases",10
8.675,10.608082622260499,,hierarchical,best_tone__adaptive_selection,nan,nan,nan,0.784218015848582,nan,nan,nan,22.283373167267985,cs_095806,1a,remote_amplitudes,True,local+remote+phase,"local_amplitudes,remote_amplitudes,phases",10
8.675,9.918011783722754,,hierarchical,liu_weighted_median__variable_weighted_median,nan,nan,nan,4.251586351311165,nan,nan,nan,14.328666094786783,cs_095806,1a,,True,local+remote+phase,"local_amplitudes,remote_amplitudes,phases",10
8.675,8.18795388468425,,hierarchical,snr_mrc__variable_mrc,nan,nan,nan,0.7358917511716941,nan,nan,nan,5.614364441680126,cs_095806,1a,,True,local+remote+phase,"local_amplitudes,remote_amplitudes,phases",10
8.675,10.209158106593968,,hierarchical,hierarchical_quality_fusion,nan,nan,nan,0.784218015848582,nan,nan,nan,17.684819672552933,cs_095806,1a,,True,local+remote+phase,"local_amplitudes,remote_amplitudes,phases",10
8.675,10.020611859416226,,variable,variable_equal_average,nan,nan,nan,0.7847233537214185,nan,nan,nan,15.511375901051586,cs_095806,1a,,True,local+remote+phase,"local_amplitudes,remote_amplitudes,phases",11
8.675,10.042428100813193,,variable,variable_quality_weighted,nan,nan,nan,0.7847233537214185,nan,nan,nan,15.76285995173709,cs_095806,1a,,True,local+remote+phase,"local_amplitudes,remote_amplitudes,phases",11
8.675,10.912442247837923,,variable,variable_weighted_median,nan,nan,nan,0.7847233537214185,nan,nan,nan,25.79184147363599,cs_095806,1a,,True,local+remote+phase,"local_amplitudes,remote_amplitudes,phases",11
8.675,11.000119542571532,,variable,variable_mrc,nan,nan,nan,0.7847233537214185,nan,nan,nan,26.802530750104108,cs_095806,1a,,True,local+remote+phase,"local_amplitudes,remote_amplitudes,phases",11
8.675,10.912442247837923,,variable,adaptive_selection,nan,nan,nan,0.7847233537214185,nan,nan,nan,25.79184147363599,cs_095806,1a,remote_amplitudes,True,local+remote+phase,"local_amplitudes,remote_amplitudes,phases",11
8.675,10.703536141647998,,hierarchical,best_tone__adaptive_selection,nan,nan,nan,0.7847233537214185,nan,nan,nan,23.383701921014374,cs_095806,1a,remote_amplitudes,True,local+remote+phase,"local_amplitudes,remote_amplitudes,phases",11
8.675,9.838753792167235,,hierarchical,liu_weighted_median__variable_weighted_median,nan,nan,nan,4.244432630748142,nan,nan,nan,13.415029304521436,cs_095806,1a,,True,local+remote+phase,"local_amplitudes,remote_amplitudes,phases",11
8.675,8.36055818529234,,hierarchical,snr_mrc__variable_mrc,nan,nan,nan,0.7754140508555714,nan,nan,nan,3.624689506716541,cs_095806,1a,,True,local+remote+phase,"local_amplitudes,remote_amplitudes,phases",11
8.675,10.042428100813193,,hierarchical,hierarchical_quality_fusion,nan,nan,nan,0.7847233537214185,nan,nan,nan,15.76285995173709,cs_095806,1a,,True,local+remote+phase,"local_amplitudes,remote_amplitudes,phases",11
8.675,9.905506594886456,,variable,variable_equal_average,nan,nan,nan,0.7967308983339811,nan,nan,nan,14.184514062091697,cs_095806,1a,,True,local+remote+phase,"local_amplitudes,remote_amplitudes,phases",12
8.675,9.93804316186828,,variable,variable_quality_weighted,nan,nan,nan,0.7967308983339811,nan,nan,nan,14.559575352948453,cs_095806,1a,,True,local+remote+phase,"local_amplitudes,remote_amplitudes,phases",12
8.675,10.831350931738434,,variable,variable_weighted_median,nan,nan,nan,0.7967308983339811,nan,nan,nan,24.85707125923266,cs_095806,1a,,True,local+remote+phase,"local_amplitudes,remote_amplitudes,phases",12
8.675,10.940176548581444,,variable,variable_mrc,nan,nan,nan,0.7967308983339811,nan,nan,nan,26.111545228604538,cs_095806,1a,,True,local+remote+phase,"local_amplitudes,remote_amplitudes,phases",12
8.675,11.071929364988291,,variable,adaptive_selection,nan,nan,nan,0.7967308983339811,nan,nan,nan,27.630309682862137,cs_095806,1a,local_amplitudes,True,local+remote+phase,"local_amplitudes,remote_amplitudes,phases",12
8.675,10.095704591979239,,hierarchical,best_tone__adaptive_selection,nan,nan,nan,0.7967308983339811,nan,nan,nan,16.376998178435016,cs_095806,1a,local_amplitudes,True,local+remote+phase,"local_amplitudes,remote_amplitudes,phases",12
8.675,9.87961771524772,,hierarchical,liu_weighted_median__variable_weighted_median,nan,nan,nan,4.274042174366846,nan,nan,nan,13.886083172884375,cs_095806,1a,,True,local+remote+phase,"local_amplitudes,remote_amplitudes,phases",12
8.675,8.306593197078287,,hierarchical,snr_mrc__variable_mrc,nan,nan,nan,0.7967308983339811,nan,nan,nan,4.246764298809375,cs_095806,1a,,True,local+remote+phase,"local_amplitudes,remote_amplitudes,phases",12
8.675,9.93804316186828,,hierarchical,hierarchical_quality_fusion,nan,nan,nan,0.7967308983339811,nan,nan,nan,14.559575352948453,cs_095806,1a,,True,local+remote+phase,"local_amplitudes,remote_amplitudes,phases",12
8.675,9.822557354083644,,variable,variable_equal_average,nan,nan,nan,0.7868622550972247,nan,nan,nan,13.228326848226434,cs_095806,1a,,True,local+remote+phase,"local_amplitudes,remote_amplitudes,phases",13
8.675,9.842594544960717,,variable,variable_quality_weighted,nan,nan,nan,0.7868622550972247,nan,nan,nan,13.459303111939086,cs_095806,1a,,True,local+remote+phase,"local_amplitudes,remote_amplitudes,phases",13
8.675,10.710115249962763,,variable,variable_weighted_median,nan,nan,nan,0.7868622550972247,nan,nan,nan,23.45954178631427,cs_095806,1a,,True,local+remote+phase,"local_amplitudes,remote_amplitudes,phases",13
8.675,10.841588912962996,,variable,variable_mrc,nan,nan,nan,0.7868622550972247,nan,nan,nan,24.975088333867372,cs_095806,1a,,True,local+remote+phase,"local_amplitudes,remote_amplitudes,phases",13
8.675,10.710115249962763,,variable,adaptive_selection,nan,nan,nan,0.7868622550972247,nan,nan,nan,23.45954178631427,cs_095806,1a,remote_amplitudes,True,local+remote+phase,"local_amplitudes,remote_amplitudes,phases",13
8.675,10.169771052218916,,hierarchical,best_tone__adaptive_selection,nan,nan,nan,0.7868622550972247,nan,nan,nan,17.230790227307384,cs_095806,1a,remote_amplitudes,True,local+remote+phase,"local_amplitudes,remote_amplitudes,phases",13
8.675,9.912452588385317,,hierarchical,liu_weighted_median__variable_weighted_median,nan,nan,nan,4.305216160393647,nan,nan,nan,14.264583151415753,cs_095806,1a,,True,local+remote+phase,"local_amplitudes,remote_amplitudes,phases",13
8.675,8.322053119435806,,hierarchical,snr_mrc__variable_mrc,nan,nan,nan,0.7868622550972247,nan,nan,nan,4.068551937339424,cs_095806,1a,,True,local+remote+phase,"local_amplitudes,remote_amplitudes,phases",13
8.675,9.842594544960717,,hierarchical,hierarchical_quality_fusion,nan,nan,nan,0.7868622550972247,nan,nan,nan,13.459303111939086,cs_095806,1a,,True,local+remote+phase,"local_amplitudes,remote_amplitudes,phases",13
8.675,9.800395291655036,,variable,variable_equal_average,nan,nan,nan,0.7813946354354221,nan,nan,nan,12.972856387954298,cs_095806,1a,,True,local+remote+phase,"local_amplitudes,remote_amplitudes,phases",14
8.675,9.816160105481387,,variable,variable_quality_weighted,nan,nan,nan,0.7813946354354221,nan,nan,nan,13.154583348488606,cs_095806,1a,,True,local+remote+phase,"local_amplitudes,remote_amplitudes,phases",14
8.675,10.653326020989104,,variable,variable_weighted_median,nan,nan,nan,0.7813946354354221,nan,nan,nan,22.804910904773518,cs_095806,1a,,True,local+remote+phase,"local_amplitudes,remote_amplitudes,phases",14
8.675,10.774106405770691,,variable,variable_mrc,nan,nan,nan,0.7813946354354221,nan,nan,nan,24.19719199735666,cs_095806,1a,,True,local+remote+phase,"local_amplitudes,remote_amplitudes,phases",14
8.675,10.653326020989104,,variable,adaptive_selection,nan,nan,nan,0.7813946354354221,nan,nan,nan,22.804910904773518,cs_095806,1a,remote_amplitudes,True,local+remote+phase,"local_amplitudes,remote_amplitudes,phases",14
8.675,10.125547246904553,,hierarchical,best_tone__adaptive_selection,nan,nan,nan,0.7813946354354221,nan,nan,nan,16.721005728006364,cs_095806,1a,remote_amplitudes,True,local+remote+phase,"local_amplitudes,remote_amplitudes,phases",14
8.675,9.831975004048868,,hierarchical,liu_weighted_median__variable_weighted_median,nan,nan,nan,4.241880209307205,nan,nan,nan,13.336887654741982,cs_095806,1a,,True,local+remote+phase,"local_amplitudes,remote_amplitudes,phases",14
8.675,8.455702466744052,,hierarchical,snr_mrc__variable_mrc,nan,nan,nan,0.7813946354354221,nan,nan,nan,2.527925455399986,cs_095806,1a,,True,local+remote+phase,"local_amplitudes,remote_amplitudes,phases",14
8.675,9.816160105481387,,hierarchical,hierarchical_quality_fusion,nan,nan,nan,0.7813946354354221,nan,nan,nan,13.154583348488606,cs_095806,1a,,True,local+remote+phase,"local_amplitudes,remote_amplitudes,phases",14
8.675,9.805282932062399,,variable,variable_equal_average,nan,nan,nan,0.7681710464940311,nan,nan,nan,13.029198064119862,cs_095806,1a,,True,local+remote+phase,"local_amplitudes,remote_amplitudes,phases",15
8.675,9.839936097557976,,variable,variable_quality_weighted,nan,nan,nan,0.7681710464940311,nan,nan,nan,13.42865818510634,cs_095806,1a,,True,local+remote+phase,"local_amplitudes,remote_amplitudes,phases",15
8.675,10.595842634214138,,variable,variable_weighted_median,nan,nan,nan,0.7681710464940311,nan,nan,nan,22.14227820419755,cs_095806,1a,,True,local+remote+phase,"local_amplitudes,remote_amplitudes,phases",15
8.675,10.695975895874733,,variable,variable_mrc,nan,nan,nan,0.7681710464940311,nan,nan,nan,23.29655211382977,cs_095806,1a,,True,local+remote+phase,"local_amplitudes,remote_amplitudes,phases",15
8.675,10.595842634214138,,variable,adaptive_selection,nan,nan,nan,0.7681710464940311,nan,nan,nan,22.14227820419755,cs_095806,1a,remote_amplitudes,True,local+remote+phase,"local_amplitudes,remote_amplitudes,phases",15
8.675,10.015957457310668,,hierarchical,best_tone__adaptive_selection,nan,nan,nan,0.7777709577928938,nan,nan,nan,15.457722850843423,cs_095806,1a,remote_amplitudes,True,local+remote+phase,"local_amplitudes,remote_amplitudes,phases",15
8.675,9.846842202408546,,hierarchical,liu_weighted_median__variable_weighted_median,nan,nan,nan,4.2350648009126965,nan,nan,nan,13.508267462922706,cs_095806,1a,,True,local+remote+phase,"local_amplitudes,remote_amplitudes,phases",15
8.675,8.944535726067539,,hierarchical,snr_mrc__variable_mrc,nan,nan,nan,0.7777709577928938,nan,nan,nan,3.1070400699428005,cs_095806,1a,,True,local+remote+phase,"local_amplitudes,remote_amplitudes,phases",15
8.675,9.839936097557976,,hierarchical,hierarchical_quality_fusion,nan,nan,nan,0.7681710464940311,nan,nan,nan,13.42865818510634,cs_095806,1a,,True,local+remote+phase,"local_amplitudes,remote_amplitudes,phases",15
8.675,9.842588978395279,,variable,variable_equal_average,nan,nan,nan,0.7475244831868784,nan,nan,nan,13.459238944037786,cs_095806,1a,,True,local+remote+phase,"local_amplitudes,remote_amplitudes,phases",16
8.675,9.90639669940207,,variable,variable_quality_weighted,nan,nan,nan,0.7475244831868784,nan,nan,nan,14.194774632876872,cs_095806,1a,,True,local+remote+phase,"local_amplitudes,remote_amplitudes,phases",16
8.675,10.551541690939912,,variable,variable_weighted_median,nan,nan,nan,0.7475244831868784,nan,nan,nan,21.63160450651194,cs_095806,1a,,True,local+remote+phase,"local_amplitudes,remote_amplitudes,phases",16
8.675,10.618527505623318,,variable,variable_mrc,nan,nan,nan,0.7475244831868784,nan,nan,nan,22.403775280960424,cs_095806,1a,,True,local+remote+phase,"local_amplitudes,remote_amplitudes,phases",16
8.675,10.551541690939912,,variable,adaptive_selection,nan,nan,nan,0.7475244831868784,nan,nan,nan,21.63160450651194,cs_095806,1a,remote_amplitudes,True,local+remote+phase,"local_amplitudes,remote_amplitudes,phases",16
8.675,9.883988343220121,,hierarchical,best_tone__adaptive_selection,nan,nan,nan,0.7707334992442436,nan,nan,nan,13.936465051528765,cs_095806,1a,remote_amplitudes,True,local+remote+phase,"local_amplitudes,remote_amplitudes,phases",16
8.675,9.791340323184379,,hierarchical,liu_weighted_median__variable_weighted_median,nan,nan,nan,4.138856577351601,nan,nan,nan,12.86847634794672,cs_095806,1a,,True,local+remote+phase,"local_amplitudes,remote_amplitudes,phases",16
8.675,9.814393395623707,,hierarchical,snr_mrc__variable_mrc,nan,nan,nan,0.7521505068072055,nan,nan,nan,13.134217816987967,cs_095806,1a,,True,local+remote+phase,"local_amplitudes,remote_amplitudes,phases",16
8.675,9.90639669940207,,hierarchical,hierarchical_quality_fusion,nan,nan,nan,0.7475244831868784,nan,nan,nan,14.194774632876872,cs_095806,1a,,True,local+remote+phase,"local_amplitudes,remote_amplitudes,phases",16
8.675,9.915466383647535,,variable,variable_equal_average,nan,nan,nan,0.7520584852926603,nan,nan,nan,14.299324307176192,cs_095806,1a,,True,local+remote+phase,"local_amplitudes,remote_amplitudes,phases",17
8.675,9.963122062537689,,variable,variable_quality_weighted,nan,nan,nan,0.7520584852926603,nan,nan,nan,14.848669308791795,cs_095806,1a,,True,local+remote+phase,"local_amplitudes,remote_amplitudes,phases",17
8.675,10.513285445611873,,variable,variable_weighted_median,nan,nan,nan,0.7520584852926603,nan,nan,nan,21.19061032405616,cs_095806,1a,,True,local+remote+phase,"local_amplitudes,remote_amplitudes,phases",17
8.675,10.543194523810039,,variable,variable_mrc,nan,nan,nan,0.7520584852926603,nan,nan,nan,21.535383559769887,cs_095806,1a,,True,local+remote+phase,"local_amplitudes,remote_amplitudes,phases",17
8.675,10.513285445611873,,variable,adaptive_selection,nan,nan,nan,0.7520584852926603,nan,nan,nan,21.19061032405616,cs_095806,1a,remote_amplitudes,True,local+remote+phase,"local_amplitudes,remote_amplitudes,phases",17
8.675,9.69828855672224,,hierarchical,best_tone__adaptive_selection,nan,nan,nan,0.7660032818097412,nan,nan,nan,11.795833506884598,cs_095806,1a,remote_amplitudes,True,local+remote+phase,"local_amplitudes,remote_amplitudes,phases",17
8.675,9.672376019585617,,hierarchical,liu_weighted_median__variable_weighted_median,nan,nan,nan,4.1056506999223945,nan,nan,nan,11.497129908767905,cs_095806,1a,,True,local+remote+phase,"local_amplitudes,remote_amplitudes,phases",17
8.675,10.20777973632843,,hierarchical,snr_mrc__variable_mrc,nan,nan,nan,0.7660032818097412,nan,nan,nan,17.66893067813751,cs_095806,1a,,True,local+remote+phase,"local_amplitudes,remote_amplitudes,phases",17
8.675,9.963122062537689,,hierarchical,hierarchical_quality_fusion,nan,nan,nan,0.7520584852926603,nan,nan,nan,14.848669308791795,cs_095806,1a,,True,local+remote+phase,"local_amplitudes,remote_amplitudes,phases",17
8.675,9.964773152405689,,variable,variable_equal_average,nan,nan,nan,0.767746454822109,nan,nan,nan,14.867702045022343,cs_095806,1a,,True,local+remote+phase,"local_amplitudes,remote_amplitudes,phases",18
8.675,9.98897889343549,,variable,variable_quality_weighted,nan,nan,nan,0.767746454822109,nan,nan,nan,15.146730760063281,cs_095806,1a,,True,local+remote+phase,"local_amplitudes,remote_amplitudes,phases",18
8.675,10.469047444076079,,variable,variable_weighted_median,nan,nan,nan,0.767746454822109,nan,nan,nan,20.68066217955133,cs_095806,1a,,True,local+remote+phase,"local_amplitudes,remote_amplitudes,phases",18
8.675,10.476410614747024,,variable,variable_mrc,nan,nan,nan,0.767746454822109,nan,nan,nan,20.765540227631398,cs_095806,1a,,True,local+remote+phase,"local_amplitudes,remote_amplitudes,phases",18
8.675,10.486317675185392,,variable,adaptive_selection,nan,nan,nan,0.767746454822109,nan,nan,nan,20.8797426534339,cs_095806,1a,remote_amplitudes,True,local+remote+phase,"local_amplitudes,remote_amplitudes,phases",18
8.675,10.438728292306568,,hierarchical,best_tone__adaptive_selection,nan,nan,nan,0.767746454822109,nan,nan,nan,20.33116187096907,cs_095806,1a,remote_amplitudes,True,local+remote+phase,"local_amplitudes,remote_amplitudes,phases",18
8.675,9.675019314124315,,hierarchical,liu_weighted_median__variable_weighted_median,nan,nan,nan,4.154050109266988,nan,nan,nan,11.5276001628163,cs_095806,1a,,True,local+remote+phase,"local_amplitudes,remote_amplitudes,phases",18
8.675,10.219302792715608,,hierarchical,snr_mrc__variable_mrc,nan,nan,nan,0.767746454822109,nan,nan,nan,17.801761299315352,cs_095806,1a,,True,local+remote+phase,"local_amplitudes,remote_amplitudes,phases",18
8.675,9.98897889343549,,hierarchical,hierarchical_quality_fusion,nan,nan,nan,0.767746454822109,nan,nan,nan,15.146730760063281,cs_095806,1a,,True,local+remote+phase,"local_amplitudes,remote_amplitudes,phases",18
8.675,9.947739801595171,,variable,variable_equal_average,nan,nan,nan,0.7687440049113549,nan,nan,nan,14.671352179771416,cs_095806,1a,,True,local+remote+phase,"local_amplitudes,remote_amplitudes,phases",19
8.675,9.971485215544629,,variable,variable_quality_weighted,nan,nan,nan,0.7687440049113549,nan,nan,nan,14.945074530773809,cs_095806,1a,,True,local+remote+phase,"local_amplitudes,remote_amplitudes,phases",19
8.675,10.343957690342458,,variable,variable_weighted_median,nan,nan,nan,0.7687440049113549,nan,nan,nan,19.238705364178184,cs_095806,1a,,True,local+remote+phase,"local_amplitudes,remote_amplitudes,phases",19
8.675,10.374630248521164,,variable,variable_mrc,nan,nan,nan,0.7687440049113549,nan,nan,nan,19.59227952185779,cs_095806,1a,,True,local+remote+phase,"local_amplitudes,remote_amplitudes,phases",19
8.675,10.412930067394159,,variable,adaptive_selection,nan,nan,nan,0.7687440049113549,nan,nan,nan,20.03377599301623,cs_095806,1a,remote_amplitudes,True,local+remote+phase,"local_amplitudes,remote_amplitudes,phases",19
8.675,10.434836448143468,,hierarchical,best_tone__adaptive_selection,nan,nan,nan,0.7687440049113549,nan,nan,nan,20.28629911404573,cs_095806,1a,remote_amplitudes,True,local+remote+phase,"local_amplitudes,remote_amplitudes,phases",19
8.675,9.72913685638661,,hierarchical,liu_weighted_median__variable_weighted_median,nan,nan,nan,4.274634229428491,nan,nan,nan,12.151433503015669,cs_095806,1a,,True,local+remote+phase,"local_amplitudes,remote_amplitudes,phases",19
8.675,10.36886513118027,,hierarchical,snr_mrc__variable_mrc,nan,nan,nan,0.7618049437164033,nan,nan,nan,19.525822837812896,cs_095806,1a,,True,local+remote+phase,"local_amplitudes,remote_amplitudes,phases",19
8.675,9.971485215544629,,hierarchical,hierarchical_quality_fusion,nan,nan,nan,0.7687440049113549,nan,nan,nan,14.945074530773809,cs_095806,1a,,True,local+remote+phase,"local_amplitudes,remote_amplitudes,phases",19
8.675,9.895798359353071,,variable,variable_equal_average,nan,nan,nan,0.7747570787692867,nan,nan,nan,14.072603566029626,cs_095806,1a,,True,local+remote+phase,"local_amplitudes,remote_amplitudes,phases",20
8.675,9.913094080904346,,variable,variable_quality_weighted,nan,nan,nan,0.7747570787692867,nan,nan,nan,14.271977877859882,cs_095806,1a,,True,local+remote+phase,"local_amplitudes,remote_amplitudes,phases",20
8.675,10.221738601489646,,variable,variable_weighted_median,nan,nan,nan,0.7747570787692867,nan,nan,nan,17.82983978662415,cs_095806,1a,,True,local+remote+phase,"local_amplitudes,remote_amplitudes,phases",20
8.675,10.259502113894658,,variable,variable_mrc,nan,nan,nan,0.7747570787692867,nan,nan,nan,18.26515405065888,cs_095806,1a,,True,local+remote+phase,"local_amplitudes,remote_amplitudes,phases",20
8.675,10.309957893192802,,variable,adaptive_selection,nan,nan,nan,0.7747570787692867,nan,nan,nan,18.84677686677581,cs_095806,1a,remote_amplitudes,True,local+remote+phase,"local_amplitudes,remote_amplitudes,phases",20
8.675,10.448596679487942,,hierarchical,best_tone__adaptive_selection,nan,nan,nan,0.7747570787692867,nan,nan,nan,20.44491849553822,cs_095806,1a,remote_amplitudes,True,local+remote+phase,"local_amplitudes,remote_amplitudes,phases",20
8.675,9.731378925375408,,hierarchical,liu_weighted_median__variable_weighted_median,nan,nan,nan,4.465428473882029,nan,nan,nan,12.177278678679041,cs_095806,1a,,True,local+remote+phase,"local_amplitudes,remote_amplitudes,phases",20
8.675,10.26034874305133,,hierarchical,snr_mrc__variable_mrc,nan,nan,nan,0.7747570787692867,nan,nan,nan,18.27491346456863,cs_095806,1a,,True,local+remote+phase,"local_amplitudes,remote_amplitudes,phases",20
8.675,9.913094080904346,,hierarchical,hierarchical_quality_fusion,nan,nan,nan,0.7747570787692867,nan,nan,nan,14.271977877859882,cs_095806,1a,,True,local+remote+phase,"local_amplitudes,remote_amplitudes,phases",20
8.675,9.783103012062103,,variable,variable_equal_average,nan,nan,nan,0.7744695603116836,nan,nan,nan,12.77352175287726,cs_095806,1a,,True,local+remote+phase,"local_amplitudes,remote_amplitudes,phases",21
8.675,9.797020267032297,,variable,variable_quality_weighted,nan,nan,nan,0.7744695603116836,nan,nan,nan,12.933951204983234,cs_095806,1a,,True,local+remote+phase,"local_amplitudes,remote_amplitudes,phases",21
8.675,10.095656581842206,,variable,variable_weighted_median,nan,nan,nan,0.7744695603116836,nan,nan,nan,16.37644474746058,cs_095806,1a,,True,local+remote+phase,"local_amplitudes,remote_amplitudes,phases",21
8.675,10.115927394709281,,variable,variable_mrc,nan,nan,nan,0.7744695603116836,nan,nan,nan,16.610114060049344,cs_095806,1a,,True,local+remote+phase,"local_amplitudes,remote_amplitudes,phases",21
8.675,10.154636626436833,,variable,adaptive_selection,nan,nan,nan,0.7744695603116836,nan,nan,nan,17.056329987744466,cs_095806,1a,remote_amplitudes,True,local+remote+phase,"local_amplitudes,remote_amplitudes,phases",21
8.675,10.648981838658656,,hierarchical,best_tone__adaptive_selection,nan,nan,nan,0.7744695603116836,nan,nan,nan,22.754833875027728,cs_095806,1a,remote_amplitudes,True,local+remote+phase,"local_amplitudes,remote_amplitudes,phases",21
8.675,9.698334543176225,,hierarchical,liu_weighted_median__variable_weighted_median,nan,nan,nan,4.50844673333188,nan,nan,nan,11.796363610100565,cs_095806,1a,,True,local+remote+phase,"local_amplitudes,remote_amplitudes,phases",21
8.675,9.254461228271643,,hierarchical,snr_mrc__variable_mrc,nan,nan,nan,0.7744695603116836,nan,nan,nan,6.679668337425265,cs_095806,1a,,True,local+remote+phase,"local_amplitudes,remote_amplitudes,phases",21
8.675,9.797020267032297,,hierarchical,hierarchical_quality_fusion,nan,nan,nan,0.7744695603116836,nan,nan,nan,12.933951204983234,cs_095806,1a,,True,local+remote+phase,"local_amplitudes,remote_amplitudes,phases",21
8.675,9.70321032013021,,variable,variable_equal_average,nan,nan,nan,0.7815196032019859,nan,nan,nan,11.852568531760346,cs_095806,1a,,True,local+remote+phase,"local_amplitudes,remote_amplitudes,phases",22
8.675,9.71104633633307,,variable,variable_quality_weighted,nan,nan,nan,0.7815196032019859,nan,nan,nan,11.94289724879618,cs_095806,1a,,True,local+remote+phase,"local_amplitudes,remote_amplitudes,phases",22
8.675,10.019279321439916,,variable,variable_weighted_median,nan,nan,nan,0.7815196032019859,nan,nan,nan,15.49601523273677,cs_095806,1a,,True,local+remote+phase,"local_amplitudes,remote_amplitudes,phases",22
8.675,10.023588458114896,,variable,variable_mrc,nan,nan,nan,0.7815196032019859,nan,nan,nan,15.545688277981496,cs_095806,1a,,True,local+remote+phase,"local_amplitudes,remote_amplitudes,phases",22
8.675,10.048203163503594,,variable,adaptive_selection,nan,nan,nan,0.7815196032019859,nan,nan,nan,15.829431279580323,cs_095806,1a,remote_amplitudes,True,local+remote+phase,"local_amplitudes,remote_amplitudes,phases",22
8.675,10.813582363665692,,hierarchical,best_tone__adaptive_selection,nan,nan,nan,0.7815196032019859,nan,nan,nan,24.65224626703966,cs_095806,1a,remote_amplitudes,True,local+remote+phase,"local_amplitudes,remote_amplitudes,phases",22
8.675,9.672156448985044,,hierarchical,liu_weighted_median__variable_weighted_median,nan,nan,nan,4.595742314771948,nan,nan,nan,11.494598835562458,cs_095806,1a,,True,local+remote+phase,"local_amplitudes,remote_amplitudes,phases",22
8.675,9.241735217086852,,hierarchical,snr_mrc__variable_mrc,nan,nan,nan,0.7815196032019859,nan,nan,nan,6.532970802153903,cs_095806,1a,,True,local+remote+phase,"local_amplitudes,remote_amplitudes,phases",22
8.675,9.71104633633307,,hierarchical,hierarchical_quality_fusion,nan,nan,nan,0.7815196032019859,nan,nan,nan,11.94289724879618,cs_095806,1a,,True,local+remote+phase,"local_amplitudes,remote_amplitudes,phases",22
8.675,9.649720333774674,,variable,variable_equal_average,nan,nan,nan,0.7830552037565502,nan,nan,nan,11.2359692654141,cs_095806,1a,,True,local+remote+phase,"local_amplitudes,remote_amplitudes,phases",23
8.675,9.656713477037904,,variable,variable_quality_weighted,nan,nan,nan,0.7830552037565502,nan,nan,nan,11.316581867872085,cs_095806,1a,,True,local+remote+phase,"local_amplitudes,remote_amplitudes,phases",23
8.675,9.966503061161948,,variable,variable_weighted_median,nan,nan,nan,0.7830552037565502,nan,nan,nan,14.887643356333683,cs_095806,1a,,True,local+remote+phase,"local_amplitudes,remote_amplitudes,phases",23
8.675,9.956825957119166,,variable,variable_mrc,nan,nan,nan,0.7830552037565502,nan,nan,nan,14.776091724716606,cs_095806,1a,,True,local+remote+phase,"local_amplitudes,remote_amplitudes,phases",23
8.675,9.966503061161948,,variable,adaptive_selection,nan,nan,nan,0.7830552037565502,nan,nan,nan,14.887643356333683,cs_095806,1a,local_amplitudes,True,local+remote+phase,"local_amplitudes,remote_amplitudes,phases",23
8.675,17.756047686005022,,hierarchical,best_tone__adaptive_selection,nan,nan,nan,0.7830552037565502,nan,nan,nan,104.68066496835759,cs_095806,1a,local_amplitudes,True,local+remote+phase,"local_amplitudes,remote_amplitudes,phases",23
8.675,9.502202445538112,,hierarchical,liu_weighted_median__variable_weighted_median,nan,nan,nan,4.671861676160754,nan,nan,nan,9.535474876520011,cs_095806,1a,,True,local+remote+phase,"local_amplitudes,remote_amplitudes,phases",23
8.675,9.27089532106784,,hierarchical,snr_mrc__variable_mrc,nan,nan,nan,0.7830552037565502,nan,nan,nan,6.86911032931227,cs_095806,1a,,True,local+remote+phase,"local_amplitudes,remote_amplitudes,phases",23
8.675,9.656713477037904,,hierarchical,hierarchical_quality_fusion,nan,nan,nan,0.7830552037565502,nan,nan,nan,11.316581867872085,cs_095806,1a,,True,local+remote+phase,"local_amplitudes,remote_amplitudes,phases",23
8.675,9.620951751189194,,variable,variable_equal_average,nan,nan,nan,0.7837795935839754,nan,nan,nan,10.90434295318955,cs_095806,1a,,True,local+remote+phase,"local_amplitudes,remote_amplitudes,phases",24
8.675,9.626491341277756,,variable,variable_quality_weighted,nan,nan,nan,0.7837795935839754,nan,nan,nan,10.968199899455392,cs_095806,1a,,True,local+remote+phase,"local_amplitudes,remote_amplitudes,phases",24
8.675,9.935093929046461,,variable,variable_weighted_median,nan,nan,nan,0.7837795935839754,nan,nan,nan,14.525578432812225,cs_095806,1a,,True,local+remote+phase,"local_amplitudes,remote_amplitudes,phases",24
8.675,9.925248583751449,,variable,variable_mrc,nan,nan,nan,0.7837795935839754,nan,nan,nan,14.412087420765971,cs_095806,1a,,True,local+remote+phase,"local_amplitudes,remote_amplitudes,phases",24
8.675,9.9476662430639,,variable,adaptive_selection,nan,nan,nan,0.7837795935839754,nan,nan,nan,14.670504242811514,cs_095806,1a,local_amplitudes,True,local+remote+phase,"local_amplitudes,remote_amplitudes,phases",24
8.675,17.74311561676077,,hierarchical,best_tone__adaptive_selection,nan,nan,nan,0.7837795935839754,nan,nan,nan,104.53159212404346,cs_095806,1a,local_amplitudes,True,local+remote+phase,"local_amplitudes,remote_amplitudes,phases",24
8.675,9.536398530922337,,hierarchical,liu_weighted_median__variable_weighted_median,nan,nan,nan,4.708078692229014,nan,nan,nan,9.929666062505321,cs_095806,1a,,True,local+remote+phase,"local_amplitudes,remote_amplitudes,phases",24
8.675,9.279100779555044,,hierarchical,snr_mrc__variable_mrc,nan,nan,nan,0.7837795935839754,nan,nan,nan,6.9636977470322,cs_095806,1a,,True,local+remote+phase,"local_amplitudes,remote_amplitudes,phases",24
8.675,9.626491341277756,,hierarchical,hierarchical_quality_fusion,nan,nan,nan,0.7837795935839754,nan,nan,nan,10.968199899455392,cs_095806,1a,,True,local+remote+phase,"local_amplitudes,remote_amplitudes,phases",24
8.675,9.628151471082939,,variable,variable_equal_average,nan,nan,nan,0.7830478980643539,nan,nan,nan,10.987336842454615,cs_095806,1a,,True,local+remote+phase,"local_amplitudes,remote_amplitudes,phases",25
8.675,9.632813311771251,,variable,variable_quality_weighted,nan,nan,nan,0.7830478980643539,nan,nan,nan,11.041075640014412,cs_095806,1a,,True,local+remote+phase,"local_amplitudes,remote_amplitudes,phases",25
8.675,9.936143979479336,,variable,variable_weighted_median,nan,nan,nan,0.7830478980643539,nan,nan,nan,14.537682760568707,cs_095806,1a,,True,local+remote+phase,"local_amplitudes,remote_amplitudes,phases",25
8.675,9.930428121562652,,variable,variable_mrc,nan,nan,nan,0.7830478980643539,nan,nan,nan,14.471793908503189,cs_095806,1a,,True,local+remote+phase,"local_amplitudes,remote_amplitudes,phases",25
8.675,9.962301873965632,,variable,adaptive_selection,nan,nan,nan,0.7830478980643539,nan,nan,nan,14.839214685482785,cs_095806,1a,local_amplitudes,True,local+remote+phase,"local_amplitudes,remote_amplitudes,phases",25
8.675,9.473088668269936,,hierarchical,best_tone__adaptive_selection,nan,nan,nan,0.7830478980643539,nan,nan,nan,9.199869374869571,cs_095806,1a,local_amplitudes,True,local+remote+phase,"local_amplitudes,remote_amplitudes,phases",25
8.675,9.567361045836698,,hierarchical,liu_weighted_median__variable_weighted_median,nan,nan,nan,4.736142680348212,nan,nan,nan,10.286582660941756,cs_095806,1a,,True,local+remote+phase,"local_amplitudes,remote_amplitudes,phases",25
8.675,9.37561305040522,,hierarchical,snr_mrc__variable_mrc,nan,nan,nan,0.7830478980643539,nan,nan,nan,8.076231128590432,cs_095806,1a,,True,local+remote+phase,"local_amplitudes,remote_amplitudes,phases",25
8.675,9.632813311771251,,hierarchical,hierarchical_quality_fusion,nan,nan,nan,0.7830478980643539,nan,nan,nan,11.041075640014412,cs_095806,1a,,True,local+remote+phase,"local_amplitudes,remote_amplitudes,phases",25
8.675,9.641684368286873,,variable,variable_equal_average,nan,nan,nan,0.8002818476188874,nan,nan,nan,11.143335657485554,cs_095806,1a,,True,local+remote+phase,"local_amplitudes,remote_amplitudes,phases",26
8.675,9.65145354422818,,variable,variable_quality_weighted,nan,nan,nan,0.8002818476188874,nan,nan,nan,11.25594863663608,cs_095806,1a,,True,local+remote+phase,"local_amplitudes,remote_amplitudes,phases",26
8.675,9.931892906331596,,variable,variable_weighted_median,nan,nan,nan,0.8002818476188874,nan,nan,nan,14.488679035522711,cs_095806,1a,,True,local+remote+phase,"local_amplitudes,remote_amplitudes,phases",26
8.675,9.931757533432652,,variable,variable_mrc,nan,nan,nan,0.8002818476188874,nan,nan,nan,14.487118541010387,cs_095806,1a,,True,local+remote+phase,"local_amplitudes,remote_amplitudes,phases",26
8.675,9.97094116798668,,variable,adaptive_selection,nan,nan,nan,0.8002818476188874,nan,nan,nan,14.938803089183628,cs_095806,1a,local_amplitudes,True,local+remote+phase,"local_amplitudes,remote_amplitudes,phases",26
8.675,9.494129662772618,,hierarchical,best_tone__adaptive_selection,nan,nan,nan,0.8002818476188874,nan,nan,nan,9.44241686193219,cs_095806,1a,local_amplitudes,True,local+remote+phase,"local_amplitudes,remote_amplitudes,phases",26
8.675,9.494129662772618,,hierarchical,liu_weighted_median__variable_weighted_median,nan,nan,nan,4.571686225600853,nan,nan,nan,9.44241686193219,cs_095806,1a,,True,local+remote+phase,"local_amplitudes,remote_amplitudes,phases",26
8.675,9.610292293422312,,hierarchical,snr_mrc__variable_mrc,nan,nan,nan,0.8002818476188874,nan,nan,nan,10.781467359334995,cs_095806,1a,,True,local+remote+phase,"local_amplitudes,remote_amplitudes,phases",26
8.675,9.65145354422818,,hierarchical,hierarchical_quality_fusion,nan,nan,nan,0.8002818476188874,nan,nan,nan,11.25594863663608,cs_095806,1a,,True,local+remote+phase,"local_amplitudes,remote_amplitudes,phases",26
8.675,8.862886518203169,,variable,variable_equal_average,nan,nan,nan,0.7597410342091675,nan,nan,nan,2.165838826549489,cs_095806,1b,,True,local+remote+phase,"local_amplitudes,remote_amplitudes,phases",0
8.675,8.8634908176044,,variable,variable_quality_weighted,nan,nan,nan,0.7597410342091675,nan,nan,nan,2.1728048138835736,cs_095806,1b,,True,local+remote+phase,"local_amplitudes,remote_amplitudes,phases",0
8.675,8.949092768506466,,variable,variable_weighted_median,nan,nan,nan,0.7597410342091675,nan,nan,nan,3.15957081851833,cs_095806,1b,,True,local+remote+phase,"local_amplitudes,remote_amplitudes,phases",0
8.675,8.959530133913303,,variable,variable_mrc,nan,nan,nan,0.7597410342091675,nan,nan,nan,3.27988626989397,cs_095806,1b,,True,local+remote+phase,"local_amplitudes,remote_amplitudes,phases",0
8.675,8.97306660874699,,variable,adaptive_selection,nan,nan,nan,0.7597410342091675,nan,nan,nan,3.435926325613708,cs_095806,1b,local_amplitudes,True,local+remote+phase,"local_amplitudes,remote_amplitudes,phases",0
8.675,8.146410174018374,,hierarchical,best_tone__adaptive_selection,nan,nan,nan,0.7597410342091675,nan,nan,nan,6.093254478174368,cs_095806,1b,local_amplitudes,True,local+remote+phase,"local_amplitudes,remote_amplitudes,phases",0
8.675,9.023939010748025,,hierarchical,liu_weighted_median__variable_weighted_median,nan,nan,nan,3.466106931692201,nan,nan,nan,4.022351708910944,cs_095806,1b,,True,local+remote+phase,"local_amplitudes,remote_amplitudes,phases",0
8.675,8.562665369228625,,hierarchical,snr_mrc__variable_mrc,nan,nan,nan,0.7597410342091675,nan,nan,nan,1.294923697652741,cs_095806,1b,,True,local+remote+phase,"local_amplitudes,remote_amplitudes,phases",0
8.675,8.8634908176044,,hierarchical,hierarchical_quality_fusion,nan,nan,nan,0.7597410342091675,nan,nan,nan,2.1728048138835736,cs_095806,1b,,True,local+remote+phase,"local_amplitudes,remote_amplitudes,phases",0
8.675,8.910181037123175,,variable,variable_equal_average,nan,nan,nan,0.7711641383706979,nan,nan,nan,2.7110206008435114,cs_095806,1b,,True,local+remote+phase,"local_amplitudes,remote_amplitudes,phases",1
8.675,8.915083611217499,,variable,variable_quality_weighted,nan,nan,nan,0.7711641383706979,nan,nan,nan,2.7675344232564636,cs_095806,1b,,True,local+remote+phase,"local_amplitudes,remote_amplitudes,phases",1
8.675,9.026717184507318,,variable,variable_weighted_median,nan,nan,nan,0.7711641383706979,nan,nan,nan,4.054376766654948,cs_095806,1b,,True,local+remote+phase,"local_amplitudes,remote_amplitudes,phases",1
8.675,9.040602816833388,,variable,variable_mrc,nan,nan,nan,0.7711641383706979,nan,nan,nan,4.214441692603891,cs_095806,1b,,True,local+remote+phase,"local_amplitudes,remote_amplitudes,phases",1
8.675,9.058556195628478,,variable,adaptive_selection,nan,nan,nan,0.7711641383706979,nan,nan,nan,4.4213970677634284,cs_095806,1b,local_amplitudes,True,local+remote+phase,"local_amplitudes,remote_amplitudes,phases",1
8.675,9.445660405989578,,hierarchical,best_tone__adaptive_selection,nan,nan,nan,0.7819384659039409,nan,nan,nan,8.883693440802045,cs_095806,1b,local_amplitudes,True,local+remote+phase,"local_amplitudes,remote_amplitudes,phases",1
8.675,9.069583185250552,,hierarchical,liu_weighted_median__variable_weighted_median,nan,nan,nan,4.042406601849744,nan,nan,nan,4.548509340063997,cs_095806,1b,,True,local+remote+phase,"local_amplitudes,remote_amplitudes,phases",1
8.675,8.67736042898706,,hierarchical,snr_mrc__variable_mrc,nan,nan,nan,0.7819384659039409,nan,nan,nan,0.027209556046785967,cs_095806,1b,,True,local+remote+phase,"local_amplitudes,remote_amplitudes,phases",1
8.675,8.915083611217499,,hierarchical,hierarchical_quality_fusion,nan,nan,nan,0.7711641383706979,nan,nan,nan,2.7675344232564636,cs_095806,1b,,True,local+remote+phase,"local_amplitudes,remote_amplitudes,phases",1
8.675,8.89974003788371,,variable,variable_equal_average,nan,nan,nan,0.7616938673743814,nan,nan,nan,2.5906632609073106,cs_095806,1b,,True,local+remote+phase,"local_amplitudes,remote_amplitudes,phases",2
8.675,8.911919089568823,,variable,variable_quality_weighted,nan,nan,nan,0.7616938673743814,nan,nan,nan,2.731055787536853,cs_095806,1b,,True,local+remote+phase,"local_amplitudes,remote_amplitudes,phases",2
8.675,9.069080488388785,,variable,variable_weighted_median,nan,nan,nan,0.7616938673743814,nan,nan,nan,4.542714563559472,cs_095806,1b,,True,local+remote+phase,"local_amplitudes,remote_amplitudes,phases",2
8.675,9.079715470797199,,variable,variable_mrc,nan,nan,nan,0.7616938673743814,nan,nan,nan,4.665308020716981,cs_095806,1b,,True,local+remote+phase,"local_amplitudes,remote_amplitudes,phases",2
8.675,9.092778690927535,,variable,adaptive_selection,nan,nan,nan,0.7616938673743814,nan,nan,nan,4.815892690807309,cs_095806,1b,local_amplitudes,True,local+remote+phase,"local_amplitudes,remote_amplitudes,phases",2
8.675,9.675432012020254,,hierarchical,best_tone__adaptive_selection,nan,nan,nan,0.7854390505051193,nan,nan,nan,11.532357487265166,cs_095806,1b,local_amplitudes,True,local+remote+phase,"local_amplitudes,remote_amplitudes,phases",2
8.675,9.110684282542934,,hierarchical,liu_weighted_median__variable_weighted_median,nan,nan,nan,4.229401256344182,nan,nan,nan,5.022297205105858,cs_095806,1b,,True,local+remote+phase,"local_amplitudes,remote_amplitudes,phases",2
8.675,8.7597413087868,,hierarchical,snr_mrc__variable_mrc,nan,nan,nan,0.7854390505051193,nan,nan,nan,0.9768450580610935,cs_095806,1b,,True,local+remote+phase,"local_amplitudes,remote_amplitudes,phases",2
8.675,8.911919089568823,,hierarchical,hierarchical_quality_fusion,nan,nan,nan,0.7616938673743814,nan,nan,nan,2.731055787536853,cs_095806,1b,,True,local+remote+phase,"local_amplitudes,remote_amplitudes,phases",2
8.675,8.833935956140051,,variable,variable_equal_average,nan,nan,nan,0.7661475152222703,nan,nan,nan,1.8321147681850176,cs_095806,1b,,True,local+remote+phase,"local_amplitudes,remote_amplitudes,phases",3
8.675,8.850065856919832,,variable,variable_quality_weighted,nan,nan,nan,0.7661475152222703,nan,nan,nan,2.0180502238597247,cs_095806,1b,,True,local+remote+phase,"local_amplitudes,remote_amplitudes,phases",3
8.675,9.118473257013838,,variable,variable_weighted_median,nan,nan,nan,0.7661475152222703,nan,nan,nan,5.112083654338177,cs_095806,1b,,True,local+remote+phase,"local_amplitudes,remote_amplitudes,phases",3
8.675,9.120297317698226,,variable,variable_mrc,nan,nan,nan,0.7661475152222703,nan,nan,nan,5.133110290469453,cs_095806,1b,,True,local+remote+phase,"local_amplitudes,remote_amplitudes,phases",3
8.675,9.122498560076501,,variable,adaptive_selection,nan,nan,nan,0.7661475152222703,nan,nan,nan,5.158484842380406,cs_095806,1b,local_amplitudes,True,local+remote+phase,"local_amplitudes,remote_amplitudes,phases",3
8.675,9.901502453583658,,hierarchical,best_tone__adaptive_selection,nan,nan,nan,0.7817068214319315,nan,nan,nan,14.138356813644467,cs_095806,1b,local_amplitudes,True,local+remote+phase,"local_amplitudes,remote_amplitudes,phases",3
8.675,9.193173256159133,,hierarchical,liu_weighted_median__variable_weighted_median,nan,nan,nan,4.061437051196358,nan,nan,nan,5.973178745350226,cs_095806,1b,,True,local+remote+phase,"local_amplitudes,remote_amplitudes,phases",3
8.675,8.770980810057354,,hierarchical,snr_mrc__variable_mrc,nan,nan,nan,0.7817068214319315,nan,nan,nan,1.1064070323614248,cs_095806,1b,,True,local+remote+phase,"local_amplitudes,remote_amplitudes,phases",3
8.675,8.850065856919832,,hierarchical,hierarchical_quality_fusion,nan,nan,nan,0.7661475152222703,nan,nan,nan,2.0180502238597247,cs_095806,1b,,True,local+remote+phase,"local_amplitudes,remote_amplitudes,phases",3
8.675,8.64374022023359,,variable,variable_equal_average,nan,nan,nan,0.778661032096274,nan,nan,nan,0.3603432826099139,cs_095806,1b,,True,local+remote+phase,"local_amplitudes,remote_amplitudes,phases",4
8.675,8.66238514685701,,variable,variable_quality_weighted,nan,nan,nan,0.778661032096274,nan,nan,nan,0.14541617455896433,cs_095806,1b,,True,local+remote+phase,"local_amplitudes,remote_amplitudes,phases",4
8.675,9.17326681984187,,variable,variable_weighted_median,nan,nan,nan,0.778661032096274,nan,nan,nan,5.743709738811181,cs_095806,1b,,True,local+remote+phase,"local_amplitudes,remote_amplitudes,phases",4
8.675,9.184525154456026,,variable,variable_mrc,nan,nan,nan,0.778661032096274,nan,nan,nan,5.873488812173197,cs_095806,1b,,True,local+remote+phase,"local_amplitudes,remote_amplitudes,phases",4
8.675,9.17326681984187,,variable,adaptive_selection,nan,nan,nan,0.778661032096274,nan,nan,nan,5.743709738811181,cs_095806,1b,local_amplitudes,True,local+remote+phase,"local_amplitudes,remote_amplitudes,phases",4
8.675,9.592230878278082,,hierarchical,best_tone__adaptive_selection,nan,nan,nan,0.778661032096274,nan,nan,nan,10.573266608392867,cs_095806,1b,local_amplitudes,True,local+remote+phase,"local_amplitudes,remote_amplitudes,phases",4
8.675,9.208637645559584,,hierarchical,liu_weighted_median__variable_weighted_median,nan,nan,nan,3.9991077331161917,nan,nan,nan,6.15144260011047,cs_095806,1b,,True,local+remote+phase,"local_amplitudes,remote_amplitudes,phases",4
8.675,8.811930824688996,,hierarchical,snr_mrc__variable_mrc,nan,nan,nan,0.778661032096274,nan,nan,nan,1.5784533105359742,cs_095806,1b,,True,local+remote+phase,"local_amplitudes,remote_amplitudes,phases",4
8.675,8.66238514685701,,hierarchical,hierarchical_quality_fusion,nan,nan,nan,0.778661032096274,nan,nan,nan,0.14541617455896433,cs_095806,1b,,True,local+remote+phase,"local_amplitudes,remote_amplitudes,phases",4
8.675,8.402026603553704,,variable,variable_equal_average,nan,nan,nan,0.7587674509570271,nan,nan,nan,3.1466673941936203,cs_095806,1b,,True,local+remote+phase,"local_amplitudes,remote_amplitudes,phases",5
8.675,8.474349417482872,,variable,variable_quality_weighted,nan,nan,nan,0.7587674509570271,nan,nan,nan,2.3129750146066765,cs_095806,1b,,True,local+remote+phase,"local_amplitudes,remote_amplitudes,phases",5
8.675,9.193941947881278,,variable,variable_weighted_median,nan,nan,nan,0.7587674509570271,nan,nan,nan,5.982039745029133,cs_095806,1b,,True,local+remote+phase,"local_amplitudes,remote_amplitudes,phases",5
8.675,9.220086921596053,,variable,variable_mrc,nan,nan,nan,0.7587674509570271,nan,nan,nan,6.283422727332015,cs_095806,1b,,True,local+remote+phase,"local_amplitudes,remote_amplitudes,phases",5
8.675,9.193941947881278,,variable,adaptive_selection,nan,nan,nan,0.7587674509570271,nan,nan,nan,5.982039745029133,cs_095806,1b,local_amplitudes,True,local+remote+phase,"local_amplitudes,remote_amplitudes,phases",5
8.675,10.200329496514609,,hierarchical,best_tone__adaptive_selection,nan,nan,nan,0.776001586159873,nan,nan,nan,17.583048951177037,cs_095806,1b,local_amplitudes,True,local+remote+phase,"local_amplitudes,remote_amplitudes,phases",5
8.675,9.199861219843543,,hierarchical,liu_weighted_median__variable_weighted_median,nan,nan,nan,3.96948852124124,nan,nan,nan,6.050273427591262,cs_095806,1b,,True,local+remote+phase,"local_amplitudes,remote_amplitudes,phases",5
8.675,8.785075669466984,,hierarchical,snr_mrc__variable_mrc,nan,nan,nan,0.776001586159873,nan,nan,nan,1.2688837978902976,cs_095806,1b,,True,local+remote+phase,"local_amplitudes,remote_amplitudes,phases",5
8.675,8.474349417482872,,hierarchical,hierarchical_quality_fusion,nan,nan,nan,0.7587674509570271,nan,nan,nan,2.3129750146066765,cs_095806,1b,,True,local+remote+phase,"local_amplitudes,remote_amplitudes,phases",5
8.675,8.256523277924986,,variable,variable_equal_average,nan,nan,nan,0.7337202281952168,nan,nan,nan,4.823939159366166,cs_095806,1b,,True,local+remote+phase,"local_amplitudes,remote_amplitudes,phases",6
8.675,8.387166362491849,,variable,variable_quality_weighted,nan,nan,nan,0.7337202281952168,nan,nan,nan,3.3179670029758155,cs_095806,1b,,True,local+remote+phase,"local_amplitudes,remote_amplitudes,phases",6
8.675,9.209106572443016,,variable,variable_weighted_median,nan,nan,nan,0.7337202281952168,nan,nan,nan,6.156848097325822,cs_095806,1b,,True,local+remote+phase,"local_amplitudes,remote_amplitudes,phases",6
8.675,9.248634814852531,,variable,variable_mrc,nan,nan,nan,0.7337202281952168,nan,nan,nan,6.612505070346172,cs_095806,1b,,True,local+remote+phase,"local_amplitudes,remote_amplitudes,phases",6
8.675,9.209106572443016,,variable,adaptive_selection,nan,nan,nan,0.7337202281952168,nan,nan,nan,6.156848097325822,cs_095806,1b,local_amplitudes,True,local+remote+phase,"local_amplitudes,remote_amplitudes,phases",6
8.675,10.204828198723606,,hierarchical,best_tone__adaptive_selection,nan,nan,nan,0.7648669008454024,nan,nan,nan,17.63490718989746,cs_095806,1b,local_amplitudes,True,local+remote+phase,"local_amplitudes,remote_amplitudes,phases",6
8.675,9.22726800040298,,hierarchical,liu_weighted_median__variable_weighted_median,nan,nan,nan,3.8330183023297852,nan,nan,nan,6.3662017337519154,cs_095806,1b,,True,local+remote+phase,"local_amplitudes,remote_amplitudes,phases",6
8.675,8.66577396144002,,hierarchical,snr_mrc__variable_mrc,nan,nan,nan,0.7648669008454024,nan,nan,nan,0.10635202950985652,cs_095806,1b,,True,local+remote+phase,"local_amplitudes,remote_amplitudes,phases",6
8.675,8.387166362491849,,hierarchical,hierarchical_quality_fusion,nan,nan,nan,0.7337202281952168,nan,nan,nan,3.3179670029758155,cs_095806,1b,,True,local+remote+phase,"local_amplitudes,remote_amplitudes,phases",6
8.675,8.315080872155827,,variable,variable_equal_average,nan,nan,nan,0.7416794781885558,nan,nan,nan,4.148923663909787,cs_095806,1b,,True,local+remote+phase,"local_amplitudes,remote_amplitudes,phases",7
8.675,8.406095628257633,,variable,variable_quality_weighted,nan,nan,nan,0.7416794781885558,nan,nan,nan,3.099762210286658,cs_095806,1b,,True,local+remote+phase,"local_amplitudes,remote_amplitudes,phases",7
8.675,9.285310817720239,,variable,variable_weighted_median,nan,nan,nan,0.7416794781885558,nan,nan,nan,7.035283201386032,cs_095806,1b,,True,local+remote+phase,"local_amplitudes,remote_amplitudes,phases",7
8.675,9.335373473335942,,variable,variable_mrc,nan,nan,nan,0.7416794781885558,nan,nan,nan,7.612374332402777,cs_095806,1b,,True,local+remote+phase,"local_amplitudes,remote_amplitudes,phases",7
8.675,9.285310817720239,,variable,adaptive_selection,nan,nan,nan,0.7416794781885558,nan,nan,nan,7.035283201386032,cs_095806,1b,local_amplitudes,True,local+remote+phase,"local_amplitudes,remote_amplitudes,phases",7
8.675,10.304929307834767,,hierarchical,best_tone__adaptive_selection,nan,nan,nan,0.7636552850680288,nan,nan,nan,18.78881046495408,cs_095806,1b,local_amplitudes,True,local+remote+phase,"local_amplitudes,remote_amplitudes,phases",7
8.675,9.243544915092116,,hierarchical,liu_weighted_median__variable_weighted_median,nan,nan,nan,3.8144377118042248,nan,nan,nan,6.553831874260693,cs_095806,1b,,True,local+remote+phase,"local_amplitudes,remote_amplitudes,phases",7
8.675,8.520978153067523,,hierarchical,snr_mrc__variable_mrc,nan,nan,nan,0.7636552850680288,nan,nan,nan,1.7754679761668946,cs_095806,1b,,True,local+remote+phase,"local_amplitudes,remote_amplitudes,phases",7
8.675,8.406095628257633,,hierarchical,hierarchical_quality_fusion,nan,nan,nan,0.7416794781885558,nan,nan,nan,3.099762210286658,cs_095806,1b,,True,local+remote+phase,"local_amplitudes,remote_amplitudes,phases",7
8.675,8.3160599300398,,variable,variable_equal_average,nan,nan,nan,0.7300013942804195,nan,nan,nan,4.137637694065704,cs_095806,1b,,True,local+remote+phase,"local_amplitudes,remote_amplitudes,phases",8
8.675,8.454813560960693,,variable,variable_quality_weighted,nan,nan,nan,0.7300013942804195,nan,nan,nan,2.5381722079459137,cs_095806,1b,,True,local+remote+phase,"local_amplitudes,remote_amplitudes,phases",8
8.675,9.283310719570663,,variable,variable_weighted_median,nan,nan,nan,0.7300013942804195,nan,nan,nan,7.0122273149355845,cs_095806,1b,,True,local+remote+phase,"local_amplitudes,remote_amplitudes,phases",8
8.675,9.335980645832016,,variable,variable_mrc,nan,nan,nan,0.7300013942804195,nan,nan,nan,7.619373438985772,cs_095806,1b,,True,local+remote+phase,"local_amplitudes,remote_amplitudes,phases",8
8.675,9.283310719570663,,variable,adaptive_selection,nan,nan,nan,0.7300013942804195,nan,nan,nan,7.0122273149355845,cs_095806,1b,local_amplitudes,True,local+remote+phase,"local_amplitudes,remote_amplitudes,phases",8
8.675,9.983888396520182,,hierarchical,best_tone__adaptive_selection,nan,nan,nan,0.7669752312228484,nan,nan,nan,15.088050680347914,cs_095806,1b,local_amplitudes,True,local+remote+phase,"local_amplitudes,remote_amplitudes,phases",8
8.675,9.180738177655677,,hierarchical,liu_weighted_median__variable_weighted_median,nan,nan,nan,3.9275378931151033,nan,nan,nan,5.829834900929982,cs_095806,1b,,True,local+remote+phase,"local_amplitudes,remote_amplitudes,phases",8
8.675,8.412134051117679,,hierarchical,snr_mrc__variable_mrc,nan,nan,nan,0.7669752312228484,nan,nan,nan,3.030155030343766,cs_095806,1b,,True,local+remote+phase,"local_amplitudes,remote_amplitudes,phases",8
8.675,8.454813560960693,,hierarchical,hierarchical_quality_fusion,nan,nan,nan,0.7300013942804195,nan,nan,nan,2.5381722079459137,cs_095806,1b,,True,local+remote+phase,"local_amplitudes,remote_amplitudes,phases",8
8.675,8.382841316775812,,variable,variable_equal_average,nan,nan,nan,0.7117775451052747,nan,nan,nan,3.367823437742812,cs_095806,1b,,True,local+remote+phase,"local_amplitudes,remote_amplitudes,phases",9
8.675,8.575255056824094,,variable,variable_quality_weighted,nan,nan,nan,0.7117775451052747,nan,nan,nan,1.149797615860594,cs_095806,1b,,True,local+remote+phase,"local_amplitudes,remote_amplitudes,phases",9
8.675,9.259003926207024,,variable,variable_weighted_median,nan,nan,nan,0.7117775451052747,nan,nan,nan,6.732033731493062,cs_095806,1b,,True,local+remote+phase,"local_amplitudes,remote_amplitudes,phases",9
8.675,9.310206159299337,,variable,variable_mrc,nan,nan,nan,0.7117775451052747,nan,nan,nan,7.322261202297827,cs_095806,1b,,True,local+remote+phase,"local_amplitudes,remote_amplitudes,phases",9
8.675,9.259003926207024,,variable,adaptive_selection,nan,nan,nan,0.7117775451052747,nan,nan,nan,6.732033731493062,cs_095806,1b,local_amplitudes,True,local+remote+phase,"local_amplitudes,remote_amplitudes,phases",9
8.675,9.976642409980577,,hierarchical,best_tone__adaptive_selection,nan,nan,nan,0.7733309946123853,nan,nan,nan,15.004523457989357,cs_095806,1b,local_amplitudes,True,local+remote+phase,"local_amplitudes,remote_amplitudes,phases",9
8.675,9.050691437840124,,hierarchical,liu_weighted_median__variable_weighted_median,nan,nan,nan,4.072032759021911,nan,nan,nan,4.330737035621015,cs_095806,1b,,True,local+remote+phase,"local_amplitudes,remote_amplitudes,phases",9
8.675,8.28925055346354,,hierarchical,snr_mrc__variable_mrc,nan,nan,nan,0.7733309946123853,nan,nan,nan,4.446679498979365,cs_095806,1b,,True,local+remote+phase,"local_amplitudes,remote_amplitudes,phases",9
8.675,8.575255056824094,,hierarchical,hierarchical_quality_fusion,nan,nan,nan,0.7117775451052747,nan,nan,nan,1.149797615860594,cs_095806,1b,,True,local+remote+phase,"local_amplitudes,remote_amplitudes,phases",9
8.675,8.590282627714378,,variable,variable_equal_average,nan,nan,nan,0.7178319221520771,nan,nan,nan,0.9765691329754727,cs_095806,1b,,True,local+remote+phase,"local_amplitudes,remote_amplitudes,phases",10
8.675,8.725361751986526,,variable,variable_quality_weighted,nan,nan,nan,0.7178319221520771,nan,nan,nan,0.5805389277985608,cs_095806,1b,,True,local+remote+phase,"local_amplitudes,remote_amplitudes,phases",10
8.675,9.252715540729604,,variable,variable_weighted_median,nan,nan,nan,0.7178319221520771,nan,nan,nan,6.659545138093403,cs_095806,1b,,True,local+remote+phase,"local_amplitudes,remote_amplitudes,phases",10
8.675,9.29132505024109,,variable,variable_mrc,nan,nan,nan,0.7178319221520771,nan,nan,nan,7.104611530156649,cs_095806,1b,,True,local+remote+phase,"local_amplitudes,remote_amplitudes,phases",10
8.675,9.252715540729604,,variable,adaptive_selection,nan,nan,nan,0.7178319221520771,nan,nan,nan,6.659545138093403,cs_095806,1b,local_amplitudes,True,local+remote+phase,"local_amplitudes,remote_amplitudes,phases",10
8.675,9.906430101764762,,hierarchical,best_tone__adaptive_selection,nan,nan,nan,0.7696424792071173,nan,nan,nan,14.195159674521745,cs_095806,1b,local_amplitudes,True,local+remote+phase,"local_amplitudes,remote_amplitudes,phases",10
8.675,8.946967735242223,,hierarchical,liu_weighted_median__variable_weighted_median,nan,nan,nan,4.122076207540173,nan,nan,nan,3.13507475783542,cs_095806,1b,,True,local+remote+phase,"local_amplitudes,remote_amplitudes,phases",10
8.675,8.188502925926734,,hierarchical,snr_mrc__variable_mrc,nan,nan,nan,0.7696424792071173,nan,nan,nan,5.608035436003073,cs_095806,1b,,True,local+remote+phase,"local_amplitudes,remote_amplitudes,phases",10
8.675,8.725361751986526,,hierarchical,hierarchical_quality_fusion,nan,nan,nan,0.7178319221520771,nan,nan,nan,0.5805389277985608,cs_095806,1b,,True,local+remote+phase,"local_amplitudes,remote_amplitudes,phases",10
8.675,8.73062059571016,,variable,variable_equal_average,nan,nan,nan,0.7729346806179075,nan,nan,nan,0.641159604728065,cs_095806,1b,,True,local+remote+phase,"local_amplitudes,remote_amplitudes,phases",11
8.675,8.753819504579022,,variable,variable_quality_weighted,nan,nan,nan,0.7729346806179075,nan,nan,nan,0.9085821853489501,cs_095806,1b,,True,local+remote+phase,"local_amplitudes,remote_amplitudes,phases",11
8.675,9.109407685696532,,variable,variable_weighted_median,nan,nan,nan,0.7729346806179075,nan,nan,nan,5.007581391314477,cs_095806,1b,,True,local+remote+phase,"local_amplitudes,remote_amplitudes,phases",11
8.675,9.145203012118754,,variable,variable_mrc,nan,nan,nan,0.7729346806179075,nan,nan,nan,5.420207632492838,cs_095806,1b,,True,local+remote+phase,"local_amplitudes,remote_amplitudes,phases",11
8.675,9.170359027607912,,variable,adaptive_selection,nan,nan,nan,0.7729346806179075,nan,nan,nan,5.710190519975921,cs_095806,1b,remote_amplitudes,True,local+remote+phase,"local_amplitudes,remote_amplitudes,phases",11
8.675,8.846953327506705,,hierarchical,best_tone__adaptive_selection,nan,nan,nan,0.7751455645824917,nan,nan,nan,1.9821709222674888,cs_095806,1b,remote_amplitudes,True,local+remote+phase,"local_amplitudes,remote_amplitudes,phases",11
8.675,8.794595370375957,,hierarchical,liu_weighted_median__variable_weighted_median,nan,nan,nan,4.123402889687463,nan,nan,nan,1.3786209841608763,cs_095806,1b,,True,local+remote+phase,"local_amplitudes,remote_amplitudes,phases",11
8.675,8.10014505395137,,hierarchical,snr_mrc__variable_mrc,nan,nan,nan,0.7751455645824917,nan,nan,nan,6.6265699832695075,cs_095806,1b,,True,local+remote+phase,"local_amplitudes,remote_amplitudes,phases",11
8.675,8.753819504579022,,hierarchical,hierarchical_quality_fusion,nan,nan,nan,0.7729346806179075,nan,nan,nan,0.9085821853489501,cs_095806,1b,,True,local+remote+phase,"local_amplitudes,remote_amplitudes,phases",11
8.675,8.755706596276033,,variable,variable_equal_average,nan,nan,nan,0.7807453107601496,nan,nan,nan,0.9303354037582969,cs_095806,1b,,True,local+remote+phase,"local_amplitudes,remote_amplitudes,phases",12
8.675,8.766035873316872,,variable,variable_quality_weighted,nan,nan,nan,0.7807453107601496,nan,nan,nan,1.0494048797333835,cs_095806,1b,,True,local+remote+phase,"local_amplitudes,remote_amplitudes,phases",12
8.675,8.91716632083324,,variable,variable_weighted_median,nan,nan,nan,0.7807453107601496,nan,nan,nan,2.791542603265015,cs_095806,1b,,True,local+remote+phase,"local_amplitudes,remote_amplitudes,phases",12
8.675,8.972503454447347,,variable,variable_mrc,nan,nan,nan,0.7807453107601496,nan,nan,nan,3.429434633398804,cs_095806,1b,,True,local+remote+phase,"local_amplitudes,remote_amplitudes,phases",12
8.675,8.991654685377,,variable,adaptive_selection,nan,nan,nan,0.7807453107601496,nan,nan,nan,3.650198102328522,cs_095806,1b,remote_amplitudes,True,local+remote+phase,"local_amplitudes,remote_amplitudes,phases",12
8.675,8.742094845562756,,hierarchical,best_tone__adaptive_selection,nan,nan,nan,0.7807453107601496,nan,nan,nan,0.7734276145562525,cs_095806,1b,remote_amplitudes,True,local+remote+phase,"local_amplitudes,remote_amplitudes,phases",12
8.675,8.748102571152442,,hierarchical,liu_weighted_median__variable_weighted_median,nan,nan,nan,4.1372122272110525,nan,nan,nan,0.8426809354748281,cs_095806,1b,,True,local+remote+phase,"local_amplitudes,remote_amplitudes,phases",12
8.675,7.932780044846363,,hierarchical,snr_mrc__variable_mrc,nan,nan,nan,0.7807453107601496,nan,nan,nan,8.555849627131266,cs_095806,1b,,True,local+remote+phase,"local_amplitudes,remote_amplitudes,phases",12
8.675,8.766035873316872,,hierarchical,hierarchical_quality_fusion,nan,nan,nan,0.7807453107601496,nan,nan,nan,1.0494048797333835,cs_095806,1b,,True,local+remote+phase,"local_amplitudes,remote_amplitudes,phases",12
8.675,8.68786352653835,,variable,variable_equal_average,nan,nan,nan,0.7479931763753361,nan,nan,nan,0.14828272666685993,cs_095806,1b,,True,local+remote+phase,"local_amplitudes,remote_amplitudes,phases",13
8.675,8.693965892810134,,variable,variable_quality_weighted,nan,nan,nan,0.7479931763753361,nan,nan,nan,0.21862700645686517,cs_095806,1b,,True,local+remote+phase,"local_amplitudes,remote_amplitudes,phases",13
8.675,8.648059485307046,,variable,variable_weighted_median,nan,nan,nan,0.7479931763753361,nan,nan,nan,0.3105534834922728,cs_095806,1b,,True,local+remote+phase,"local_amplitudes,remote_amplitudes,phases",13
8.675,8.842617726973767,,variable,variable_mrc,nan,nan,nan,0.7479931763753361,nan,nan,nan,1.9321928181413996,cs_095806,1b,,True,local+remote+phase,"local_amplitudes,remote_amplitudes,phases",13
8.675,8.874664676086761,,variable,adaptive_selection,nan,nan,nan,0.7479931763753361,nan,nan,nan,2.301610098982826,cs_095806,1b,remote_amplitudes,True,local+remote+phase,"local_amplitudes,remote_amplitudes,phases",13
8.675,8.614710951420781,,hierarchical,best_tone__adaptive_selection,nan,nan,nan,0.7791440186834108,nan,nan,nan,0.6949746233915826,cs_095806,1b,remote_amplitudes,True,local+remote+phase,"local_amplitudes,remote_amplitudes,phases",13
8.675,8.684763579920363,,hierarchical,liu_weighted_median__variable_weighted_median,nan,nan,nan,4.140863026176249,nan,nan,nan,0.11254847170446015,cs_095806,1b,,True,local+remote+phase,"local_amplitudes,remote_amplitudes,phases",13
8.675,7.759705327177893,,hierarchical,snr_mrc__variable_mrc,nan,nan,nan,0.7791440186834108,nan,nan,nan,10.55094723714245,cs_095806,1b,,True,local+remote+phase,"local_amplitudes,remote_amplitudes,phases",13
8.675,8.693965892810134,,hierarchical,hierarchical_quality_fusion,nan,nan,nan,0.7479931763753361,nan,nan,nan,0.21862700645686517,cs_095806,1b,,True,local+remote+phase,"local_amplitudes,remote_amplitudes,phases",13
8.675,8.435851438907578,,variable,variable_equal_average,nan,nan,nan,0.7295597533982964,nan,nan,nan,2.7567557474630826,cs_095806,1b,,True,local+remote+phase,"local_amplitudes,remote_amplitudes,phases",14
8.675,8.464905035290098,,variable,variable_quality_weighted,nan,nan,nan,0.7295597533982964,nan,nan,nan,2.4218439736011854,cs_095806,1b,,True,local+remote+phase,"local_amplitudes,remote_amplitudes,phases",14
8.675,8.668370359808982,,variable,variable_weighted_median,nan,nan,nan,0.7295597533982964,nan,nan,nan,0.07642236531433587,cs_095806,1b,,True,local+remote+phase,"local_amplitudes,remote_amplitudes,phases",14
8.675,8.611338906266434,,variable,variable_mrc,nan,nan,nan,0.7295597533982964,nan,nan,nan,0.7338454609056648,cs_095806,1b,,True,local+remote+phase,"local_amplitudes,remote_amplitudes,phases",14
8.675,8.708962246651424,,variable,adaptive_selection,nan,nan,nan,0.7295597533982964,nan,nan,nan,0.39149563863312453,cs_095806,1b,remote_amplitudes,True,local+remote+phase,"local_amplitudes,remote_amplitudes,phases",14
8.675,9.455505578603294,,hierarchical,best_tone__adaptive_selection,nan,nan,nan,0.7814252525813367,nan,nan,nan,8.997182462285798,cs_095806,1b,local_amplitudes,True,local+remote+phase,"local_amplitudes,remote_amplitudes,phases",14
8.675,8.720830438946162,,hierarchical,liu_weighted_median__variable_weighted_median,nan,nan,nan,4.165227564584056,nan,nan,nan,0.5283047717136793,cs_095806,1b,,True,local+remote+phase,"local_amplitudes,remote_amplitudes,phases",14
8.675,7.799198739693391,,hierarchical,snr_mrc__variable_mrc,nan,nan,nan,0.7814252525813367,nan,nan,nan,10.09569176145948,cs_095806,1b,,True,local+remote+phase,"local_amplitudes,remote_amplitudes,phases",14
8.675,8.464905035290098,,hierarchical,hierarchical_quality_fusion,nan,nan,nan,0.7295597533982964,nan,nan,nan,2.4218439736011854,cs_095806,1b,,True,local+remote+phase,"local_amplitudes,remote_amplitudes,phases",14
8.675,8.138009178223717,,variable,variable_equal_average,nan,nan,nan,0.7256950002558312,nan,nan,nan,6.1900959282568735,cs_095806,1b,,True,local+remote+phase,"local_amplitudes,remote_amplitudes,phases",15
8.675,8.184754343042986,,variable,variable_quality_weighted,nan,nan,nan,0.7256950002558312,nan,nan,nan,5.651246766075099,cs_095806,1b,,True,local+remote+phase,"local_amplitudes,remote_amplitudes,phases",15
8.675,8.517850326227155,,variable,variable_weighted_median,nan,nan,nan,0.7256950002558312,nan,nan,nan,1.8115236169780513,cs_095806,1b,,True,local+remote+phase,"local_amplitudes,remote_amplitudes,phases",15
8.675,8.023658974401949,,variable,variable_mrc,nan,nan,nan,0.7256950002558312,nan,nan,nan,7.508253897383884,cs_095806,1b,,True,local+remote+phase,"local_amplitudes,remote_amplitudes,phases",15
8.675,8.517850326227155,,variable,adaptive_selection,nan,nan,nan,0.7256950002558312,nan,nan,nan,1.8115236169780513,cs_095806,1b,remote_amplitudes,True,local+remote+phase,"local_amplitudes,remote_amplitudes,phases",15
8.675,9.517835488582513,,hierarchical,best_tone__adaptive_selection,nan,nan,nan,0.7760205120919791,nan,nan,nan,9.715682865504464,cs_095806,1b,local_amplitudes,True,local+remote+phase,"local_amplitudes,remote_amplitudes,phases",15
8.675,8.775986580348915,,hierarchical,liu_weighted_median__variable_weighted_median,nan,nan,nan,4.098281362038564,nan,nan,nan,1.164110436298726,cs_095806,1b,,True,local+remote+phase,"local_amplitudes,remote_amplitudes,phases",15
8.675,7.8934615948714795,,hierarchical,snr_mrc__variable_mrc,nan,nan,nan,0.7760205120919791,nan,nan,nan,9.009088243556441,cs_095806,1b,,True,local+remote+phase,"local_amplitudes,remote_amplitudes,phases",15
8.675,8.184754343042986,,hierarchical,hierarchical_quality_fusion,nan,nan,nan,0.7256950002558312,nan,nan,nan,5.651246766075099,cs_095806,1b,,True,local+remote+phase,"local_amplitudes,remote_amplitudes,phases",15
8.675,7.637491435959329,,variable,variable_equal_average,nan,nan,nan,0.7233602992260709,nan,nan,nan,11.959752899604286,cs_095806,1b,,True,local+remote+phase,"local_amplitudes,remote_amplitudes,phases",16
8.675,7.6391575385176935,,variable,variable_quality_weighted,nan,nan,nan,0.7233602992260709,nan,nan,nan,11.940547106424289,cs_095806,1b,,True,local+remote+phase,"local_amplitudes,remote_amplitudes,phases",16
8.675,7.523647542762657,,variable,variable_weighted_median,nan,nan,nan,0.7233602992260709,nan,nan,nan,13.272074435012613,cs_095806,1b,,True,local+remote+phase,"local_amplitudes,remote_amplitudes,phases",16
8.675,6.707252074524858,,variable,variable_mrc,nan,nan,nan,0.7233602992260709,nan,nan,nan,22.682973204324412,cs_095806,1b,,True,local+remote+phase,"local_amplitudes,remote_amplitudes,phases",16
8.675,7.523647542762657,,variable,adaptive_selection,nan,nan,nan,0.7233602992260709,nan,nan,nan,13.272074435012613,cs_095806,1b,remote_amplitudes,True,local+remote+phase,"local_amplitudes,remote_amplitudes,phases",16
8.675,9.6045474657341,,hierarchical,best_tone__adaptive_selection,nan,nan,nan,0.7758108801600795,nan,nan,nan,10.715244561776363,cs_095806,1b,local_amplitudes,True,local+remote+phase,"local_amplitudes,remote_amplitudes,phases",16
8.675,8.803816863839467,,hierarchical,liu_weighted_median__variable_weighted_median,nan,nan,nan,3.9287233080834807,nan,nan,nan,1.4849206206278525,cs_095806,1b,,True,local+remote+phase,"local_amplitudes,remote_amplitudes,phases",16
8.675,7.884788599867473,,hierarchical,snr_mrc__variable_mrc,nan,nan,nan,0.7758108801600795,nan,nan,nan,9.10906513121069,cs_095806,1b,,True,local+remote+phase,"local_amplitudes,remote_amplitudes,phases",16
8.675,7.6391575385176935,,hierarchical,hierarchical_quality_fusion,nan,nan,nan,0.7233602992260709,nan,nan,nan,11.940547106424289,cs_095806,1b,,True,local+remote+phase,"local_amplitudes,remote_amplitudes,phases",16
8.675,7.151147519759765,,variable,variable_equal_average,nan,nan,nan,0.7124534601099644,nan,nan,nan,17.56602282697678,cs_095806,1b,,True,local+remote+phase,"local_amplitudes,remote_amplitudes,phases",17
8.675,7.154284679302414,,variable,variable_quality_weighted,nan,nan,nan,0.7124534601099644,nan,nan,nan,17.52985960458313,cs_095806,1b,,True,local+remote+phase,"local_amplitudes,remote_amplitudes,phases",17
8.675,6.265470297029703,,variable,variable_weighted_median,nan,nan,nan,0.7124534601099644,nan,nan,nan,27.775558535680666,cs_095806,1b,,True,local+remote+phase,"local_amplitudes,remote_amplitudes,phases",17
8.675,6.265470297029703,,variable,variable_mrc,nan,nan,nan,0.7124534601099644,nan,nan,nan,27.775558535680666,cs_095806,1b,,True,local+remote+phase,"local_amplitudes,remote_amplitudes,phases",17
8.675,6.265470297029703,,variable,adaptive_selection,nan,nan,nan,0.7124534601099644,nan,nan,nan,27.775558535680666,cs_095806,1b,local_amplitudes,True,local+remote+phase,"local_amplitudes,remote_amplitudes,phases",17
8.675,9.715347913299741,,hierarchical,best_tone__adaptive_selection,nan,nan,nan,0.7688877494377214,nan,nan,nan,11.992483150429283,cs_095806,1b,local_amplitudes,True,local+remote+phase,"local_amplitudes,remote_amplitudes,phases",17
8.675,8.931751867882816,,hierarchical,liu_weighted_median__variable_weighted_median,nan,nan,nan,3.7583014839311577,nan,nan,nan,2.9596757104647353,cs_095806,1b,,True,local+remote+phase,"local_amplitudes,remote_amplitudes,phases",17
8.675,7.870629498502802,,hierarchical,snr_mrc__variable_mrc,nan,nan,nan,0.7688877494377214,nan,nan,nan,9.272282438008055,cs_095806,1b,,True,local+remote+phase,"local_amplitudes,remote_amplitudes,phases",17
8.675,7.154284679302414,,hierarchical,hierarchical_quality_fusion,nan,nan,nan,0.7124534601099644,nan,nan,nan,17.52985960458313,cs_095806,1b,,True,local+remote+phase,"local_amplitudes,remote_amplitudes,phases",17
8.675,7.180673548592581,,variable,variable_equal_average,nan,nan,nan,0.7187158492659912,nan,nan,nan,17.225665145906856,cs_095806,1b,,True,local+remote+phase,"local_amplitudes,remote_amplitudes,phases",18
8.675,7.184935827245813,,variable,variable_quality_weighted,nan,nan,nan,0.7187158492659912,nan,nan,nan,17.176532250768737,cs_095806,1b,,True,local+remote+phase,"local_amplitudes,remote_amplitudes,phases",18
8.675,6.265470297029703,,variable,variable_weighted_median,nan,nan,nan,0.7187158492659912,nan,nan,nan,27.775558535680666,cs_095806,1b,,True,local+remote+phase,"local_amplitudes,remote_amplitudes,phases",18
8.675,6.265470297029703,,variable,variable_mrc,nan,nan,nan,0.7187158492659912,nan,nan,nan,27.775558535680666,cs_095806,1b,,True,local+remote+phase,"local_amplitudes,remote_amplitudes,phases",18
8.675,6.265470297029703,,variable,adaptive_selection,nan,nan,nan,0.7187158492659912,nan,nan,nan,27.775558535680666,cs_095806,1b,local_amplitudes,True,local+remote+phase,"local_amplitudes,remote_amplitudes,phases",18
8.675,9.843845190407308,,hierarchical,best_tone__adaptive_selection,nan,nan,nan,0.7682556686374541,nan,nan,nan,13.47371977414763,cs_095806,1b,local_amplitudes,True,local+remote+phase,"local_amplitudes,remote_amplitudes,phases",18
8.675,9.16739302131511,,hierarchical,liu_weighted_median__variable_weighted_median,nan,nan,nan,3.709672562899261,nan,nan,nan,5.676000245707314,cs_095806,1b,,True,local+remote+phase,"local_amplitudes,remote_amplitudes,phases",18
8.675,7.905717090899559,,hierarchical,snr_mrc__variable_mrc,nan,nan,nan,0.7682556686374541,nan,nan,nan,8.867814514126128,cs_095806,1b,,True,local+remote+phase,"local_amplitudes,remote_amplitudes,phases",18
8.675,7.184935827245813,,hierarchical,hierarchical_quality_fusion,nan,nan,nan,0.7187158492659912,nan,nan,nan,17.176532250768737,cs_095806,1b,,True,local+remote+phase,"local_amplitudes,remote_amplitudes,phases",18
8.675,7.342157216671917,,variable,variable_equal_average,nan,nan,nan,0.7002588519407588,nan,nan,nan,15.364181940381366,cs_095806,1b,,True,local+remote+phase,"local_amplitudes,remote_amplitudes,phases",19
8.675,7.416667474629497,,variable,variable_quality_weighted,nan,nan,nan,0.7002588519407588,nan,nan,nan,14.505274067671511,cs_095806,1b,,True,local+remote+phase,"local_amplitudes,remote_amplitudes,phases",19
8.675,6.706926509250398,,variable,variable_weighted_median,nan,nan,nan,0.7002588519407588,nan,nan,nan,22.686726118151043,cs_095806,1b,,True,local+remote+phase,"local_amplitudes,remote_amplitudes,phases",19
8.675,6.620164395360156,,variable,variable_mrc,nan,nan,nan,0.7002588519407588,nan,nan,nan,23.686865759537113,cs_095806,1b,,True,local+remote+phase,"local_amplitudes,remote_amplitudes,phases",19
8.675,6.706926509250398,,variable,adaptive_selection,nan,nan,nan,0.7002588519407588,nan,nan,nan,22.686726118151043,cs_095806,1b,local_amplitudes,True,local+remote+phase,"local_amplitudes,remote_amplitudes,phases",19
8.675,9.342974467597427,,hierarchical,best_tone__adaptive_selection,nan,nan,nan,0.7737489609373037,nan,nan,nan,7.699993862794543,cs_095806,1b,local_amplitudes,True,local+remote+phase,"local_amplitudes,remote_amplitudes,phases",19
8.675,9.320653514289468,,hierarchical,liu_weighted_median__variable_weighted_median,nan,nan,nan,3.6739636705027436,nan,nan,nan,7.4426918073713795,cs_095806,1b,,True,local+remote+phase,"local_amplitudes,remote_amplitudes,phases",19
8.675,7.992569330322883,,hierarchical,snr_mrc__variable_mrc,nan,nan,nan,0.7737489609373037,nan,nan,nan,7.866635961695876,cs_095806,1b,,True,local+remote+phase,"local_amplitudes,remote_amplitudes,phases",19
8.675,7.416667474629497,,hierarchical,hierarchical_quality_fusion,nan,nan,nan,0.7002588519407588,nan,nan,nan,14.505274067671511,cs_095806,1b,,True,local+remote+phase,"local_amplitudes,remote_amplitudes,phases",19
8.675,7.45507100002725,,variable,variable_equal_average,nan,nan,nan,0.6837479727388684,nan,nan,nan,14.062582132250723,cs_095806,1b,,True,local+remote+phase,"local_amplitudes,remote_amplitudes,phases",20
8.675,7.564210007493084,,variable,variable_quality_weighted,nan,nan,nan,0.6837479727388684,nan,nan,nan,12.804495590857833,cs_095806,1b,,True,local+remote+phase,"local_amplitudes,remote_amplitudes,phases",20
8.675,7.092096779919917,,variable,variable_weighted_median,nan,nan,nan,0.6837479727388684,nan,nan,nan,18.246722998041314,cs_095806,1b,,True,local+remote+phase,"local_amplitudes,remote_amplitudes,phases",20
8.675,6.96138308085423,,variable,variable_mrc,nan,nan,nan,0.6837479727388684,nan,nan,nan,19.753509154418108,cs_095806,1b,,True,local+remote+phase,"local_amplitudes,remote_amplitudes,phases",20
8.675,7.092096779919917,,variable,adaptive_selection,nan,nan,nan,0.6837479727388684,nan,nan,nan,18.246722998041314,cs_095806,1b,local_amplitudes,True,local+remote+phase,"local_amplitudes,remote_amplitudes,phases",20
8.675,9.309598229532687,,hierarchical,best_tone__adaptive_selection,nan,nan,nan,0.7716092107188706,nan,nan,nan,7.315253366371027,cs_095806,1b,local_amplitudes,True,local+remote+phase,"local_amplitudes,remote_amplitudes,phases",20
8.675,9.38155305865451,,hierarchical,liu_weighted_median__variable_weighted_median,nan,nan,nan,3.678737333271158,nan,nan,nan,8.1447038461615,cs_095806,1b,,True,local+remote+phase,"local_amplitudes,remote_amplitudes,phases",20
8.675,8.131172103758495,,hierarchical,snr_mrc__variable_mrc,nan,nan,nan,0.7716092107188706,nan,nan,nan,6.268909466760878,cs_095806,1b,,True,local+remote+phase,"local_amplitudes,remote_amplitudes,phases",20
8.675,7.564210007493084,,hierarchical,hierarchical_quality_fusion,nan,nan,nan,0.6837479727388684,nan,nan,nan,12.804495590857833,cs_095806,1b,,True,local+remote+phase,"local_amplitudes,remote_amplitudes,phases",20
8.675,9.729318582133311,,variable,variable_equal_average,nan,nan,nan,0.6533454084043012,nan,nan,nan,12.153528324303293,cs_095806,1b,,True,local+remote+phase,"local_amplitudes,remote_amplitudes,phases",21
8.675,9.426212338098846,,variable,variable_quality_weighted,nan,nan,nan,0.6533454084043012,nan,nan,nan,8.659508220159601,cs_095806,1b,,True,local+remote+phase,"local_amplitudes,remote_amplitudes,phases",21
8.675,8.944427651523,,variable,variable_weighted_median,nan,nan,nan,0.6533454084043012,nan,nan,nan,3.105794253867428,cs_095806,1b,,True,local+remote+phase,"local_amplitudes,remote_amplitudes,phases",21
8.675,8.02712817432547,,variable,variable_mrc,nan,nan,nan,0.6533454084043012,nan,nan,nan,7.468263120167491,cs_095806,1b,,True,local+remote+phase,"local_amplitudes,remote_amplitudes,phases",21
8.675,8.944427651523,,variable,adaptive_selection,nan,nan,nan,0.6533454084043012,nan,nan,nan,3.105794253867428,cs_095806,1b,phases,True,local+remote+phase,"local_amplitudes,remote_amplitudes,phases",21
8.675,9.482344110493818,,hierarchical,best_tone__adaptive_selection,nan,nan,nan,0.7738542742027382,nan,nan,nan,9.306560351513744,cs_095806,1b,local_amplitudes,True,local+remote+phase,"local_amplitudes,remote_amplitudes,phases",21
8.675,9.402428068496407,,hierarchical,liu_weighted_median__variable_weighted_median,nan,nan,nan,3.7194474583612993,nan,nan,nan,8.385337965376443,cs_095806,1b,,True,local+remote+phase,"local_amplitudes,remote_amplitudes,phases",21
8.675,8.268129682239113,,hierarchical,snr_mrc__variable_mrc,nan,nan,nan,0.7518191328202661,nan,nan,nan,4.690147755168731,cs_095806,1b,,True,local+remote+phase,"local_amplitudes,remote_amplitudes,phases",21
8.675,9.426212338098846,,hierarchical,hierarchical_quality_fusion,nan,nan,nan,0.6533454084043012,nan,nan,nan,8.659508220159601,cs_095806,1b,,True,local+remote+phase,"local_amplitudes,remote_amplitudes,phases",21
8.675,9.642037107016796,,variable,variable_equal_average,nan,nan,nan,0.6501729174112656,nan,nan,nan,11.147401809991871,cs_095806,1b,,True,local+remote+phase,"local_amplitudes,remote_amplitudes,phases",22
8.675,9.403181334471531,,variable,variable_quality_weighted,nan,nan,nan,0.6501729174112656,nan,nan,nan,8.394021146645885,cs_095806,1b,,True,local+remote+phase,"local_amplitudes,remote_amplitudes,phases",22
8.675,8.837044704052817,,variable,variable_weighted_median,nan,nan,nan,0.6501729174112656,nan,nan,nan,1.8679504789949959,cs_095806,1b,,True,local+remote+phase,"local_amplitudes,remote_amplitudes,phases",22
8.675,8.676838589460283,,variable,variable_mrc,nan,nan,nan,0.6501729174112656,nan,nan,nan,0.02119411481593765,cs_095806,1b,,True,local+remote+phase,"local_amplitudes,remote_amplitudes,phases",22
8.675,8.837044704052817,,variable,adaptive_selection,nan,nan,nan,0.6501729174112656,nan,nan,nan,1.8679504789949959,cs_095806,1b,phases,True,local+remote+phase,"local_amplitudes,remote_amplitudes,phases",22
8.675,9.48584437617412,,hierarchical,best_tone__adaptive_selection,nan,nan,nan,0.7732207324372776,nan,nan,nan,9.346909235436527,cs_095806,1b,local_amplitudes,True,local+remote+phase,"local_amplitudes,remote_amplitudes,phases",22
8.675,9.33178024952271,,hierarchical,liu_weighted_median__variable_weighted_median,nan,nan,nan,3.7653199433674764,nan,nan,nan,7.570953884988005,cs_095806,1b,,True,local+remote+phase,"local_amplitudes,remote_amplitudes,phases",22
8.675,8.31845417841665,,hierarchical,snr_mrc__variable_mrc,nan,nan,nan,0.7008463246966486,nan,nan,nan,4.110038289145259,cs_095806,1b,,True,local+remote+phase,"local_amplitudes,remote_amplitudes,phases",22
8.675,9.403181334471531,,hierarchical,hierarchical_quality_fusion,nan,nan,nan,0.6501729174112656,nan,nan,nan,8.394021146645885,cs_095806,1b,,True,local+remote+phase,"local_amplitudes,remote_amplitudes,phases",22
8.675,9.260634077306973,,variable,variable_equal_average,nan,nan,nan,0.6862965837878776,nan,nan,nan,6.750825098639448,cs_095806,1b,,True,local+remote+phase,"local_amplitudes,remote_amplitudes,phases",23
8.675,9.112729183040548,,variable,variable_quality_weighted,nan,nan,nan,0.6862965837878776,nan,nan,nan,5.04586954513599,cs_095806,1b,,True,local+remote+phase,"local_amplitudes,remote_amplitudes,phases",23
8.675,8.716007868720812,,variable,variable_weighted_median,nan,nan,nan,0.6862965837878776,nan,nan,nan,0.4727131841015712,cs_095806,1b,,True,local+remote+phase,"local_amplitudes,remote_amplitudes,phases",23
8.675,8.763780123141563,,variable,variable_mrc,nan,nan,nan,0.6862965837878776,nan,nan,nan,1.0234019958681566,cs_095806,1b,,True,local+remote+phase,"local_amplitudes,remote_amplitudes,phases",23
8.675,8.539718514267348,,variable,adaptive_selection,nan,nan,nan,0.6862965837878776,nan,nan,nan,1.5594407577251088,cs_095806,1b,local_amplitudes,True,local+remote+phase,"local_amplitudes,remote_amplitudes,phases",23
8.675,9.52035239215251,,hierarchical,best_tone__adaptive_selection,nan,nan,nan,0.7759344897638981,nan,nan,nan,9.744696163141322,cs_095806,1b,local_amplitudes,True,local+remote+phase,"local_amplitudes,remote_amplitudes,phases",23
8.675,9.330282153826662,,hierarchical,liu_weighted_median__variable_weighted_median,nan,nan,nan,3.840702332001451,nan,nan,nan,7.553684770336153,cs_095806,1b,,True,local+remote+phase,"local_amplitudes,remote_amplitudes,phases",23
8.675,8.41278126170107,,hierarchical,snr_mrc__variable_mrc,nan,nan,nan,0.7264886932711528,nan,nan,nan,3.0226943896130285,cs_095806,1b,,True,local+remote+phase,"local_amplitudes,remote_amplitudes,phases",23
8.675,9.112729183040548,,hierarchical,hierarchical_quality_fusion,nan,nan,nan,0.6862965837878776,nan,nan,nan,5.04586954513599,cs_095806,1b,,True,local+remote+phase,"local_amplitudes,remote_amplitudes,phases",23
8.675,8.97046876306723,,variable,variable_equal_average,nan,nan,nan,0.7270469010433245,nan,nan,nan,3.4059799777202135,cs_095806,1b,,True,local+remote+phase,"local_amplitudes,remote_amplitudes,phases",24
8.675,8.919129351648976,,variable,variable_quality_weighted,nan,nan,nan,0.7270469010433245,nan,nan,nan,2.814171200564562,cs_095806,1b,,True,local+remote+phase,"local_amplitudes,remote_amplitudes,phases",24
8.675,8.65354954920548,,variable,variable_weighted_median,nan,nan,nan,0.7270469010433245,nan,nan,nan,0.24726744431725023,cs_095806,1b,,True,local+remote+phase,"local_amplitudes,remote_amplitudes,phases",24
8.675,8.805199476618697,,variable,variable_mrc,nan,nan,nan,0.7270469010433245,nan,nan,nan,1.5008585201002396,cs_095806,1b,,True,local+remote+phase,"local_amplitudes,remote_amplitudes,phases",24
8.675,8.65354954920548,,variable,adaptive_selection,nan,nan,nan,0.7270469010433245,nan,nan,nan,0.24726744431725023,cs_095806,1b,local_amplitudes,True,local+remote+phase,"local_amplitudes,remote_amplitudes,phases",24
8.675,9.444708751179725,,hierarchical,best_tone__adaptive_selection,nan,nan,nan,0.7825513396634592,nan,nan,nan,8.872723356538607,cs_095806,1b,local_amplitudes,True,local+remote+phase,"local_amplitudes,remote_amplitudes,phases",24
8.675,9.296928139566862,,hierarchical,liu_weighted_median__variable_weighted_median,nan,nan,nan,3.871950355533548,nan,nan,nan,7.169200456102151,cs_095806,1b,,True,local+remote+phase,"local_amplitudes,remote_amplitudes,phases",24
8.675,8.46896708424593,,hierarchical,snr_mrc__variable_mrc,nan,nan,nan,0.7149901799624172,nan,nan,nan,2.375019201776027,cs_095806,1b,,True,local+remote+phase,"local_amplitudes,remote_amplitudes,phases",24
8.675,8.919129351648976,,hierarchical,hierarchical_quality_fusion,nan,nan,nan,0.7270469010433245,nan,nan,nan,2.814171200564562,cs_095806,1b,,True,local+remote+phase,"local_amplitudes,remote_amplitudes,phases",24
8.675,8.818456929100547,,variable,variable_equal_average,nan,nan,nan,0.7710462446096239,nan,nan,nan,1.6536821798333867,cs_095806,1b,,True,local+remote+phase,"local_amplitudes,remote_amplitudes,phases",25
8.675,8.81342068262761,,variable,variable_quality_weighted,nan,nan,nan,0.7710462446096239,nan,nan,nan,1.5956274654479483,cs_095806,1b,,True,local+remote+phase,"local_amplitudes,remote_amplitudes,phases",25
8.675,8.660063583161389,,variable,variable_weighted_median,nan,nan,nan,0.7710462446096239,nan,nan,nan,0.17217771571887183,cs_095806,1b,,True,local+remote+phase,"local_amplitudes,remote_amplitudes,phases",25
8.675,8.773021347886447,,variable,variable_mrc,nan,nan,nan,0.7710462446096239,nan,nan,nan,1.1299290822645072,cs_095806,1b,,True,local+remote+phase,"local_amplitudes,remote_amplitudes,phases",25
8.675,8.660063583161389,,variable,adaptive_selection,nan,nan,nan,0.7710462446096239,nan,nan,nan,0.17217771571887183,cs_095806,1b,local_amplitudes,True,local+remote+phase,"local_amplitudes,remote_amplitudes,phases",25
8.675,9.372521707648346,,hierarchical,best_tone__adaptive_selection,nan,nan,nan,0.779723791554736,nan,nan,nan,8.040596053583231,cs_095806,1b,local_amplitudes,True,local+remote+phase,"local_amplitudes,remote_amplitudes,phases",25
8.675,9.285261396717146,,hierarchical,liu_weighted_median__variable_weighted_median,nan,nan,nan,3.832265336443603,nan,nan,nan,7.034713506825888,cs_095806,1b,,True,local+remote+phase,"local_amplitudes,remote_amplitudes,phases",25
8.675,8.509244367199635,,hierarchical,snr_mrc__variable_mrc,nan,nan,nan,0.779723791554736,nan,nan,nan,1.9107277556238127,cs_095806,1b,,True,local+remote+phase,"local_amplitudes,remote_amplitudes,phases",25
8.675,8.81342068262761,,hierarchical,hierarchical_quality_fusion,nan,nan,nan,0.7710462446096239,nan,nan,nan,1.5956274654479483,cs_095806,1b,,True,local+remote+phase,"local_amplitudes,remote_amplitudes,phases",25
8.675,8.689647697509082,,variable,variable_equal_average,nan,nan,nan,0.7839067323314916,nan,nan,nan,0.1688495390095871,cs_095806,1b,,True,local+remote+phase,"local_amplitudes,remote_amplitudes,phases",26
8.675,8.687937502588431,,variable,variable_quality_weighted,nan,nan,nan,0.7839067323314916,nan,nan,nan,0.1491354765236934,cs_095806,1b,,True,local+remote+phase,"local_amplitudes,remote_amplitudes,phases",26
8.675,8.606510017658168,,variable,variable_weighted_median,nan,nan,nan,0.7839067323314916,nan,nan,nan,0.7895098829029664,cs_095806,1b,,True,local+remote+phase,"local_amplitudes,remote_amplitudes,phases",26
8.675,8.688728162241718,,variable,variable_mrc,nan,nan,nan,0.7839067323314916,nan,nan,nan,0.1582497088382404,cs_095806,1b,,True,local+remote+phase,"local_amplitudes,remote_amplitudes,phases",26
8.675,8.606510017658168,,variable,adaptive_selection,nan,nan,nan,0.7839067323314916,nan,nan,nan,0.7895098829029664,cs_095806,1b,local_amplitudes,True,local+remote+phase,"local_amplitudes,remote_amplitudes,phases",26
8.675,9.419078136990995,,hierarchical,best_tone__adaptive_selection,nan,nan,nan,0.7839067323314916,nan,nan,nan,8.57726959067429,cs_095806,1b,local_amplitudes,True,local+remote+phase,"local_amplitudes,remote_amplitudes,phases",26
8.675,9.326896709075774,,hierarchical,liu_weighted_median__variable_weighted_median,nan,nan,nan,3.7884306392141505,nan,nan,nan,7.514659470614098,cs_095806,1b,,True,local+remote+phase,"local_amplitudes,remote_amplitudes,phases",26
8.675,8.485677460066231,,hierarchical,snr_mrc__variable_mrc,nan,nan,nan,0.7839067323314916,nan,nan,nan,2.182392391167371,cs_095806,1b,,True,local+remote+phase,"local_amplitudes,remote_amplitudes,phases",26
8.675,8.687937502588431,,hierarchical,hierarchical_quality_fusion,nan,nan,nan,0.7839067323314916,nan,nan,nan,0.1491354765236934,cs_095806,1b,,True,local+remote+phase,"local_amplitudes,remote_amplitudes,phases",26
8.675,8.5998726927327,,variable,variable_equal_average,nan,nan,nan,0.8096139351508826,nan,nan,nan,0.8660208330524672,cs_095806,1b,,True,local+remote+phase,"local_amplitudes,remote_amplitudes,phases",27
8.675,8.601102006984572,,variable,variable_quality_weighted,nan,nan,nan,0.8096139351508826,nan,nan,nan,0.8518500635784283,cs_095806,1b,,True,local+remote+phase,"local_amplitudes,remote_amplitudes,phases",27
8.675,8.546063623307274,,variable,variable_weighted_median,nan,nan,nan,0.8096139351508826,nan,nan,nan,1.4862982904060664,cs_095806,1b,,True,local+remote+phase,"local_amplitudes,remote_amplitudes,phases",27
8.675,8.632616323212662,,variable,variable_mrc,nan,nan,nan,0.8096139351508826,nan,nan,nan,0.48857264308170867,cs_095806,1b,,True,local+remote+phase,"local_amplitudes,remote_amplitudes,phases",27
8.675,8.546063623307274,,variable,adaptive_selection,nan,nan,nan,0.8096139351508826,nan,nan,nan,1.4862982904060664,cs_095806,1b,local_amplitudes,True,local+remote+phase,"local_amplitudes,remote_amplitudes,phases",27
8.675,9.372904631123681,,hierarchical,best_tone__adaptive_selection,nan,nan,nan,0.8096139351508826,nan,nan,nan,8.04501015704531,cs_095806,1b,local_amplitudes,True,local+remote+phase,"local_amplitudes,remote_amplitudes,phases",27
8.675,9.28222738311642,,hierarchical,liu_weighted_median__variable_weighted_median,nan,nan,nan,3.817065387521755,nan,nan,nan,6.999739286644593,cs_095806,1b,,True,local+remote+phase,"local_amplitudes,remote_amplitudes,phases",27
8.675,8.46512611422504,,hierarchical,snr_mrc__variable_mrc,nan,nan,nan,0.8096139351508826,nan,nan,nan,2.419295513256033,cs_095806,1b,,True,local+remote+phase,"local_amplitudes,remote_amplitudes,phases",27
8.675,8.601102006984572,,hierarchical,hierarchical_quality_fusion,nan,nan,nan,0.8096139351508826,nan,nan,nan,0.8518500635784283,cs_095806,1b,,True,local+remote+phase,"local_amplitudes,remote_amplitudes,phases",27
11.49,13.288592910665818,,variable,variable_equal_average,nan,nan,nan,0.6777346809995853,nan,nan,nan,15.65355013634306,cs_095806,2a,,True,local+remote+phase,"local_amplitudes,remote_amplitudes,phases",0
11.49,13.32239913717191,,variable,variable_quality_weighted,nan,nan,nan,0.6777346809995853,nan,nan,nan,15.947773169468318,cs_095806,2a,,True,local+remote+phase,"local_amplitudes,remote_amplitudes,phases",0
11.49,13.541219527776814,,variable,variable_weighted_median,nan,nan,nan,0.6777346809995853,nan,nan,nan,17.852215211286456,cs_095806,2a,,True,local+remote+phase,"local_amplitudes,remote_amplitudes,phases",0
11.49,13.64337559645571,,variable,variable_mrc,nan,nan,nan,0.6777346809995853,nan,nan,nan,18.741301970893907,cs_095806,2a,,True,local+remote+phase,"local_amplitudes,remote_amplitudes,phases",0
11.49,13.541219527776814,,variable,adaptive_selection,nan,nan,nan,0.6777346809995853,nan,nan,nan,17.852215211286456,cs_095806,2a,local_amplitudes,True,local+remote+phase,"local_amplitudes,remote_amplitudes,phases",0
11.49,13.082816675563263,,hierarchical,best_tone__adaptive_selection,nan,nan,nan,0.6777346809995853,nan,nan,nan,13.862634252073654,cs_095806,2a,local_amplitudes,True,local+remote+phase,"local_amplitudes,remote_amplitudes,phases",0
11.49,13.488603364561241,,hierarchical,liu_weighted_median__variable_weighted_median,nan,nan,nan,2.219084368951013,nan,nan,nan,17.394285157190957,cs_095806,2a,,True,local+remote+phase,"local_amplitudes,remote_amplitudes,phases",0
11.49,13.613649426900514,,hierarchical,snr_mrc__variable_mrc,nan,nan,nan,0.6777346809995853,nan,nan,nan,18.482588571806037,cs_095806,2a,,True,local+remote+phase,"local_amplitudes,remote_amplitudes,phases",0
11.49,13.32239913717191,,hierarchical,hierarchical_quality_fusion,nan,nan,nan,0.6777346809995853,nan,nan,nan,15.947773169468318,cs_095806,2a,,True,local+remote+phase,"local_amplitudes,remote_amplitudes,phases",0
11.49,13.291877715218407,,variable,variable_equal_average,nan,nan,nan,0.7305993726802233,nan,nan,nan,15.682138513650187,cs_095806,2a,,True,local+remote+phase,"local_amplitudes,remote_amplitudes,phases",1
11.49,13.325593216630942,,variable,variable_quality_weighted,nan,nan,nan,0.7305993726802233,nan,nan,nan,15.975571946309328,cs_095806,2a,,True,local+remote+phase,"local_amplitudes,remote_amplitudes,phases",1
11.49,13.512930667154652,,variable,variable_weighted_median,nan,nan,nan,0.7305993726802233,nan,nan,nan,17.606011028325955,cs_095806,2a,,True,local+remote+phase,"local_amplitudes,remote_amplitudes,phases",1
11.49,13.637658803479646,,variable,variable_mrc,nan,nan,nan,0.7305993726802233,nan,nan,nan,18.691547462834162,cs_095806,2a,,True,local+remote+phase,"local_amplitudes,remote_amplitudes,phases",1
11.49,13.512930667154652,,variable,adaptive_selection,nan,nan,nan,0.7305993726802233,nan,nan,nan,17.606011028325955,cs_095806,2a,local_amplitudes,True,local+remote+phase,"local_amplitudes,remote_amplitudes,phases",1
11.49,13.88634199398585,,hierarchical,best_tone__adaptive_selection,nan,nan,nan,0.7305993726802233,nan,nan,nan,20.85589202772715,cs_095806,2a,local_amplitudes,True,local+remote+phase,"local_amplitudes,remote_amplitudes,phases",1
11.49,13.405845295952151,,hierarchical,liu_weighted_median__variable_weighted_median,nan,nan,nan,2.754793508047411,nan,nan,nan,16.674023463465193,cs_095806,2a,,True,local+remote+phase,"local_amplitudes,remote_amplitudes,phases",1
11.49,13.617951392769513,,hierarchical,snr_mrc__variable_mrc,nan,nan,nan,0.7305993726802233,nan,nan,nan,18.520029528020125,cs_095806,2a,,True,local+remote+phase,"local_amplitudes,remote_amplitudes,phases",1
11.49,13.325593216630942,,hierarchical,hierarchical_quality_fusion,nan,nan,nan,0.7305993726802233,nan,nan,nan,15.975571946309328,cs_095806,2a,,True,local+remote+phase,"local_amplitudes,remote_amplitudes,phases",1
11.49,13.195251128364324,,variable,variable_equal_average,nan,nan,nan,0.7616019709367295,nan,nan,nan,14.841176051908825,cs_095806,2a,,True,local+remote+phase,"local_amplitudes,remote_amplitudes,phases",2
11.49,13.230289750790472,,variable,variable_quality_weighted,nan,nan,nan,0.7616019709367295,nan,nan,nan,15.1461248980894,cs_095806,2a,,True,local+remote+phase,"local_amplitudes,remote_amplitudes,phases",2
11.49,13.382769709882057,,variable,variable_weighted_median,nan,nan,nan,0.7616019709367295,nan,nan,nan,16.473191556849926,cs_095806,2a,,True,local+remote+phase,"local_amplitudes,remote_amplitudes,phases",2
11.49,13.547491778413779,,variable,variable_mrc,nan,nan,nan,0.7616019709367295,nan,nan,nan,17.906803989676053,cs_095806,2a,,True,local+remote+phase,"local_amplitudes,remote_amplitudes,phases",2
11.49,13.382769709882057,,variable,adaptive_selection,nan,nan,nan,0.7616019709367295,nan,nan,nan,16.473191556849926,cs_095806,2a,local_amplitudes,True,local+remote+phase,"local_amplitudes,remote_amplitudes,phases",2
11.49,13.628037791045742,,hierarchical,best_tone__adaptive_selection,nan,nan,nan,0.7616019709367295,nan,nan,nan,18.60781367315702,cs_095806,2a,local_amplitudes,True,local+remote+phase,"local_amplitudes,remote_amplitudes,phases",2
11.49,13.333886004568743,,hierarchical,liu_weighted_median__variable_weighted_median,nan,nan,nan,3.1927197909409677,nan,nan,nan,16.047745905733183,cs_095806,2a,,True,local+remote+phase,"local_amplitudes,remote_amplitudes,phases",2
11.49,13.537566627212081,,hierarchical,snr_mrc__variable_mrc,nan,nan,nan,0.7616019709367295,nan,nan,nan,17.82042321333404,cs_095806,2a,,True,local+remote+phase,"local_amplitudes,remote_amplitudes,phases",2
11.49,13.230289750790472,,hierarchical,hierarchical_quality_fusion,nan,nan,nan,0.7616019709367295,nan,nan,nan,15.1461248980894,cs_095806,2a,,True,local+remote+phase,"local_amplitudes,remote_amplitudes,phases",2
14.04,15.537244803386459,,variable,variable_equal_average,nan,nan,nan,0.7251922549155657,nan,nan,nan,10.664136776256838,cs_095806,3,,True,local+remote+phase,"local_amplitudes,remote_amplitudes,phases",0
14.04,15.545844631056958,,variable,variable_quality_weighted,nan,nan,nan,0.7251922549155657,nan,nan,nan,10.725389110092303,cs_095806,3,,True,local+remote+phase,"local_amplitudes,remote_amplitudes,phases",0
14.04,15.642969502881762,,variable,variable_weighted_median,nan,nan,nan,0.7251922549155657,nan,nan,nan,11.417161701437058,cs_095806,3,,True,local+remote+phase,"local_amplitudes,remote_amplitudes,phases",0
14.04,15.670335877673601,,variable,variable_mrc,nan,nan,nan,0.7251922549155657,nan,nan,nan,11.61207890080913,cs_095806,3,,True,local+remote+phase,"local_amplitudes,remote_amplitudes,phases",0
14.04,15.705538162953797,,variable,adaptive_selection,nan,nan,nan,0.7251922549155657,nan,nan,nan,11.862807428445855,cs_095806,3,local_amplitudes,True,local+remote+phase,"local_amplitudes,remote_amplitudes,phases",0
14.04,15.686799372144613,,hierarchical,best_tone__adaptive_selection,nan,nan,nan,0.7273833187935755,nan,nan,nan,11.729340257440267,cs_095806,3,local_amplitudes,True,local+remote+phase,"local_amplitudes,remote_amplitudes,phases",0
14.04,15.456012941568929,,hierarchical,liu_weighted_median__variable_weighted_median,nan,nan,nan,2.6086277430155675,nan,nan,nan,10.085562261886965,cs_095806,3,,True,local+remote+phase,"local_amplitudes,remote_amplitudes,phases",0
14.04,15.621725667306276,,hierarchical,snr_mrc__variable_mrc,nan,nan,nan,0.7245477764539089,nan,nan,nan,11.265852331241287,cs_095806,3,,True,local+remote+phase,"local_amplitudes,remote_amplitudes,phases",0
14.04,15.545844631056958,,hierarchical,hierarchical_quality_fusion,nan,nan,nan,0.7251922549155657,nan,nan,nan,10.725389110092303,cs_095806,3,,True,local+remote+phase,"local_amplitudes,remote_amplitudes,phases",0
14.04,15.524669505450882,,variable,variable_equal_average,nan,nan,nan,0.7491656050326903,nan,nan,nan,10.574569127143043,cs_095806,3,,True,local+remote+phase,"local_amplitudes,remote_amplitudes,phases",1
14.04,15.526169577079923,,variable,variable_quality_weighted,nan,nan,nan,0.7491656050326903,nan,nan,nan,10.585253398005156,cs_095806,3,,True,local+remote+phase,"local_amplitudes,remote_amplitudes,phases",1
14.04,15.647910035399908,,variable,variable_weighted_median,nan,nan,nan,0.7491656050326903,nan,nan,nan,11.452350679486534,cs_095806,3,,True,local+remote+phase,"local_amplitudes,remote_amplitudes,phases",1
14.04,15.663832719604887,,variable,variable_mrc,nan,nan,nan,0.7491656050326903,nan,nan,nan,11.565760111145925,cs_095806,3,,True,local+remote+phase,"local_amplitudes,remote_amplitudes,phases",1
14.04,15.694666016321863,,variable,adaptive_selection,nan,nan,nan,0.7491656050326903,nan,nan,nan,11.785370486622961,cs_095806,3,local_amplitudes,True,local+remote+phase,"local_amplitudes,remote_amplitudes,phases",1
14.04,15.681077471410815,,hierarchical,best_tone__adaptive_selection,nan,nan,nan,0.7830025379114671,nan,nan,nan,11.688585978709511,cs_095806,3,local_amplitudes,True,local+remote+phase,"local_amplitudes,remote_amplitudes,phases",1
14.04,15.342360818958143,,hierarchical,liu_weighted_median__variable_weighted_median,nan,nan,nan,3.310124884085532,nan,nan,nan,9.27607420910359,cs_095806,3,,True,local+remote+phase,"local_amplitudes,remote_amplitudes,phases",1
14.04,15.709264975716748,,hierarchical,snr_mrc__variable_mrc,nan,nan,nan,0.7408190795139142,nan,nan,nan,11.889351678894219,cs_095806,3,,True,local+remote+phase,"local_amplitudes,remote_amplitudes,phases",1
14.04,15.526169577079923,,hierarchical,hierarchical_quality_fusion,nan,nan,nan,0.7491656050326903,nan,nan,nan,10.585253398005156,cs_095806,3,,True,local+remote+phase,"local_amplitudes,remote_amplitudes,phases",1
14.04,15.476336376848801,,variable,variable_equal_average,nan,nan,nan,0.7321769169513815,nan,nan,nan,10.230316074421665,cs_095806,3,,True,local+remote+phase,"local_amplitudes,remote_amplitudes,phases",2
14.04,15.474234572755435,,variable,variable_quality_weighted,nan,nan,nan,0.7321769169513815,nan,nan,nan,10.215345959796553,cs_095806,3,,True,local+remote+phase,"local_amplitudes,remote_amplitudes,phases",2
14.04,15.616040653863019,,variable,variable_weighted_median,nan,nan,nan,0.7321769169513815,nan,nan,nan,11.225360782500141,cs_095806,3,,True,local+remote+phase,"local_amplitudes,remote_amplitudes,phases",2
14.04,15.609826114119402,,variable,variable_mrc,nan,nan,nan,0.7321769169513815,nan,nan,nan,11.181097678913126,cs_095806,3,,True,local+remote+phase,"local_amplitudes,remote_amplitudes,phases",2
14.04,15.616040653863019,,variable,adaptive_selection,nan,nan,nan,0.7321769169513815,nan,nan,nan,11.225360782500141,cs_095806,3,local_amplitudes,True,local+remote+phase,"local_amplitudes,remote_amplitudes,phases",2
14.04,15.749311961664425,,hierarchical,best_tone__adaptive_selection,nan,nan,nan,0.8012444293641886,nan,nan,nan,12.174586621541495,cs_095806,3,local_amplitudes,True,local+remote+phase,"local_amplitudes,remote_amplitudes,phases",2
14.04,15.297566431406679,,hierarchical,liu_weighted_median__variable_weighted_median,nan,nan,nan,3.666509649027073,nan,nan,nan,8.957025864719943,cs_095806,3,,True,local+remote+phase,"local_amplitudes,remote_amplitudes,phases",2
14.04,15.723988724499323,,hierarchical,snr_mrc__variable_mrc,nan,nan,nan,0.7135950415076392,nan,nan,nan,11.994221684468119,cs_095806,3,,True,local+remote+phase,"local_amplitudes,remote_amplitudes,phases",2
14.04,15.474234572755435,,hierarchical,hierarchical_quality_fusion,nan,nan,nan,0.7321769169513815,nan,nan,nan,10.215345959796553,cs_095806,3,,True,local+remote+phase,"local_amplitudes,remote_amplitudes,phases",2
14.04,15.48334320770951,,variable,variable_equal_average,nan,nan,nan,0.6937398676184302,nan,nan,nan,10.280222277133266,cs_095806,3,,True,local+remote+phase,"local_amplitudes,remote_amplitudes,phases",3
14.04,15.480930844712367,,variable,variable_quality_weighted,nan,nan,nan,0.6937398676184302,nan,nan,nan,10.263040204504042,cs_095806,3,,True,local+remote+phase,"local_amplitudes,remote_amplitudes,phases",3
14.04,15.528414006553778,,variable,variable_weighted_median,nan,nan,nan,0.6937398676184302,nan,nan,nan,10.601239362918651,cs_095806,3,,True,local+remote+phase,"local_amplitudes,remote_amplitudes,phases",3
14.04,15.586052122762215,,variable,variable_mrc,nan,nan,nan,0.6937398676184302,nan,nan,nan,11.011767256141141,cs_095806,3,,True,local+remote+phase,"local_amplitudes,remote_amplitudes,phases",3
14.04,15.528414006553778,,variable,adaptive_selection,nan,nan,nan,0.6937398676184302,nan,nan,nan,10.601239362918651,cs_095806,3,local_amplitudes,True,local+remote+phase,"local_amplitudes,remote_amplitudes,phases",3
14.04,15.839603313437479,,hierarchical,best_tone__adaptive_selection,nan,nan,nan,0.8046550938483149,nan,nan,nan,12.817687417645867,cs_095806,3,local_amplitudes,True,local+remote+phase,"local_amplitudes,remote_amplitudes,phases",3
14.04,15.218464441039494,,hierarchical,liu_weighted_median__variable_weighted_median,nan,nan,nan,3.7836835884295197,nan,nan,nan,8.393621374925177,cs_095806,3,,True,local+remote+phase,"local_amplitudes,remote_amplitudes,phases",3
14.04,15.77384584117302,,hierarchical,snr_mrc__variable_mrc,nan,nan,nan,0.6808837012810217,nan,nan,nan,12.3493293530842,cs_095806,3,,True,local+remote+phase,"local_amplitudes,remote_amplitudes,phases",3
14.04,15.480930844712367,,hierarchical,hierarchical_quality_fusion,nan,nan,nan,0.6937398676184302,nan,nan,nan,10.263040204504042,cs_095806,3,,True,local+remote+phase,"local_amplitudes,remote_amplitudes,phases",3
14.04,15.496347383549306,,variable,variable_equal_average,nan,nan,nan,0.6573090261448579,nan,nan,nan,10.372844612174552,cs_095806,3,,True,local+remote+phase,"local_amplitudes,remote_amplitudes,phases",4
14.04,15.493222700784887,,variable,variable_quality_weighted,nan,nan,nan,0.6573090261448579,nan,nan,nan,10.350589036929403,cs_095806,3,,True,local+remote+phase,"local_amplitudes,remote_amplitudes,phases",4
14.04,15.429097069634114,,variable,variable_weighted_median,nan,nan,nan,0.6573090261448579,nan,nan,nan,9.893853772322757,cs_095806,3,,True,local+remote+phase,"local_amplitudes,remote_amplitudes,phases",4
14.04,15.552957316960516,,variable,variable_mrc,nan,nan,nan,0.6573090261448579,nan,nan,nan,10.776049266100546,cs_095806,3,,True,local+remote+phase,"local_amplitudes,remote_amplitudes,phases",4
14.04,15.429097069634114,,variable,adaptive_selection,nan,nan,nan,0.6573090261448579,nan,nan,nan,9.893853772322757,cs_095806,3,local_amplitudes,True,local+remote+phase,"local_amplitudes,remote_amplitudes,phases",4
14.04,15.902502585634048,,hierarchical,best_tone__adaptive_selection,nan,nan,nan,0.8038443834072272,nan,nan,nan,13.265687931866447,cs_095806,3,local_amplitudes,True,local+remote+phase,"local_amplitudes,remote_amplitudes,phases",4
14.04,15.3379899867414,,hierarchical,liu_weighted_median__variable_weighted_median,nan,nan,nan,3.820185763237971,nan,nan,nan,9.244942925508553,cs_095806,3,,True,local+remote+phase,"local_amplitudes,remote_amplitudes,phases",4
14.04,15.670218443184254,,hierarchical,snr_mrc__variable_mrc,nan,nan,nan,0.6516787106312764,nan,nan,nan,11.611242472822328,cs_095806,3,,True,local+remote+phase,"local_amplitudes,remote_amplitudes,phases",4
14.04,15.493222700784887,,hierarchical,hierarchical_quality_fusion,nan,nan,nan,0.6573090261448579,nan,nan,nan,10.350589036929403,cs_095806,3,,True,local+remote+phase,"local_amplitudes,remote_amplitudes,phases",4
14.04,15.679613286951716,,variable,variable_equal_average,nan,nan,nan,0.6194099043793259,nan,nan,nan,11.678157314470914,cs_095806,3,,True,local+remote+phase,"local_amplitudes,remote_amplitudes,phases",5
14.04,15.651204005139931,,variable,variable_quality_weighted,nan,nan,nan,0.6194099043793259,nan,nan,nan,11.475812002421169,cs_095806,3,,True,local+remote+phase,"local_amplitudes,remote_amplitudes,phases",5
14.04,15.292267421813754,,variable,variable_weighted_median,nan,nan,nan,0.6194099043793259,nan,nan,nan,8.919283631152105,cs_095806,3,,True,local+remote+phase,"local_amplitudes,remote_amplitudes,phases",5
14.04,15.549273544304857,,variable,variable_mrc,nan,nan,nan,0.6194099043793259,nan,nan,nan,10.749811569122917,cs_095806,3,,True,local+remote+phase,"local_amplitudes,remote_amplitudes,phases",5
14.04,15.292267421813754,,variable,adaptive_selection,nan,nan,nan,0.6194099043793259,nan,nan,nan,8.919283631152105,cs_095806,3,local_amplitudes,True,local+remote+phase,"local_amplitudes,remote_amplitudes,phases",5
14.04,16.048996681840467,,hierarchical,best_tone__adaptive_selection,nan,nan,nan,0.8110666578927889,nan,nan,nan,14.30909317550191,cs_095806,3,local_amplitudes,True,local+remote+phase,"local_amplitudes,remote_amplitudes,phases",5
14.04,15.151107920456003,,hierarchical,liu_weighted_median__variable_weighted_median,nan,nan,nan,3.964525810168242,nan,nan,nan,7.913874077321963,cs_095806,3,,True,local+remote+phase,"local_amplitudes,remote_amplitudes,phases",5
14.04,15.460375460938621,,hierarchical,snr_mrc__variable_mrc,nan,nan,nan,0.6351394757529211,nan,nan,nan,10.116634337169675,cs_095806,3,,True,local+remote+phase,"local_amplitudes,remote_amplitudes,phases",5
14.04,15.651204005139931,,hierarchical,hierarchical_quality_fusion,nan,nan,nan,0.6194099043793259,nan,nan,nan,11.475812002421169,cs_095806,3,,True,local+remote+phase,"local_amplitudes,remote_amplitudes,phases",5
14.04,15.728236851272177,,variable,variable_equal_average,nan,nan,nan,0.5812226300466251,nan,nan,nan,12.024478997665087,cs_095806,3,,True,local+remote+phase,"local_amplitudes,remote_amplitudes,phases",6
14.04,15.678048378694449,,variable,variable_quality_weighted,nan,nan,nan,0.5812226300466251,nan,nan,nan,11.667011244262463,cs_095806,3,,True,local+remote+phase,"local_amplitudes,remote_amplitudes,phases",6
14.04,15.144850189605988,,variable,variable_weighted_median,nan,nan,nan,0.5812226300466251,nan,nan,nan,7.869303344772,cs_095806,3,,True,local+remote+phase,"local_amplitudes,remote_amplitudes,phases",6
14.04,15.35206907495185,,variable,variable_mrc,nan,nan,nan,0.5812226300466251,nan,nan,nan,9.345221331565885,cs_095806,3,,True,local+remote+phase,"local_amplitudes,remote_amplitudes,phases",6
14.04,15.030394807876608,,variable,adaptive_selection,nan,nan,nan,0.5812226300466251,nan,nan,nan,7.054094073195218,cs_095806,3,local_amplitudes,True,local+remote+phase,"local_amplitudes,remote_amplitudes,phases",6
14.04,16.172010301569514,,hierarchical,best_tone__adaptive_selection,nan,nan,nan,0.8110498859679667,nan,nan,nan,15.185258558187432,cs_095806,3,local_amplitudes,True,local+remote+phase,"local_amplitudes,remote_amplitudes,phases",6
14.04,15.203671010807195,,hierarchical,liu_weighted_median__variable_weighted_median,nan,nan,nan,3.9798253622649375,nan,nan,nan,8.288255062729316,cs_095806,3,,True,local+remote+phase,"local_amplitudes,remote_amplitudes,phases",6
14.04,14.91713062470778,,hierarchical,snr_mrc__variable_mrc,nan,nan,nan,0.6220429163156073,nan,nan,nan,6.247369121850297,cs_095806,3,,True,local+remote+phase,"local_amplitudes,remote_amplitudes,phases",6
14.04,15.678048378694449,,hierarchical,hierarchical_quality_fusion,nan,nan,nan,0.5812226300466251,nan,nan,nan,11.667011244262463,cs_095806,3,,True,local+remote+phase,"local_amplitudes,remote_amplitudes,phases",6
14.04,15.654206035489963,,variable,variable_equal_average,nan,nan,nan,0.5563479186372785,nan,nan,nan,11.497193984971254,cs_095806,3,,True,local+remote+phase,"local_amplitudes,remote_amplitudes,phases",7
14.04,15.583812607029312,,variable,variable_quality_weighted,nan,nan,nan,0.5563479186372785,nan,nan,nan,10.995816289382573,cs_095806,3,,True,local+remote+phase,"local_amplitudes,remote_amplitudes,phases",7
14.04,14.73069417588461,,variable,variable_weighted_median,nan,nan,nan,0.5563479186372785,nan,nan,nan,4.919474187212327,cs_095806,3,,True,local+remote+phase,"local_amplitudes,remote_amplitudes,phases",7
14.04,13.977920878410009,,variable,variable_mrc,nan,nan,nan,0.5563479186372785,nan,nan,nan,0.44215898568369155,cs_095806,3,,True,local+remote+phase,"local_amplitudes,remote_amplitudes,phases",7
14.04,14.547351860739532,,variable,adaptive_selection,nan,nan,nan,0.5563479186372785,nan,nan,nan,3.6136172417345644,cs_095806,3,local_amplitudes,True,local+remote+phase,"local_amplitudes,remote_amplitudes,phases",7
14.04,16.265551857363157,,hierarchical,best_tone__adaptive_selection,nan,nan,nan,0.8162370943294771,nan,nan,nan,15.851508955578048,cs_095806,3,local_amplitudes,True,local+remote+phase,"local_amplitudes,remote_amplitudes,phases",7
14.04,15.18421310333331,,hierarchical,liu_weighted_median__variable_weighted_median,nan,nan,nan,4.004718837998625,nan,nan,nan,8.149665978157483,cs_095806,3,,True,local+remote+phase,"local_amplitudes,remote_amplitudes,phases",7
14.04,14.586851127017955,,hierarchical,snr_mrc__variable_mrc,nan,nan,nan,0.6944734231620742,nan,nan,nan,3.894951047136435,cs_095806,3,,True,local+remote+phase,"local_amplitudes,remote_amplitudes,phases",7
14.04,15.583812607029312,,hierarchical,hierarchical_quality_fusion,nan,nan,nan,0.5563479186372785,nan,nan,nan,10.995816289382573,cs_095806,3,,True,local+remote+phase,"local_amplitudes,remote_amplitudes,phases",7
14.04,15.162509520249534,,variable,variable_equal_average,nan,nan,nan,0.5524536977483925,nan,nan,nan,7.995082053059366,cs_095806,3,,True,local+remote+phase,"local_amplitudes,remote_amplitudes,phases",8
14.04,15.221031601543938,,variable,variable_quality_weighted,nan,nan,nan,0.5524536977483925,nan,nan,nan,8.4119059939027,cs_095806,3,,True,local+remote+phase,"local_amplitudes,remote_amplitudes,phases",8
14.04,14.204611665628937,,variable,variable_weighted_median,nan,nan,nan,0.5524536977483925,nan,nan,nan,1.172447760889869,cs_095806,3,,True,local+remote+phase,"local_amplitudes,remote_amplitudes,phases",8
14.04,13.049255231482244,,variable,variable_mrc,nan,nan,nan,0.5524536977483925,nan,nan,nan,7.056586670354384,cs_095806,3,,True,local+remote+phase,"local_amplitudes,remote_amplitudes,phases",8
14.04,14.204611665628937,,variable,adaptive_selection,nan,nan,nan,0.5524536977483925,nan,nan,nan,1.172447760889869,cs_095806,3,local_amplitudes,True,local+remote+phase,"local_amplitudes,remote_amplitudes,phases",8
14.04,16.343650123853493,,hierarchical,best_tone__adaptive_selection,nan,nan,nan,0.8202806842935617,nan,nan,nan,16.407764414910925,cs_095806,3,local_amplitudes,True,local+remote+phase,"local_amplitudes,remote_amplitudes,phases",8
14.04,15.144057420788771,,hierarchical,liu_weighted_median__variable_weighted_median,nan,nan,nan,3.973888500198033,nan,nan,nan,7.863656843224871,cs_095806,3,,True,local+remote+phase,"local_amplitudes,remote_amplitudes,phases",8
14.04,14.025530859016849,,hierarchical,snr_mrc__variable_mrc,nan,nan,nan,0.7369235081841318,nan,nan,nan,0.10305655970904953,cs_095806,3,,True,local+remote+phase,"local_amplitudes,remote_amplitudes,phases",8
14.04,15.221031601543938,,hierarchical,hierarchical_quality_fusion,nan,nan,nan,0.5524536977483925,nan,nan,nan,8.4119059939027,cs_095806,3,,True,local+remote+phase,"local_amplitudes,remote_amplitudes,phases",8
14.04,15.000123918047736,,variable,variable_equal_average,nan,nan,nan,0.5829175154945819,nan,nan,nan,6.83848944478445,cs_095806,3,,True,local+remote+phase,"local_amplitudes,remote_amplitudes,phases",9
14.04,15.008092919918932,,variable,variable_quality_weighted,nan,nan,nan,0.5829175154945819,nan,nan,nan,6.895248717371315,cs_095806,3,,True,local+remote+phase,"local_amplitudes,remote_amplitudes,phases",9
14.04,14.095776588250079,,variable,variable_weighted_median,nan,nan,nan,0.5829175154945819,nan,nan,nan,0.397269147080339,cs_095806,3,,True,local+remote+phase,"local_amplitudes,remote_amplitudes,phases",9
14.04,13.31577501402951,,variable,variable_mrc,nan,nan,nan,0.5829175154945819,nan,nan,nan,5.158297620872427,cs_095806,3,,True,local+remote+phase,"local_amplitudes,remote_amplitudes,phases",9
14.04,14.095776588250079,,variable,adaptive_selection,nan,nan,nan,0.5829175154945819,nan,nan,nan,0.397269147080339,cs_095806,3,local_amplitudes,True,local+remote+phase,"local_amplitudes,remote_amplitudes,phases",9
14.04,16.392460050519887,,hierarchical,best_tone__adaptive_selection,nan,nan,nan,0.8250749679731655,nan,nan,nan,16.755413465241364,cs_095806,3,local_amplitudes,True,local+remote+phase,"local_amplitudes,remote_amplitudes,phases",9
14.04,15.047715427219805,,hierarchical,liu_weighted_median__variable_weighted_median,nan,nan,nan,3.9083342658502347,nan,nan,nan,7.177460307833372,cs_095806,3,,True,local+remote+phase,"local_amplitudes,remote_amplitudes,phases",9
14.04,13.516829299139571,,hierarchical,snr_mrc__variable_mrc,nan,nan,nan,0.8122265998571496,nan,nan,nan,3.7262870431654402,cs_095806,3,,True,local+remote+phase,"local_amplitudes,remote_amplitudes,phases",9
14.04,15.008092919918932,,hierarchical,hierarchical_quality_fusion,nan,nan,nan,0.5829175154945819,nan,nan,nan,6.895248717371315,cs_095806,3,,True,local+remote+phase,"local_amplitudes,remote_amplitudes,phases",9
14.04,14.953337638353817,,variable,variable_equal_average,nan,nan,nan,0.6313215927756265,nan,nan,nan,6.505253834428905,cs_095806,3,,True,local+remote+phase,"local_amplitudes,remote_amplitudes,phases",10
14.04,14.895124211709163,,variable,variable_quality_weighted,nan,nan,nan,0.6313215927756265,nan,nan,nan,6.090628288526809,cs_095806,3,,True,local+remote+phase,"local_amplitudes,remote_amplitudes,phases",10
14.04,14.036103666889328,,variable,variable_weighted_median,nan,nan,nan,0.6313215927756265,nan,nan,nan,0.027751660332412567,cs_095806,3,,True,local+remote+phase,"local_amplitudes,remote_amplitudes,phases",10
14.04,13.599888456883589,,variable,variable_mrc,nan,nan,nan,0.6313215927756265,nan,nan,nan,3.134697600544234,cs_095806,3,,True,local+remote+phase,"local_amplitudes,remote_amplitudes,phases",10
14.04,14.036103666889328,,variable,adaptive_selection,nan,nan,nan,0.6313215927756265,nan,nan,nan,0.027751660332412567,cs_095806,3,local_amplitudes,True,local+remote+phase,"local_amplitudes,remote_amplitudes,phases",10
14.04,14.803383524931325,,hierarchical,best_tone__adaptive_selection,nan,nan,nan,0.8211309841241915,nan,nan,nan,5.437204593527964,cs_095806,3,local_amplitudes,True,local+remote+phase,"local_amplitudes,remote_amplitudes,phases",10
14.04,15.02201256012673,,hierarchical,liu_weighted_median__variable_weighted_median,nan,nan,nan,3.7413534143813063,nan,nan,nan,6.994391453894089,cs_095806,3,,True,local+remote+phase,"local_amplitudes,remote_amplitudes,phases",10
14.04,13.765692305768487,,hierarchical,snr_mrc__variable_mrc,nan,nan,nan,0.8105356364180967,nan,nan,nan,1.9537585059224478,cs_095806,3,,True,local+remote+phase,"local_amplitudes,remote_amplitudes,phases",10
14.04,14.895124211709163,,hierarchical,hierarchical_quality_fusion,nan,nan,nan,0.6313215927756265,nan,nan,nan,6.090628288526809,cs_095806,3,,True,local+remote+phase,"local_amplitudes,remote_amplitudes,phases",10
14.04,14.886652041522085,,variable,variable_equal_average,nan,nan,nan,0.6118189440794839,nan,nan,nan,6.030285196026253,cs_095806,3,,True,local+remote+phase,"local_amplitudes,remote_amplitudes,phases",11
14.04,14.685394554784116,,variable,variable_quality_weighted,nan,nan,nan,0.6118189440794839,nan,nan,nan,4.596827313277186,cs_095806,3,,True,local+remote+phase,"local_amplitudes,remote_amplitudes,phases",11
14.04,13.960228104823695,,variable,variable_weighted_median,nan,nan,nan,0.6118189440794839,nan,nan,nan,0.5681758915691153,cs_095806,3,,True,local+remote+phase,"local_amplitudes,remote_amplitudes,phases",11
14.04,13.734562463202824,,variable,variable_mrc,nan,nan,nan,0.6118189440794839,nan,nan,nan,2.1754810313189115,cs_095806,3,,True,local+remote+phase,"local_amplitudes,remote_amplitudes,phases",11
14.04,13.960228104823695,,variable,adaptive_selection,nan,nan,nan,0.6118189440794839,nan,nan,nan,0.5681758915691153,cs_095806,3,local_amplitudes,True,local+remote+phase,"local_amplitudes,remote_amplitudes,phases",11
14.04,14.771294866439826,,hierarchical,best_tone__adaptive_selection,nan,nan,nan,0.8166576511121703,nan,nan,nan,5.208652894870561,cs_095806,3,local_amplitudes,True,local+remote+phase,"local_amplitudes,remote_amplitudes,phases",11
14.04,14.88778541452432,,hierarchical,liu_weighted_median__variable_weighted_median,nan,nan,nan,3.6217988130562464,nan,nan,nan,6.038357653307128,cs_095806,3,,True,local+remote+phase,"local_amplitudes,remote_amplitudes,phases",11
14.04,14.374353426565087,,hierarchical,snr_mrc__variable_mrc,nan,nan,nan,0.7640983672603907,nan,nan,nan,2.381434662144497,cs_095806,3,,True,local+remote+phase,"local_amplitudes,remote_amplitudes,phases",11
14.04,14.685394554784116,,hierarchical,hierarchical_quality_fusion,nan,nan,nan,0.6118189440794839,nan,nan,nan,4.596827313277186,cs_095806,3,,True,local+remote+phase,"local_amplitudes,remote_amplitudes,phases",11
14.04,13.704616911286074,,variable,variable_equal_average,nan,nan,nan,0.5887254465609084,nan,nan,nan,2.3887684381333716,cs_095806,3,,True,local+remote+phase,"local_amplitudes,remote_amplitudes,phases",12
14.04,13.708194159055989,,variable,variable_quality_weighted,nan,nan,nan,0.5887254465609084,nan,nan,nan,2.3632894654131804,cs_095806,3,,True,local+remote+phase,"local_amplitudes,remote_amplitudes,phases",12
14.04,13.823334018595437,,variable,variable_weighted_median,nan,nan,nan,0.5887254465609084,nan,nan,nan,1.5432049957589884,cs_095806,3,,True,local+remote+phase,"local_amplitudes,remote_amplitudes,phases",12
14.04,13.82505149629897,,variable,variable_mrc,nan,nan,nan,0.5887254465609084,nan,nan,nan,1.530972248582828,cs_095806,3,,True,local+remote+phase,"local_amplitudes,remote_amplitudes,phases",12
14.04,13.823334018595437,,variable,adaptive_selection,nan,nan,nan,0.5887254465609084,nan,nan,nan,1.5432049957589884,cs_095806,3,local_amplitudes,True,local+remote+phase,"local_amplitudes,remote_amplitudes,phases",12
14.04,14.758684236240233,,hierarchical,best_tone__adaptive_selection,nan,nan,nan,0.8139174321827866,nan,nan,nan,5.118833591454659,cs_095806,3,local_amplitudes,True,local+remote+phase,"local_amplitudes,remote_amplitudes,phases",12
14.04,14.790377972048265,,hierarchical,liu_weighted_median__variable_weighted_median,nan,nan,nan,3.5608740857596075,nan,nan,nan,5.344572450486226,cs_095806,3,,True,local+remote+phase,"local_amplitudes,remote_amplitudes,phases",12
14.04,14.747500109355482,,hierarchical,snr_mrc__variable_mrc,nan,nan,nan,0.7489204602635322,nan,nan,nan,5.039174568058992,cs_095806,3,,True,local+remote+phase,"local_amplitudes,remote_amplitudes,phases",12
14.04,13.708194159055989,,hierarchical,hierarchical_quality_fusion,nan,nan,nan,0.5887254465609084,nan,nan,nan,2.3632894654131804,cs_095806,3,,True,local+remote+phase,"local_amplitudes,remote_amplitudes,phases",12
14.04,14.02729463322433,,variable,variable_equal_average,nan,nan,nan,0.572015581105517,nan,nan,nan,0.09049406535377352,cs_095806,3,,True,local+remote+phase,"local_amplitudes,remote_amplitudes,phases",13
14.04,14.05570666240885,,variable,variable_quality_weighted,nan,nan,nan,0.572015581105517,nan,nan,nan,0.11187081487785686,cs_095806,3,,True,local+remote+phase,"local_amplitudes,remote_amplitudes,phases",13
14.04,13.786852273491418,,variable,variable_weighted_median,nan,nan,nan,0.572015581105517,nan,nan,nan,1.8030464851038572,cs_095806,3,,True,local+remote+phase,"local_amplitudes,remote_amplitudes,phases",13
14.04,14.292873036178447,,variable,variable_mrc,nan,nan,nan,0.572015581105517,nan,nan,nan,1.801090001270997,cs_095806,3,,True,local+remote+phase,"local_amplitudes,remote_amplitudes,phases",13
14.04,15.127403007823279,,variable,adaptive_selection,nan,nan,nan,0.572015581105517,nan,nan,nan,7.74503566825698,cs_095806,3,remote_amplitudes,True,local+remote+phase,"local_amplitudes,remote_amplitudes,phases",13
14.04,14.773091340670476,,hierarchical,best_tone__adaptive_selection,nan,nan,nan,0.8141220648880187,nan,nan,nan,5.221448295373766,cs_095806,3,local_amplitudes,True,local+remote+phase,"local_amplitudes,remote_amplitudes,phases",13
14.04,14.705671948816727,,hierarchical,liu_weighted_median__variable_weighted_median,nan,nan,nan,3.61505991434025,nan,nan,nan,4.741253196700343,cs_095806,3,,True,local+remote+phase,"local_amplitudes,remote_amplitudes,phases",13
14.04,14.804297562320182,,hierarchical,snr_mrc__variable_mrc,nan,nan,nan,0.6635855574922758,nan,nan,nan,5.443714831340331,cs_095806,3,,True,local+remote+phase,"local_amplitudes,remote_amplitudes,phases",13
14.04,14.05570666240885,,hierarchical,hierarchical_quality_fusion,nan,nan,nan,0.572015581105517,nan,nan,nan,0.11187081487785686,cs_095806,3,,True,local+remote+phase,"local_amplitudes,remote_amplitudes,phases",13
14.04,12.709202813417841,,variable,variable_equal_average,nan,nan,nan,0.565495303403648,nan,nan,nan,9.478612440043863,cs_095806,3,,True,local+remote+phase,"local_amplitudes,remote_amplitudes,phases",14
14.04,12.876836522315559,,variable,variable_quality_weighted,nan,nan,nan,0.565495303403648,nan,nan,nan,8.284640154447581,cs_095806,3,,True,local+remote+phase,"local_amplitudes,remote_amplitudes,phases",14
14.04,14.60887366726675,,variable,variable_weighted_median,nan,nan,nan,0.565495303403648,nan,nan,nan,4.051806746914176,cs_095806,3,,True,local+remote+phase,"local_amplitudes,remote_amplitudes,phases",14
14.04,14.623749265969476,,variable,variable_mrc,nan,nan,nan,0.565495303403648,nan,nan,nan,4.1577583046259035,cs_095806,3,,True,local+remote+phase,"local_amplitudes,remote_amplitudes,phases",14
14.04,14.60887366726675,,variable,adaptive_selection,nan,nan,nan,0.565495303403648,nan,nan,nan,4.051806746914176,cs_095806,3,phases,True,local+remote+phase,"local_amplitudes,remote_amplitudes,phases",14
14.04,14.831811829581204,,hierarchical,best_tone__adaptive_selection,nan,nan,nan,0.8087888351704358,nan,nan,nan,5.639685395877526,cs_095806,3,local_amplitudes,True,local+remote+phase,"local_amplitudes,remote_amplitudes,phases",14
14.04,14.746812448540256,,hierarchical,liu_weighted_median__variable_weighted_median,nan,nan,nan,3.5788097379829913,nan,nan,nan,5.0342766990046774,cs_095806,3,,True,local+remote+phase,"local_amplitudes,remote_amplitudes,phases",14
14.04,14.38900174614053,,hierarchical,snr_mrc__variable_mrc,nan,nan,nan,0.5424463710195413,nan,nan,nan,2.485767422653349,cs_095806,3,,True,local+remote+phase,"local_amplitudes,remote_amplitudes,phases",14
14.04,12.876836522315559,,hierarchical,hierarchical_quality_fusion,nan,nan,nan,0.565495303403648,nan,nan,nan,8.284640154447581,cs_095806,3,,True,local+remote+phase,"local_amplitudes,remote_amplitudes,phases",14
14.04,14.2224166192322,,variable,variable_equal_average,nan,nan,nan,0.5493923789469285,nan,nan,nan,1.2992636697450246,cs_095806,3,,True,local+remote+phase,"local_amplitudes,remote_amplitudes,phases",15
14.04,14.30203626546653,,variable,variable_quality_weighted,nan,nan,nan,0.5493923789469285,nan,nan,nan,1.866355167140532,cs_095806,3,,True,local+remote+phase,"local_amplitudes,remote_amplitudes,phases",15
14.04,14.521221196636361,,variable,variable_weighted_median,nan,nan,nan,0.5493923789469285,nan,nan,nan,3.427501400543889,cs_095806,3,,True,local+remote+phase,"local_amplitudes,remote_amplitudes,phases",15
14.04,14.051092976465213,,variable,variable_mrc,nan,nan,nan,0.5493923789469285,nan,nan,nan,0.07900980388329147,cs_095806,3,,True,local+remote+phase,"local_amplitudes,remote_amplitudes,phases",15
14.04,14.95900780706381,,variable,adaptive_selection,nan,nan,nan,0.5493923789469285,nan,nan,nan,6.545639651451641,cs_095806,3,phases,True,local+remote+phase,"local_amplitudes,remote_amplitudes,phases",15
14.04,13.632816174482391,,hierarchical,best_tone__adaptive_selection,nan,nan,nan,0.7809393320709338,nan,nan,nan,2.90016969741886,cs_095806,3,local_amplitudes,True,local+remote+phase,"local_amplitudes,remote_amplitudes,phases",15
14.04,14.551631319454813,,hierarchical,liu_weighted_median__variable_weighted_median,nan,nan,nan,3.448072473172994,nan,nan,nan,3.6440977169146307,cs_095806,3,,True,local+remote+phase,"local_amplitudes,remote_amplitudes,phases",15
14.04,12.349125015106958,,hierarchical,snr_mrc__variable_mrc,nan,nan,nan,0.5414856811052386,nan,nan,nan,12.043269123169807,cs_095806,3,,True,local+remote+phase,"local_amplitudes,remote_amplitudes,phases",15
14.04,14.30203626546653,,hierarchical,hierarchical_quality_fusion,nan,nan,nan,0.5493923789469285,nan,nan,nan,1.866355167140532,cs_095806,3,,True,local+remote+phase,"local_amplitudes,remote_amplitudes,phases",15
14.04,13.974430695371025,,variable,variable_equal_average,nan,nan,nan,0.5511758281647463,nan,nan,nan,0.46701783923771,cs_095806,3,,True,local+remote+phase,"local_amplitudes,remote_amplitudes,phases",16
14.04,14.08035865873798,,variable,variable_quality_weighted,nan,nan,nan,0.5511758281647463,nan,nan,nan,0.28745483431610364,cs_095806,3,,True,local+remote+phase,"local_amplitudes,remote_amplitudes,phases",16
14.04,14.106339239194366,,variable,variable_weighted_median,nan,nan,nan,0.5511758281647463,nan,nan,nan,0.47250170366358046,cs_095806,3,,True,local+remote+phase,"local_amplitudes,remote_amplitudes,phases",16
14.04,13.677165374749116,,variable,variable_mrc,nan,nan,nan,0.5511758281647463,nan,nan,nan,2.5842922026416195,cs_095806,3,,True,local+remote+phase,"local_amplitudes,remote_amplitudes,phases",16
14.04,14.981337028392177,,variable,adaptive_selection,nan,nan,nan,0.5511758281647463,nan,nan,nan,6.70467968940298,cs_095806,3,phases,True,local+remote+phase,"local_amplitudes,remote_amplitudes,phases",16
14.04,13.448441853723448,,hierarchical,best_tone__adaptive_selection,nan,nan,nan,0.758164398867983,nan,nan,nan,4.2133771102318445,cs_095806,3,local_amplitudes,True,local+remote+phase,"local_amplitudes,remote_amplitudes,phases",16
14.04,14.536572795923988,,hierarchical,liu_weighted_median__variable_weighted_median,nan,nan,nan,3.239501173433601,nan,nan,nan,3.536843275811884,cs_095806,3,,True,local+remote+phase,"local_amplitudes,remote_amplitudes,phases",16
14.04,10.856476265313297,,hierarchical,snr_mrc__variable_mrc,nan,nan,nan,0.5914010590525379,nan,nan,nan,22.67467047497651,cs_095806,3,,True,local+remote+phase,"local_amplitudes,remote_amplitudes,phases",16
14.04,14.08035865873798,,hierarchical,hierarchical_quality_fusion,nan,nan,nan,0.5511758281647463,nan,nan,nan,0.28745483431610364,cs_095806,3,,True,local+remote+phase,"local_amplitudes,remote_amplitudes,phases",16
14.04,13.788381352609507,,variable,variable_equal_average,nan,nan,nan,0.5513036366772933,nan,nan,nan,1.7921556081943877,cs_095806,3,,True,local+remote+phase,"local_amplitudes,remote_amplitudes,phases",17
14.04,13.905818847346353,,variable,variable_quality_weighted,nan,nan,nan,0.5513036366772933,nan,nan,nan,0.9557062154818096,cs_095806,3,,True,local+remote+phase,"local_amplitudes,remote_amplitudes,phases",17
14.04,13.758548423706788,,variable,variable_weighted_median,nan,nan,nan,0.5513036366772933,nan,nan,nan,2.0046408567892526,cs_095806,3,,True,local+remote+phase,"local_amplitudes,remote_amplitudes,phases",17
14.04,13.370348435588621,,variable,variable_mrc,nan,nan,nan,0.5513036366772933,nan,nan,nan,4.769598037118078,cs_095806,3,,True,local+remote+phase,"local_amplitudes,remote_amplitudes,phases",17
14.04,14.979517939595544,,variable,adaptive_selection,nan,nan,nan,0.5513036366772933,nan,nan,nan,6.691723216492484,cs_095806,3,phases,True,local+remote+phase,"local_amplitudes,remote_amplitudes,phases",17
14.04,13.286413881363838,,hierarchical,best_tone__adaptive_selection,nan,nan,nan,0.7355583432659754,nan,nan,nan,5.367422497408553,cs_095806,3,local_amplitudes,True,local+remote+phase,"local_amplitudes,remote_amplitudes,phases",17
14.04,14.378664225930553,,hierarchical,liu_weighted_median__variable_weighted_median,nan,nan,nan,3.041787704861763,nan,nan,nan,2.4121383613287315,cs_095806,3,,True,local+remote+phase,"local_amplitudes,remote_amplitudes,phases",17
14.04,11.70923008554093,,hierarchical,snr_mrc__variable_mrc,nan,nan,nan,0.5680444145793073,nan,nan,nan,16.600925316660035,cs_095806,3,,True,local+remote+phase,"local_amplitudes,remote_amplitudes,phases",17
14.04,13.905818847346353,,hierarchical,hierarchical_quality_fusion,nan,nan,nan,0.5513036366772933,nan,nan,nan,0.9557062154818096,cs_095806,3,,True,local+remote+phase,"local_amplitudes,remote_amplitudes,phases",17
14.04,13.84451388135531,,variable,variable_equal_average,nan,nan,nan,0.5532647563731269,nan,nan,nan,1.392351272398073,cs_095806,3,,True,local+remote+phase,"local_amplitudes,remote_amplitudes,phases",18
14.04,13.956020281735032,,variable,variable_quality_weighted,nan,nan,nan,0.5532647563731269,nan,nan,nan,0.598146141488368,cs_095806,3,,True,local+remote+phase,"local_amplitudes,remote_amplitudes,phases",18
14.04,13.659293977290021,,variable,variable_weighted_median,nan,nan,nan,0.5532647563731269,nan,nan,nan,2.7115813583331763,cs_095806,3,,True,local+remote+phase,"local_amplitudes,remote_amplitudes,phases",18
14.04,13.344717805854874,,variable,variable_mrc,nan,nan,nan,0.5532647563731269,nan,nan,nan,4.952152379951037,cs_095806,3,,True,local+remote+phase,"local_amplitudes,remote_amplitudes,phases",18
14.04,14.988477122547108,,variable,adaptive_selection,nan,nan,nan,0.5532647563731269,nan,nan,nan,6.755535060876845,cs_095806,3,phases,True,local+remote+phase,"local_amplitudes,remote_amplitudes,phases",18
14.04,14.66063560193431,,hierarchical,best_tone__adaptive_selection,nan,nan,nan,0.7209420118827893,nan,nan,nan,4.420481495258621,cs_095806,3,remote_amplitudes,True,local+remote+phase,"local_amplitudes,remote_amplitudes,phases",18
14.04,14.654647869324128,,hierarchical,liu_weighted_median__variable_weighted_median,nan,nan,nan,2.8681574617034564,nan,nan,nan,4.3778338270949355,cs_095806,3,,True,local+remote+phase,"local_amplitudes,remote_amplitudes,phases",18
14.04,13.068377473825198,,hierarchical,snr_mrc__variable_mrc,nan,nan,nan,0.5630242836762759,nan,nan,nan,6.920388363068388,cs_095806,3,,True,local+remote+phase,"local_amplitudes,remote_amplitudes,phases",18
14.04,13.956020281735032,,hierarchical,hierarchical_quality_fusion,nan,nan,nan,0.5532647563731269,nan,nan,nan,0.598146141488368,cs_095806,3,,True,local+remote+phase,"local_amplitudes,remote_amplitudes,phases",18
14.04,14.211664390468124,,variable,variable_equal_average,nan,nan,nan,0.5478349384454945,nan,nan,nan,1.2226808437900658,cs_095806,3,,True,local+remote+phase,"local_amplitudes,remote_amplitudes,phases",19
14.04,14.2941801930931,,variable,variable_quality_weighted,nan,nan,nan,0.5478349384454945,nan,nan,nan,1.810400235705844,cs_095806,3,,True,local+remote+phase,"local_amplitudes,remote_amplitudes,phases",19
14.04,13.95582560776409,,variable,variable_weighted_median,nan,nan,nan,0.5478349384454945,nan,nan,nan,0.5995327082329673,cs_095806,3,,True,local+remote+phase,"local_amplitudes,remote_amplitudes,phases",19
14.04,13.769795762901499,,variable,variable_mrc,nan,nan,nan,0.5478349384454945,nan,nan,nan,1.9245316032656734,cs_095806,3,,True,local+remote+phase,"local_amplitudes,remote_amplitudes,phases",19
14.04,15.083145180571762,,variable,adaptive_selection,nan,nan,nan,0.5478349384454945,nan,nan,nan,7.4298089784313595,cs_095806,3,phases,True,local+remote+phase,"local_amplitudes,remote_amplitudes,phases",19
14.04,14.760910482293449,,hierarchical,best_tone__adaptive_selection,nan,nan,nan,0.7066917790525409,nan,nan,nan,5.134690044825139,cs_095806,3,remote_amplitudes,True,local+remote+phase,"local_amplitudes,remote_amplitudes,phases",19
14.04,14.752663314184794,,hierarchical,liu_weighted_median__variable_weighted_median,nan,nan,nan,2.7776546353187723,nan,nan,nan,5.075949531230731,cs_095806,3,,True,local+remote+phase,"local_amplitudes,remote_amplitudes,phases",19
14.04,13.7977804078639,,hierarchical,snr_mrc__variable_mrc,nan,nan,nan,0.5605316989423472,nan,nan,nan,1.7252107702001338,cs_095806,3,,True,local+remote+phase,"local_amplitudes,remote_amplitudes,phases",19
14.04,14.2941801930931,,hierarchical,hierarchical_quality_fusion,nan,nan,nan,0.5478349384454945,nan,nan,nan,1.810400235705844,cs_095806,3,,True,local+remote+phase,"local_amplitudes,remote_amplitudes,phases",19
14.04,14.493561347836556,,variable,variable_equal_average,nan,nan,nan,0.5380993049096722,nan,nan,nan,3.2304939304598044,cs_095806,3,,True,local+remote+phase,"local_amplitudes,remote_amplitudes,phases",20
14.04,14.561946005746204,,variable,variable_quality_weighted,nan,nan,nan,0.5380993049096722,nan,nan,nan,3.7175641434914892,cs_095806,3,,True,local+remote+phase,"local_amplitudes,remote_amplitudes,phases",20
14.04,14.230800188232758,,variable,variable_weighted_median,nan,nan,nan,0.5380993049096722,nan,nan,nan,1.3589756996635227,cs_095806,3,,True,local+remote+phase,"local_amplitudes,remote_amplitudes,phases",20
14.04,14.131028628935645,,variable,variable_mrc,nan,nan,nan,0.5380993049096722,nan,nan,nan,0.648352057946199,cs_095806,3,,True,local+remote+phase,"local_amplitudes,remote_amplitudes,phases",20
14.04,15.163915931121473,,variable,adaptive_selection,nan,nan,nan,0.5380993049096722,nan,nan,nan,8.00509922451192,cs_095806,3,phases,True,local+remote+phase,"local_amplitudes,remote_amplitudes,phases",20
14.04,13.354879919292674,,hierarchical,best_tone__adaptive_selection,nan,nan,nan,0.6982844515766137,nan,nan,nan,4.8797726546105755,cs_095806,3,local_amplitudes,True,local+remote+phase,"local_amplitudes,remote_amplitudes,phases",20
14.04,14.823061152727927,,hierarchical,liu_weighted_median__variable_weighted_median,nan,nan,nan,2.710774739150827,nan,nan,nan,5.5773586376633055,cs_095806,3,,True,local+remote+phase,"local_amplitudes,remote_amplitudes,phases",20
14.04,14.410964589439804,,hierarchical,snr_mrc__variable_mrc,nan,nan,nan,0.5446665909121684,nan,nan,nan,2.6421979304829373,cs_095806,3,,True,local+remote+phase,"local_amplitudes,remote_amplitudes,phases",20
14.04,14.561946005746204,,hierarchical,hierarchical_quality_fusion,nan,nan,nan,0.5380993049096722,nan,nan,nan,3.7175641434914892,cs_095806,3,,True,local+remote+phase,"local_amplitudes,remote_amplitudes,phases",20
14.04,14.880476034241283,,variable,variable_equal_average,nan,nan,nan,0.5453342056147975,nan,nan,nan,5.986296540180088,cs_095806,3,,True,local+remote+phase,"local_amplitudes,remote_amplitudes,phases",21
14.04,14.915986479238668,,variable,variable_quality_weighted,nan,nan,nan,0.5453342056147975,nan,nan,nan,6.23921993759736,cs_095806,3,,True,local+remote+phase,"local_amplitudes,remote_amplitudes,phases",21
14.04,14.701061395470132,,variable,variable_weighted_median,nan,nan,nan,0.5453342056147975,nan,nan,nan,4.708414497650522,cs_095806,3,,True,local+remote+phase,"local_amplitudes,remote_amplitudes,phases",21
14.04,14.64831488946786,,variable,variable_mrc,nan,nan,nan,0.5453342056147975,nan,nan,nan,4.332727132961974,cs_095806,3,,True,local+remote+phase,"local_amplitudes,remote_amplitudes,phases",21
14.04,15.267971591011783,,variable,adaptive_selection,nan,nan,nan,0.5453342056147975,nan,nan,nan,8.746236403217832,cs_095806,3,phases,True,local+remote+phase,"local_amplitudes,remote_amplitudes,phases",21
14.04,13.537352175582239,,hierarchical,best_tone__adaptive_selection,nan,nan,nan,0.6941863378876921,nan,nan,nan,3.5801127095282075,cs_095806,3,local_amplitudes,True,local+remote+phase,"local_amplitudes,remote_amplitudes,phases",21
14.04,15.065534027420425,,hierarchical,liu_weighted_median__variable_weighted_median,nan,nan,nan,2.6937296228639984,nan,nan,nan,7.304373414675395,cs_095806,3,,True,local+remote+phase,"local_amplitudes,remote_amplitudes,phases",21
14.04,14.803414710516051,,hierarchical,snr_mrc__variable_mrc,nan,nan,nan,0.5661585496509756,nan,nan,nan,5.437426713077296,cs_095806,3,,True,local+remote+phase,"local_amplitudes,remote_amplitudes,phases",21
14.04,14.915986479238668,,hierarchical,hierarchical_quality_fusion,nan,nan,nan,0.5453342056147975,nan,nan,nan,6.23921993759736,cs_095806,3,,True,local+remote+phase,"local_amplitudes,remote_amplitudes,phases",21
14.04,15.1877782861595,,variable,variable_equal_average,nan,nan,nan,0.5771725043656057,nan,nan,nan,8.175059018230058,cs_095806,3,,True,local+remote+phase,"local_amplitudes,remote_amplitudes,phases",22
14.04,15.197732528419461,,variable,variable_quality_weighted,nan,nan,nan,0.5771725043656057,nan,nan,nan,8.245958179625799,cs_095806,3,,True,local+remote+phase,"local_amplitudes,remote_amplitudes,phases",22
14.04,15.186324972921396,,variable,variable_weighted_median,nan,nan,nan,0.5771725043656057,nan,nan,nan,8.164707784340433,cs_095806,3,,True,local+remote+phase,"local_amplitudes,remote_amplitudes,phases",22
14.04,15.075566632661307,,variable,variable_mrc,nan,nan,nan,0.5771725043656057,nan,nan,nan,7.3758307169608806,cs_095806,3,,True,local+remote+phase,"local_amplitudes,remote_amplitudes,phases",22
14.04,15.330006754367233,,variable,adaptive_selection,nan,nan,nan,0.5771725043656057,nan,nan,nan,9.188082296062918,cs_095806,3,phases,True,local+remote+phase,"local_amplitudes,remote_amplitudes,phases",22
14.04,13.76359984301049,,hierarchical,best_tone__adaptive_selection,nan,nan,nan,0.6965591846667828,nan,nan,nan,1.9686620868198594,cs_095806,3,local_amplitudes,True,local+remote+phase,"local_amplitudes,remote_amplitudes,phases",22
14.04,15.401275676768066,,hierarchical,liu_weighted_median__variable_weighted_median,nan,nan,nan,2.7069688210876452,nan,nan,nan,9.695695703476257,cs_095806,3,,True,local+remote+phase,"local_amplitudes,remote_amplitudes,phases",22
14.04,15.071524797470225,,hierarchical,snr_mrc__variable_mrc,nan,nan,nan,0.6085761912663293,nan,nan,nan,7.347042717024402,cs_095806,3,,True,local+remote+phase,"local_amplitudes,remote_amplitudes,phases",22
14.04,15.197732528419461,,hierarchical,hierarchical_quality_fusion,nan,nan,nan,0.5771725043656057,nan,nan,nan,8.245958179625799,cs_095806,3,,True,local+remote+phase,"local_amplitudes,remote_amplitudes,phases",22
14.04,15.548156093653342,,variable,variable_equal_average,nan,nan,nan,0.612818499490584,nan,nan,nan,10.741852518898451,cs_095806,3,,True,local+remote+phase,"local_amplitudes,remote_amplitudes,phases",23
14.04,15.536996841942251,,variable,variable_quality_weighted,nan,nan,nan,0.612818499490584,nan,nan,nan,10.66237066910436,cs_095806,3,,True,local+remote+phase,"local_amplitudes,remote_amplitudes,phases",23
14.04,15.466527880445847,,variable,variable_weighted_median,nan,nan,nan,0.612818499490584,nan,nan,nan,10.16045498893054,cs_095806,3,,True,local+remote+phase,"local_amplitudes,remote_amplitudes,phases",23
14.04,15.552182271945462,,variable,variable_mrc,nan,nan,nan,0.612818499490584,nan,nan,nan,10.770529002460561,cs_095806,3,,True,local+remote+phase,"local_amplitudes,remote_amplitudes,phases",23
14.04,15.388137296223597,,variable,adaptive_selection,nan,nan,nan,0.612818499490584,nan,nan,nan,9.602117494470072,cs_095806,3,phases,True,local+remote+phase,"local_amplitudes,remote_amplitudes,phases",23
14.04,14.322097248805678,,hierarchical,best_tone__adaptive_selection,nan,nan,nan,0.704152703816539,nan,nan,nan,2.0092396638581094,cs_095806,3,local_amplitudes,True,local+remote+phase,"local_amplitudes,remote_amplitudes,phases",23
14.04,15.468038690738421,,hierarchical,liu_weighted_median__variable_weighted_median,nan,nan,nan,2.7730031573858596,nan,nan,nan,10.171215746000156,cs_095806,3,,True,local+remote+phase,"local_amplitudes,remote_amplitudes,phases",23
14.04,15.458047791370543,,hierarchical,snr_mrc__variable_mrc,nan,nan,nan,0.6420469912987952,nan,nan,nan,10.100055494092192,cs_095806,3,,True,local+remote+phase,"local_amplitudes,remote_amplitudes,phases",23
14.04,15.536996841942251,,hierarchical,hierarchical_quality_fusion,nan,nan,nan,0.612818499490584,nan,nan,nan,10.66237066910436,cs_095806,3,,True,local+remote+phase,"local_amplitudes,remote_amplitudes,phases",23
14.04,15.885465129380771,,variable,variable_equal_average,nan,nan,nan,0.6512098379328534,nan,nan,nan,13.144338528353074,cs_095806,3,,True,local+remote+phase,"local_amplitudes,remote_amplitudes,phases",24
14.04,15.875341372283144,,variable,variable_quality_weighted,nan,nan,nan,0.6512098379328534,nan,nan,nan,13.072231996318692,cs_095806,3,,True,local+remote+phase,"local_amplitudes,remote_amplitudes,phases",24
14.04,15.890046769869949,,variable,variable_weighted_median,nan,nan,nan,0.6512098379328534,nan,nan,nan,13.176971295370013,cs_095806,3,,True,local+remote+phase,"local_amplitudes,remote_amplitudes,phases",24
14.04,16.07261220345024,,variable,variable_mrc,nan,nan,nan,0.6512098379328534,nan,nan,nan,14.477294896369244,cs_095806,3,,True,local+remote+phase,"local_amplitudes,remote_amplitudes,phases",24
14.04,15.425676212034178,,variable,adaptive_selection,nan,nan,nan,0.6512098379328534,nan,nan,nan,9.869488689702129,cs_095806,3,phases,True,local+remote+phase,"local_amplitudes,remote_amplitudes,phases",24
14.04,15.99093641575118,,hierarchical,best_tone__adaptive_selection,nan,nan,nan,0.7105136777581217,nan,nan,nan,13.895558516746306,cs_095806,3,local_amplitudes,True,local+remote+phase,"local_amplitudes,remote_amplitudes,phases",24
14.04,15.513604290988752,,hierarchical,liu_weighted_median__variable_weighted_median,nan,nan,nan,2.818564342009673,nan,nan,nan,10.495757058324452,cs_095806,3,,True,local+remote+phase,"local_amplitudes,remote_amplitudes,phases",24
14.04,15.792200384737852,,hierarchical,snr_mrc__variable_mrc,nan,nan,nan,0.6900521166702106,nan,nan,nan,12.480059720355074,cs_095806,3,,True,local+remote+phase,"local_amplitudes,remote_amplitudes,phases",24
14.04,15.875341372283144,,hierarchical,hierarchical_quality_fusion,nan,nan,nan,0.6512098379328534,nan,nan,nan,13.072231996318692,cs_095806,3,,True,local+remote+phase,"local_amplitudes,remote_amplitudes,phases",24
16.17,15.006313173462855,,variable,variable_equal_average,nan,nan,nan,0.4941216952467317,nan,nan,nan,7.196579013835167,cs_095806,4a,,True,local+remote+phase,"local_amplitudes,remote_amplitudes,phases",0
16.17,15.008079235411362,,variable,variable_quality_weighted,nan,nan,nan,0.4941216952467317,nan,nan,nan,7.18565717123463,cs_095806,4a,,True,local+remote+phase,"local_amplitudes,remote_amplitudes,phases",0
16.17,14.992282471982277,,variable,variable_weighted_median,nan,nan,nan,0.4941216952467317,nan,nan,nan,7.283348967332868,cs_095806,4a,,True,local+remote+phase,"local_amplitudes,remote_amplitudes,phases",0
16.17,15.120150167745596,,variable,variable_mrc,nan,nan,nan,0.4941216952467317,nan,nan,nan,6.492577812333987,cs_095806,4a,,True,local+remote+phase,"local_amplitudes,remote_amplitudes,phases",0
16.17,15.229394785573154,,variable,adaptive_selection,nan,nan,nan,0.4941216952467317,nan,nan,nan,5.816977207339811,cs_095806,4a,local_amplitudes,True,local+remote+phase,"local_amplitudes,remote_amplitudes,phases",0
16.17,15.40236616578811,,hierarchical,best_tone__adaptive_selection,nan,nan,nan,0.5305527665660826,nan,nan,nan,4.747271701990676,cs_095806,4a,local_amplitudes,True,local+remote+phase,"local_amplitudes,remote_amplitudes,phases",0
16.17,16.25924478136301,,hierarchical,liu_weighted_median__variable_weighted_median,nan,nan,nan,1.4863772752946283,nan,nan,nan,0.5519157783735749,cs_095806,4a,,True,local+remote+phase,"local_amplitudes,remote_amplitudes,phases",0
16.17,15.067147468435685,,hierarchical,snr_mrc__variable_mrc,nan,nan,nan,0.47423919838843115,nan,nan,nan,6.820361976279013,cs_095806,4a,,True,local+remote+phase,"local_amplitudes,remote_amplitudes,phases",0
16.17,15.008079235411362,,hierarchical,hierarchical_quality_fusion,nan,nan,nan,0.4941216952467317,nan,nan,nan,7.18565717123463,cs_095806,4a,,True,local+remote+phase,"local_amplitudes,remote_amplitudes,phases",0
16.17,14.993658498540498,,variable,variable_equal_average,nan,nan,nan,0.5371241018502974,nan,nan,nan,7.274839217436635,cs_095806,4a,,True,local+remote+phase,"local_amplitudes,remote_amplitudes,phases",1
16.17,14.997212180487413,,variable,variable_quality_weighted,nan,nan,nan,0.5371241018502974,nan,nan,nan,7.252862210962206,cs_095806,4a,,True,local+remote+phase,"local_amplitudes,remote_amplitudes,phases",1
16.17,14.973210755939139,,variable,variable_weighted_median,nan,nan,nan,0.5371241018502974,nan,nan,nan,7.401294026350419,cs_095806,4a,,True,local+remote+phase,"local_amplitudes,remote_amplitudes,phases",1
16.17,15.02137917117398,,variable,variable_mrc,nan,nan,nan,0.5371241018502974,nan,nan,nan,7.103406486246272,cs_095806,4a,,True,local+remote+phase,"local_amplitudes,remote_amplitudes,phases",1
16.17,15.179050875351875,,variable,adaptive_selection,nan,nan,nan,0.5371241018502974,nan,nan,nan,6.128318643463988,cs_095806,4a,local_amplitudes,True,local+remote+phase,"local_amplitudes,remote_amplitudes,phases",1
16.17,15.578468137016278,,hierarchical,best_tone__adaptive_selection,nan,nan,nan,0.547955200620005,nan,nan,nan,3.6582057080007626,cs_095806,4a,remote_amplitudes,True,local+remote+phase,"local_amplitudes,remote_amplitudes,phases",1
16.17,16.46941156839397,,hierarchical,liu_weighted_median__variable_weighted_median,nan,nan,nan,1.6447795919534771,nan,nan,nan,1.85164853675923,cs_095806,4a,,True,local+remote+phase,"local_amplitudes,remote_amplitudes,phases",1
16.17,15.015541601719903,,hierarchical,snr_mrc__variable_mrc,nan,nan,nan,0.47556146247412884,nan,nan,nan,7.139507719728501,cs_095806,4a,,True,local+remote+phase,"local_amplitudes,remote_amplitudes,phases",1
16.17,14.997212180487413,,hierarchical,hierarchical_quality_fusion,nan,nan,nan,0.5371241018502974,nan,nan,nan,7.252862210962206,cs_095806,4a,,True,local+remote+phase,"local_amplitudes,remote_amplitudes,phases",1
16.17,15.048628093970109,,variable,variable_equal_average,nan,nan,nan,0.5774678105982548,nan,nan,nan,6.9348911937532005,cs_095806,4a,,True,local+remote+phase,"local_amplitudes,remote_amplitudes,phases",2
16.17,15.042693795063506,,variable,variable_quality_weighted,nan,nan,nan,0.5774678105982548,nan,nan,nan,6.97159063040504,cs_095806,4a,,True,local+remote+phase,"local_amplitudes,remote_amplitudes,phases",2
16.17,15.131072529291405,,variable,variable_weighted_median,nan,nan,nan,0.5774678105982548,nan,nan,nan,6.425030740312904,cs_095806,4a,,True,local+remote+phase,"local_amplitudes,remote_amplitudes,phases",2
16.17,14.986802920853588,,variable,variable_mrc,nan,nan,nan,0.5774678105982548,nan,nan,nan,7.31723611098586,cs_095806,4a,,True,local+remote+phase,"local_amplitudes,remote_amplitudes,phases",2
16.17,14.825368565086803,,variable,adaptive_selection,nan,nan,nan,0.5774678105982548,nan,nan,nan,8.315593289506483,cs_095806,4a,remote_amplitudes,True,local+remote+phase,"local_amplitudes,remote_amplitudes,phases",2
16.17,15.465884834782713,,hierarchical,best_tone__adaptive_selection,nan,nan,nan,0.5774678105982548,nan,nan,nan,4.354453711918914,cs_095806,4a,remote_amplitudes,True,local+remote+phase,"local_amplitudes,remote_amplitudes,phases",2
16.17,16.649221953684886,,hierarchical,liu_weighted_median__variable_weighted_median,nan,nan,nan,1.9500378440588397,nan,nan,nan,2.9636484457939685,cs_095806,4a,,True,local+remote+phase,"local_amplitudes,remote_amplitudes,phases",2
16.17,14.955431032049207,,hierarchical,snr_mrc__variable_mrc,nan,nan,nan,0.5044971421468859,nan,nan,nan,7.511249028761872,cs_095806,4a,,True,local+remote+phase,"local_amplitudes,remote_amplitudes,phases",2
16.17,15.042693795063506,,hierarchical,hierarchical_quality_fusion,nan,nan,nan,0.5774678105982548,nan,nan,nan,6.97159063040504,cs_095806,4a,,True,local+remote+phase,"local_amplitudes,remote_amplitudes,phases",2
16.17,15.217584274782604,,variable,variable_equal_average,nan,nan,nan,0.5787126878943062,nan,nan,nan,5.890016853539873,cs_095806,4a,,True,local+remote+phase,"local_amplitudes,remote_amplitudes,phases",3
16.17,15.206631488774661,,variable,variable_quality_weighted,nan,nan,nan,0.5787126878943062,nan,nan,nan,5.9577520793156475,cs_095806,4a,,True,local+remote+phase,"local_amplitudes,remote_amplitudes,phases",3
16.17,15.206677673018918,,variable,variable_weighted_median,nan,nan,nan,0.5787126878943062,nan,nan,nan,5.95746646246805,cs_095806,4a,,True,local+remote+phase,"local_amplitudes,remote_amplitudes,phases",3
16.17,15.072895263907872,,variable,variable_mrc,nan,nan,nan,0.5787126878943062,nan,nan,nan,6.784815931305685,cs_095806,4a,,True,local+remote+phase,"local_amplitudes,remote_amplitudes,phases",3
16.17,15.206677673018918,,variable,adaptive_selection,nan,nan,nan,0.5787126878943062,nan,nan,nan,5.95746646246805,cs_095806,4a,local_amplitudes,True,local+remote+phase,"local_amplitudes,remote_amplitudes,phases",3
16.17,15.881803807265198,,hierarchical,best_tone__adaptive_selection,nan,nan,nan,0.5787126878943062,nan,nan,nan,1.7822893799307564,cs_095806,4a,local_amplitudes,True,local+remote+phase,"local_amplitudes,remote_amplitudes,phases",3
16.17,16.631963324519468,,hierarchical,liu_weighted_median__variable_weighted_median,nan,nan,nan,1.9014121123105878,nan,nan,nan,2.8569160452657156,cs_095806,4a,,True,local+remote+phase,"local_amplitudes,remote_amplitudes,phases",3
16.17,15.095659608400162,,hierarchical,snr_mrc__variable_mrc,nan,nan,nan,0.5423866682853374,nan,nan,nan,6.64403458008559,cs_095806,4a,,True,local+remote+phase,"local_amplitudes,remote_amplitudes,phases",3
16.17,15.206631488774661,,hierarchical,hierarchical_quality_fusion,nan,nan,nan,0.5787126878943062,nan,nan,nan,5.9577520793156475,cs_095806,4a,,True,local+remote+phase,"local_amplitudes,remote_amplitudes,phases",3
16.17,15.584224808759311,,variable,variable_equal_average,nan,nan,nan,0.5684900484874899,nan,nan,nan,3.6226047695775554,cs_095806,4a,,True,local+remote+phase,"local_amplitudes,remote_amplitudes,phases",4
16.17,15.57595921203945,,variable,variable_quality_weighted,nan,nan,nan,0.5684900484874899,nan,nan,nan,3.6737216324091007,cs_095806,4a,,True,local+remote+phase,"local_amplitudes,remote_amplitudes,phases",4
16.17,15.507933871871305,,variable,variable_weighted_median,nan,nan,nan,0.5684900484874899,nan,nan,nan,4.094410192508945,cs_095806,4a,,True,local+remote+phase,"local_amplitudes,remote_amplitudes,phases",4
16.17,15.37879999209453,,variable,variable_mrc,nan,nan,nan,0.5684900484874899,nan,nan,nan,4.893011799044351,cs_095806,4a,,True,local+remote+phase,"local_amplitudes,remote_amplitudes,phases",4
16.17,15.507933871871305,,variable,adaptive_selection,nan,nan,nan,0.5684900484874899,nan,nan,nan,4.094410192508945,cs_095806,4a,local_amplitudes,True,local+remote+phase,"local_amplitudes,remote_amplitudes,phases",4
16.17,16.094946886596567,,hierarchical,best_tone__adaptive_selection,nan,nan,nan,0.5785109547560984,nan,nan,nan,0.4641503611838879,cs_095806,4a,local_amplitudes,True,local+remote+phase,"local_amplitudes,remote_amplitudes,phases",4
16.17,17.12385597690766,,hierarchical,liu_weighted_median__variable_weighted_median,nan,nan,nan,1.885138379718006,nan,nan,nan,5.898923790399862,cs_095806,4a,,True,local+remote+phase,"local_amplitudes,remote_amplitudes,phases",4
16.17,15.466606374536152,,hierarchical,snr_mrc__variable_mrc,nan,nan,nan,0.5734178856577093,nan,nan,nan,4.3499914994672215,cs_095806,4a,,True,local+remote+phase,"local_amplitudes,remote_amplitudes,phases",4
16.17,15.57595921203945,,hierarchical,hierarchical_quality_fusion,nan,nan,nan,0.5684900484874899,nan,nan,nan,3.6737216324091007,cs_095806,4a,,True,local+remote+phase,"local_amplitudes,remote_amplitudes,phases",4
8.675,9.854016935063934,,variable,variable_equal_average,nan,nan,nan,0.5518506242793534,nan,nan,nan,13.590973314858012,cs_102621,1a,,True,local+remote+phase,"local_amplitudes,remote_amplitudes,phases",0
8.675,9.86234359660719,,variable,variable_quality_weighted,nan,nan,nan,0.5518506242793534,nan,nan,nan,13.686957885961828,cs_102621,1a,,True,local+remote+phase,"local_amplitudes,remote_amplitudes,phases",0
8.675,9.798628903618452,,variable,variable_weighted_median,nan,nan,nan,0.5518506242793534,nan,nan,nan,12.95249456620693,cs_102621,1a,,True,local+remote+phase,"local_amplitudes,remote_amplitudes,phases",0
8.675,9.95495094456413,,variable,variable_mrc,nan,nan,nan,0.5518506242793534,nan,nan,nan,14.754477747136937,cs_102621,1a,,True,local+remote+phase,"local_amplitudes,remote_amplitudes,phases",0
8.675,10.219800656230024,,variable,adaptive_selection,nan,nan,nan,0.5518506242793534,nan,nan,nan,17.80750036000027,cs_102621,1a,local_amplitudes,True,local+remote+phase,"local_amplitudes,remote_amplitudes,phases",0
8.675,11.65408183639969,,hierarchical,best_tone__adaptive_selection,nan,nan,nan,0.6000395569026312,nan,nan,nan,34.34100099596184,cs_102621,1a,local_amplitudes,True,local+remote+phase,"local_amplitudes,remote_amplitudes,phases",0
8.675,10.24152731083959,,hierarchical,liu_weighted_median__variable_weighted_median,nan,nan,nan,1.883824279808329,nan,nan,nan,18.057951709966446,cs_102621,1a,,True,local+remote+phase,"local_amplitudes,remote_amplitudes,phases",0
8.675,9.533459455189199,,hierarchical,snr_mrc__variable_mrc,nan,nan,nan,0.5636122274355007,nan,nan,nan,9.89578622696482,cs_102621,1a,,True,local+remote+phase,"local_amplitudes,remote_amplitudes,phases",0
8.675,9.86234359660719,,hierarchical,hierarchical_quality_fusion,nan,nan,nan,0.5518506242793534,nan,nan,nan,13.686957885961828,cs_102621,1a,,True,local+remote+phase,"local_amplitudes,remote_amplitudes,phases",0
8.675,9.846755248390176,,variable,variable_equal_average,nan,nan,nan,0.5887372843390931,nan,nan,nan,13.507265111125937,cs_102621,1a,,True,local+remote+phase,"local_amplitudes,remote_amplitudes,phases",1
8.675,9.843599512124046,,variable,variable_quality_weighted,nan,nan,nan,0.5887372843390931,nan,nan,nan,13.470887747827605,cs_102621,1a,,True,local+remote+phase,"local_amplitudes,remote_amplitudes,phases",1
8.675,10.09127907838146,,variable,variable_weighted_median,nan,nan,nan,0.5887372843390931,nan,nan,nan,16.325983612466384,cs_102621,1a,,True,local+remote+phase,"local_amplitudes,remote_amplitudes,phases",1
8.675,10.087509527343293,,variable,variable_mrc,nan,nan,nan,0.5887372843390931,nan,nan,nan,16.282530574562447,cs_102621,1a,,True,local+remote+phase,"local_amplitudes,remote_amplitudes,phases",1
8.675,10.136115554603737,,variable,adaptive_selection,nan,nan,nan,0.5887372843390931,nan,nan,nan,16.84283060061944,cs_102621,1a,local_amplitudes,True,local+remote+phase,"local_amplitudes,remote_amplitudes,phases",1
8.675,11.76371351367369,,hierarchical,best_tone__adaptive_selection,nan,nan,nan,0.6150890529223604,nan,nan,nan,35.604766728226956,cs_102621,1a,local_amplitudes,True,local+remote+phase,"local_amplitudes,remote_amplitudes,phases",1
8.675,10.307002533601516,,hierarchical,liu_weighted_median__variable_weighted_median,nan,nan,nan,1.9915391566279848,nan,nan,nan,18.81270932105493,cs_102621,1a,,True,local+remote+phase,"local_amplitudes,remote_amplitudes,phases",1
8.675,10.010441095267549,,hierarchical,snr_mrc__variable_mrc,nan,nan,nan,0.5896029735299103,nan,nan,nan,15.394133663026487,cs_102621,1a,,True,local+remote+phase,"local_amplitudes,remote_amplitudes,phases",1
8.675,9.843599512124046,,hierarchical,hierarchical_quality_fusion,nan,nan,nan,0.5887372843390931,nan,nan,nan,13.470887747827605,cs_102621,1a,,True,local+remote+phase,"local_amplitudes,remote_amplitudes,phases",1
8.675,9.76152613608585,,variable,variable_equal_average,nan,nan,nan,0.5983350135955964,nan,nan,nan,12.524796957761952,cs_102621,1a,,True,local+remote+phase,"local_amplitudes,remote_amplitudes,phases",2
8.675,9.74422598840818,,variable,variable_quality_weighted,nan,nan,nan,0.5983350135955964,nan,nan,nan,12.32537162430178,cs_102621,1a,,True,local+remote+phase,"local_amplitudes,remote_amplitudes,phases",2
8.675,9.992427652010472,,variable,variable_weighted_median,nan,nan,nan,0.5983350135955964,nan,nan,nan,15.186485902137992,cs_102621,1a,,True,local+remote+phase,"local_amplitudes,remote_amplitudes,phases",2
8.675,10.095645557731274,,variable,variable_mrc,nan,nan,nan,0.5983350135955964,nan,nan,nan,16.376317668372025,cs_102621,1a,,True,local+remote+phase,"local_amplitudes,remote_amplitudes,phases",2
8.675,9.992427652010472,,variable,adaptive_selection,nan,nan,nan,0.5983350135955964,nan,nan,nan,15.186485902137992,cs_102621,1a,local_amplitudes,True,local+remote+phase,"local_amplitudes,remote_amplitudes,phases",2
8.675,9.863760985926755,,hierarchical,best_tone__adaptive_selection,nan,nan,nan,0.6287194714120287,nan,nan,nan,13.703296667743558,cs_102621,1a,local_amplitudes,True,local+remote+phase,"local_amplitudes,remote_amplitudes,phases",2
8.675,10.306608763076461,,hierarchical,liu_weighted_median__variable_weighted_median,nan,nan,nan,2.1267166249027465,nan,nan,nan,18.80817017955574,cs_102621,1a,,True,local+remote+phase,"local_amplitudes,remote_amplitudes,phases",2
8.675,10.267842736344466,,hierarchical,snr_mrc__variable_mrc,nan,nan,nan,0.6068486534733283,nan,nan,nan,18.36129955440306,cs_102621,1a,,True,local+remote+phase,"local_amplitudes,remote_amplitudes,phases",2
8.675,9.74422598840818,,hierarchical,hierarchical_quality_fusion,nan,nan,nan,0.5983350135955964,nan,nan,nan,12.32537162430178,cs_102621,1a,,True,local+remote+phase,"local_amplitudes,remote_amplitudes,phases",2
8.675,9.580254562852048,,variable,variable_equal_average,nan,nan,nan,0.5895847940171701,nan,nan,nan,10.435211099159043,cs_102621,1a,,True,local+remote+phase,"local_amplitudes,remote_amplitudes,phases",3
8.675,9.53293347724893,,variable,variable_quality_weighted,nan,nan,nan,0.5895847940171701,nan,nan,nan,9.8897230806793,cs_102621,1a,,True,local+remote+phase,"local_amplitudes,remote_amplitudes,phases",3
8.675,9.85424181938614,,variable,variable_weighted_median,nan,nan,nan,0.5895847940171701,nan,nan,nan,13.593565641338772,cs_102621,1a,,True,local+remote+phase,"local_amplitudes,remote_amplitudes,phases",3
8.675,10.04129805448025,,variable,variable_mrc,nan,nan,nan,0.5895847940171701,nan,nan,nan,15.749833481040346,cs_102621,1a,,True,local+remote+phase,"local_amplitudes,remote_amplitudes,phases",3
8.675,9.85424181938614,,variable,adaptive_selection,nan,nan,nan,0.5895847940171701,nan,nan,nan,13.593565641338772,cs_102621,1a,local_amplitudes,True,local+remote+phase,"local_amplitudes,remote_amplitudes,phases",3
8.675,10.040424376207078,,hierarchical,best_tone__adaptive_selection,nan,nan,nan,0.6266525163748642,nan,nan,nan,15.739762261753048,cs_102621,1a,local_amplitudes,True,local+remote+phase,"local_amplitudes,remote_amplitudes,phases",3
8.675,10.550974475205388,,hierarchical,liu_weighted_median__variable_weighted_median,nan,nan,nan,2.136128803648425,nan,nan,nan,21.625065996603887,cs_102621,1a,,True,local+remote+phase,"local_amplitudes,remote_amplitudes,phases",3
8.675,10.088589044855894,,hierarchical,snr_mrc__variable_mrc,nan,nan,nan,0.5905981393232298,nan,nan,nan,16.29497458047139,cs_102621,1a,,True,local+remote+phase,"local_amplitudes,remote_amplitudes,phases",3
8.675,9.53293347724893,,hierarchical,hierarchical_quality_fusion,nan,nan,nan,0.5895847940171701,nan,nan,nan,9.8897230806793,cs_102621,1a,,True,local+remote+phase,"local_amplitudes,remote_amplitudes,phases",3
8.675,9.284535814216776,,variable,variable_equal_average,nan,nan,nan,0.5928618364372517,nan,nan,nan,7.026349443421037,cs_102621,1a,,True,local+remote+phase,"local_amplitudes,remote_amplitudes,phases",4
8.675,9.232445180747504,,variable,variable_quality_weighted,nan,nan,nan,0.5928618364372517,nan,nan,nan,6.4258810460807325,cs_102621,1a,,True,local+remote+phase,"local_amplitudes,remote_amplitudes,phases",4
8.675,9.712590642611655,,variable,variable_weighted_median,nan,nan,nan,0.5928618364372517,nan,nan,nan,11.960699050278436,cs_102621,1a,,True,local+remote+phase,"local_amplitudes,remote_amplitudes,phases",4
8.675,9.963997101219046,,variable,variable_mrc,nan,nan,nan,0.5928618364372517,nan,nan,nan,14.858756210017818,cs_102621,1a,,True,local+remote+phase,"local_amplitudes,remote_amplitudes,phases",4
8.675,9.712590642611655,,variable,adaptive_selection,nan,nan,nan,0.5928618364372517,nan,nan,nan,11.960699050278436,cs_102621,1a,local_amplitudes,True,local+remote+phase,"local_amplitudes,remote_amplitudes,phases",4
8.675,10.186356277262133,,hierarchical,best_tone__adaptive_selection,nan,nan,nan,0.6269686682210569,nan,nan,nan,17.421974377661467,cs_102621,1a,local_amplitudes,True,local+remote+phase,"local_amplitudes,remote_amplitudes,phases",4
8.675,10.615479065312948,,hierarchical,liu_weighted_median__variable_weighted_median,nan,nan,nan,2.1560066458469334,nan,nan,nan,22.368634758650693,cs_102621,1a,,True,local+remote+phase,"local_amplitudes,remote_amplitudes,phases",4
8.675,9.676840187426784,,hierarchical,snr_mrc__variable_mrc,nan,nan,nan,0.6042757434909427,nan,nan,nan,11.548590056792888,cs_102621,1a,,True,local+remote+phase,"local_amplitudes,remote_amplitudes,phases",4
8.675,9.232445180747504,,hierarchical,hierarchical_quality_fusion,nan,nan,nan,0.5928618364372517,nan,nan,nan,6.4258810460807325,cs_102621,1a,,True,local+remote+phase,"local_amplitudes,remote_amplitudes,phases",4
8.675,9.044314026437222,,variable,variable_equal_average,nan,nan,nan,0.5525216762951025,nan,nan,nan,4.257222206769122,cs_102621,1a,,True,local+remote+phase,"local_amplitudes,remote_amplitudes,phases",5
8.675,9.119731376870622,,variable,variable_quality_weighted,nan,nan,nan,0.5525216762951025,nan,nan,nan,5.126586476894765,cs_102621,1a,,True,local+remote+phase,"local_amplitudes,remote_amplitudes,phases",5
8.675,9.543603359325266,,variable,variable_weighted_median,nan,nan,nan,0.5525216762951025,nan,nan,nan,10.01271883948432,cs_102621,1a,,True,local+remote+phase,"local_amplitudes,remote_amplitudes,phases",5
8.675,9.8035190231352,,variable,variable_mrc,nan,nan,nan,0.5525216762951025,nan,nan,nan,13.008864820002298,cs_102621,1a,,True,local+remote+phase,"local_amplitudes,remote_amplitudes,phases",5
8.675,9.543603359325266,,variable,adaptive_selection,nan,nan,nan,0.5525216762951025,nan,nan,nan,10.01271883948432,cs_102621,1a,local_amplitudes,True,local+remote+phase,"local_amplitudes,remote_amplitudes,phases",5
8.675,10.743885454783069,,hierarchical,best_tone__adaptive_selection,nan,nan,nan,0.6285782802812052,nan,nan,nan,23.848823686260147,cs_102621,1a,local_amplitudes,True,local+remote+phase,"local_amplitudes,remote_amplitudes,phases",5
8.675,10.723779822809187,,hierarchical,liu_weighted_median__variable_weighted_median,nan,nan,nan,2.197255118882506,nan,nan,nan,23.61705847618658,cs_102621,1a,,True,local+remote+phase,"local_amplitudes,remote_amplitudes,phases",5
8.675,9.133241952681882,,hierarchical,snr_mrc__variable_mrc,nan,nan,nan,0.5993135333189178,nan,nan,nan,5.282327984805544,cs_102621,1a,,True,local+remote+phase,"local_amplitudes,remote_amplitudes,phases",5
8.675,9.119731376870622,,hierarchical,hierarchical_quality_fusion,nan,nan,nan,0.5525216762951025,nan,nan,nan,5.126586476894765,cs_102621,1a,,True,local+remote+phase,"local_amplitudes,remote_amplitudes,phases",5
8.675,8.871045578069294,,variable,variable_equal_average,nan,nan,nan,0.5534905272796184,nan,nan,nan,2.2598913898477644,cs_102621,1a,,True,local+remote+phase,"local_amplitudes,remote_amplitudes,phases",6
8.675,8.917330227697606,,variable,variable_quality_weighted,nan,nan,nan,0.5534905272796184,nan,nan,nan,2.7934320195689404,cs_102621,1a,,True,local+remote+phase,"local_amplitudes,remote_amplitudes,phases",6
8.675,9.343898993420513,,variable,variable_weighted_median,nan,nan,nan,0.5534905272796184,nan,nan,nan,7.710651220985734,cs_102621,1a,,True,local+remote+phase,"local_amplitudes,remote_amplitudes,phases",6
8.675,9.54836367068003,,variable,variable_mrc,nan,nan,nan,0.5534905272796184,nan,nan,nan,10.067592745591124,cs_102621,1a,,True,local+remote+phase,"local_amplitudes,remote_amplitudes,phases",6
8.675,9.343898993420513,,variable,adaptive_selection,nan,nan,nan,0.5534905272796184,nan,nan,nan,7.710651220985734,cs_102621,1a,local_amplitudes,True,local+remote+phase,"local_amplitudes,remote_amplitudes,phases",6
8.675,8.935773689532043,,hierarchical,best_tone__adaptive_selection,nan,nan,nan,0.6323916614512662,nan,nan,nan,3.006036766939971,cs_102621,1a,local_amplitudes,True,local+remote+phase,"local_amplitudes,remote_amplitudes,phases",6
8.675,10.728487544355932,,hierarchical,liu_weighted_median__variable_weighted_median,nan,nan,nan,2.1781994780910425,nan,nan,nan,23.671326159722554,cs_102621,1a,,True,local+remote+phase,"local_amplitudes,remote_amplitudes,phases",6
8.675,8.868813956720727,,hierarchical,snr_mrc__variable_mrc,nan,nan,nan,0.5981583012752905,nan,nan,nan,2.2341666480775353,cs_102621,1a,,True,local+remote+phase,"local_amplitudes,remote_amplitudes,phases",6
8.675,8.917330227697606,,hierarchical,hierarchical_quality_fusion,nan,nan,nan,0.5534905272796184,nan,nan,nan,2.7934320195689404,cs_102621,1a,,True,local+remote+phase,"local_amplitudes,remote_amplitudes,phases",6
8.675,8.785814446313182,,variable,variable_equal_average,nan,nan,nan,0.5584808942214441,nan,nan,nan,1.2773999575006512,cs_102621,1a,,True,local+remote+phase,"local_amplitudes,remote_amplitudes,phases",7
8.675,8.87506551687979,,variable,variable_quality_weighted,nan,nan,nan,0.5584808942214441,nan,nan,nan,2.306230742130134,cs_102621,1a,,True,local+remote+phase,"local_amplitudes,remote_amplitudes,phases",7
8.675,9.255686758514948,,variable,variable_weighted_median,nan,nan,nan,0.5584808942214441,nan,nan,nan,6.693795487203998,cs_102621,1a,,True,local+remote+phase,"local_amplitudes,remote_amplitudes,phases",7
8.675,9.381974400293409,,variable,variable_mrc,nan,nan,nan,0.5584808942214441,nan,nan,nan,8.14956081029865,cs_102621,1a,,True,local+remote+phase,"local_amplitudes,remote_amplitudes,phases",7
8.675,9.255686758514948,,variable,adaptive_selection,nan,nan,nan,0.5584808942214441,nan,nan,nan,6.693795487203998,cs_102621,1a,local_amplitudes,True,local+remote+phase,"local_amplitudes,remote_amplitudes,phases",7
8.675,8.789874172577267,,hierarchical,best_tone__adaptive_selection,nan,nan,nan,0.6523869737253132,nan,nan,nan,1.3241979547811713,cs_102621,1a,local_amplitudes,True,local+remote+phase,"local_amplitudes,remote_amplitudes,phases",7
8.675,10.67060579382353,,hierarchical,liu_weighted_median__variable_weighted_median,nan,nan,nan,2.2101809819904465,nan,nan,nan,23.004101369723674,cs_102621,1a,,True,local+remote+phase,"local_amplitudes,remote_amplitudes,phases",7
8.675,8.904130517723997,,hierarchical,snr_mrc__variable_mrc,nan,nan,nan,0.6221089377767184,nan,nan,nan,2.6412739795273383,cs_102621,1a,,True,local+remote+phase,"local_amplitudes,remote_amplitudes,phases",7
8.675,8.87506551687979,,hierarchical,hierarchical_quality_fusion,nan,nan,nan,0.5584808942214441,nan,nan,nan,2.306230742130134,cs_102621,1a,,True,local+remote+phase,"local_amplitudes,remote_amplitudes,phases",7
8.675,11.117726350086286,,variable,variable_equal_average,nan,nan,nan,0.5712441912221924,nan,nan,nan,28.158228819438452,cs_102621,1a,,True,local+remote+phase,"local_amplitudes,remote_amplitudes,phases",8
8.675,10.743122918847225,,variable,variable_quality_weighted,nan,nan,nan,0.5712441912221924,nan,nan,nan,23.840033646653886,cs_102621,1a,,True,local+remote+phase,"local_amplitudes,remote_amplitudes,phases",8
8.675,9.872434748307205,,variable,variable_weighted_median,nan,nan,nan,0.5712441912221924,nan,nan,nan,13.80328240123578,cs_102621,1a,,True,local+remote+phase,"local_amplitudes,remote_amplitudes,phases",8
8.675,9.354509880270472,,variable,variable_mrc,nan,nan,nan,0.5712441912221924,nan,nan,nan,7.832966919544335,cs_102621,1a,,True,local+remote+phase,"local_amplitudes,remote_amplitudes,phases",8
8.675,9.196203599355755,,variable,adaptive_selection,nan,nan,nan,0.5712441912221924,nan,nan,nan,6.008110655397743,cs_102621,1a,local_amplitudes,True,local+remote+phase,"local_amplitudes,remote_amplitudes,phases",8
8.675,8.697544708430275,,hierarchical,best_tone__adaptive_selection,nan,nan,nan,0.6625751013821026,nan,nan,nan,0.25988136519048227,cs_102621,1a,local_amplitudes,True,local+remote+phase,"local_amplitudes,remote_amplitudes,phases",8
8.675,10.62444488013115,,hierarchical,liu_weighted_median__variable_weighted_median,nan,nan,nan,2.2699301354882153,nan,nan,nan,22.471987090848987,cs_102621,1a,,True,local+remote+phase,"local_amplitudes,remote_amplitudes,phases",8
8.675,8.911231145971954,,hierarchical,snr_mrc__variable_mrc,nan,nan,nan,0.6204447455228358,nan,nan,nan,2.723125601982165,cs_102621,1a,,True,local+remote+phase,"local_amplitudes,remote_amplitudes,phases",8
8.675,10.743122918847225,,hierarchical,hierarchical_quality_fusion,nan,nan,nan,0.5712441912221924,nan,nan,nan,23.840033646653886,cs_102621,1a,,True,local+remote+phase,"local_amplitudes,remote_amplitudes,phases",8
8.675,10.994725581963527,,variable,variable_equal_average,nan,nan,nan,0.570746309405821,nan,nan,nan,26.74035252983892,cs_102621,1a,,True,local+remote+phase,"local_amplitudes,remote_amplitudes,phases",9
8.675,10.511288919441942,,variable,variable_quality_weighted,nan,nan,nan,0.570746309405821,nan,nan,nan,21.167595613163584,cs_102621,1a,,True,local+remote+phase,"local_amplitudes,remote_amplitudes,phases",9
8.675,9.703027388725543,,variable,variable_weighted_median,nan,nan,nan,0.570746309405821,nan,nan,nan,11.85045981239818,cs_102621,1a,,True,local+remote+phase,"local_amplitudes,remote_amplitudes,phases",9
8.675,9.273232349659114,,variable,variable_mrc,nan,nan,nan,0.570746309405821,nan,nan,nan,6.896050140162692,cs_102621,1a,,True,local+remote+phase,"local_amplitudes,remote_amplitudes,phases",9
8.675,9.113898272606683,,variable,adaptive_selection,nan,nan,nan,0.570746309405821,nan,nan,nan,5.059346081921407,cs_102621,1a,local_amplitudes,True,local+remote+phase,"local_amplitudes,remote_amplitudes,phases",9
8.675,8.626750489174945,,hierarchical,best_tone__adaptive_selection,nan,nan,nan,0.6637323036743205,nan,nan,nan,0.5561903265136063,cs_102621,1a,local_amplitudes,True,local+remote+phase,"local_amplitudes,remote_amplitudes,phases",9
8.675,10.585295216212781,,hierarchical,liu_weighted_median__variable_weighted_median,nan,nan,nan,2.289796290143167,nan,nan,nan,22.020694135017642,cs_102621,1a,,True,local+remote+phase,"local_amplitudes,remote_amplitudes,phases",9
8.675,8.909030979936174,,hierarchical,snr_mrc__variable_mrc,nan,nan,nan,0.6211700149973937,nan,nan,nan,2.6977634574775067,cs_102621,1a,,True,local+remote+phase,"local_amplitudes,remote_amplitudes,phases",9
8.675,10.511288919441942,,hierarchical,hierarchical_quality_fusion,nan,nan,nan,0.570746309405821,nan,nan,nan,21.167595613163584,cs_102621,1a,,True,local+remote+phase,"local_amplitudes,remote_amplitudes,phases",9
8.675,10.749329158146518,,variable,variable_equal_average,nan,nan,nan,0.5854408502347924,nan,nan,nan,23.911575310046302,cs_102621,1a,,True,local+remote+phase,"local_amplitudes,remote_amplitudes,phases",10
8.675,10.254885121398678,,variable,variable_quality_weighted,nan,nan,nan,0.5854408502347924,nan,nan,nan,18.211932235143248,cs_102621,1a,,True,local+remote+phase,"local_amplitudes,remote_amplitudes,phases",10
8.675,9.460752896802195,,variable,variable_weighted_median,nan,nan,nan,0.5854408502347924,nan,nan,nan,9.057670280140561,cs_102621,1a,,True,local+remote+phase,"local_amplitudes,remote_amplitudes,phases",10
8.675,9.214166288660495,,variable,variable_mrc,nan,nan,nan,0.5854408502347924,nan,nan,nan,6.215173356316938,cs_102621,1a,,True,local+remote+phase,"local_amplitudes,remote_amplitudes,phases",10
8.675,9.082549305705097,,variable,adaptive_selection,nan,nan,nan,0.5854408502347924,nan,nan,nan,4.697974705534251,cs_102621,1a,local_amplitudes,True,local+remote+phase,"local_amplitudes,remote_amplitudes,phases",10
8.675,10.966149482464292,,hierarchical,best_tone__adaptive_selection,nan,nan,nan,0.6701978100220133,nan,nan,nan,26.410945042816035,cs_102621,1a,local_amplitudes,True,local+remote+phase,"local_amplitudes,remote_amplitudes,phases",10
8.675,10.573238348728493,,hierarchical,liu_weighted_median__variable_weighted_median,nan,nan,nan,2.3263773329076245,nan,nan,nan,21.88171007179818,cs_102621,1a,,True,local+remote+phase,"local_amplitudes,remote_amplitudes,phases",10
8.675,8.91400880217429,,hierarchical,snr_mrc__variable_mrc,nan,nan,nan,0.6412920349887797,nan,nan,nan,2.755144693651755,cs_102621,1a,,True,local+remote+phase,"local_amplitudes,remote_amplitudes,phases",10
8.675,10.254885121398678,,hierarchical,hierarchical_quality_fusion,nan,nan,nan,0.5854408502347924,nan,nan,nan,18.211932235143248,cs_102621,1a,,True,local+remote+phase,"local_amplitudes,remote_amplitudes,phases",10
8.675,9.384474598547186,,variable,variable_equal_average,nan,nan,nan,0.5994383399544311,nan,nan,nan,8.178381539448822,cs_102621,1a,,True,local+remote+phase,"local_amplitudes,remote_amplitudes,phases",11
8.675,9.30287687311872,,variable,variable_quality_weighted,nan,nan,nan,0.5994383399544311,nan,nan,nan,7.237773753529904,cs_102621,1a,,True,local+remote+phase,"local_amplitudes,remote_amplitudes,phases",11
8.675,9.18509679169508,,variable,variable_weighted_median,nan,nan,nan,0.5994383399544311,nan,nan,nan,5.8800782904331985,cs_102621,1a,,True,local+remote+phase,"local_amplitudes,remote_amplitudes,phases",11
8.675,9.08485926413643,,variable,variable_mrc,nan,nan,nan,0.5994383399544311,nan,nan,nan,4.72460246843146,cs_102621,1a,,True,local+remote+phase,"local_amplitudes,remote_amplitudes,phases",11
8.675,9.012432888520685,,variable,adaptive_selection,nan,nan,nan,0.5994383399544311,nan,nan,nan,3.8897162941865626,cs_102621,1a,local_amplitudes,True,local+remote+phase,"local_amplitudes,remote_amplitudes,phases",11
8.675,8.621266862528763,,hierarchical,best_tone__adaptive_selection,nan,nan,nan,0.6700019120703571,nan,nan,nan,0.6194021610517269,cs_102621,1a,local_amplitudes,True,local+remote+phase,"local_amplitudes,remote_amplitudes,phases",11
8.675,10.298272702889115,,hierarchical,liu_weighted_median__variable_weighted_median,nan,nan,nan,2.31438621412245,nan,nan,nan,18.712077266733303,cs_102621,1a,,True,local+remote+phase,"local_amplitudes,remote_amplitudes,phases",11
8.675,8.783140426612709,,hierarchical,snr_mrc__variable_mrc,nan,nan,nan,0.6455641411877232,nan,nan,nan,1.246575522913065,cs_102621,1a,,True,local+remote+phase,"local_amplitudes,remote_amplitudes,phases",11
8.675,9.30287687311872,,hierarchical,hierarchical_quality_fusion,nan,nan,nan,0.5994383399544311,nan,nan,nan,7.237773753529904,cs_102621,1a,,True,local+remote+phase,"local_amplitudes,remote_amplitudes,phases",11
8.675,9.392947370571191,,variable,variable_equal_average,nan,nan,nan,0.6282849788750898,nan,nan,nan,8.276050381224096,cs_102621,1a,,True,local+remote+phase,"local_amplitudes,remote_amplitudes,phases",12
8.675,9.328364680597515,,variable,variable_quality_weighted,nan,nan,nan,0.6282849788750898,nan,nan,nan,7.531581332536186,cs_102621,1a,,True,local+remote+phase,"local_amplitudes,remote_amplitudes,phases",12
8.675,9.016233519277224,,variable,variable_weighted_median,nan,nan,nan,0.6282849788750898,nan,nan,nan,3.9335275997374395,cs_102621,1a,,True,local+remote+phase,"local_amplitudes,remote_amplitudes,phases",12
8.675,8.963528731406766,,variable,variable_mrc,nan,nan,nan,0.6282849788750898,nan,nan,nan,3.325979612758106,cs_102621,1a,,True,local+remote+phase,"local_amplitudes,remote_amplitudes,phases",12
8.675,8.888101394542602,,variable,adaptive_selection,nan,nan,nan,0.6282849788750898,nan,nan,nan,2.456500225274942,cs_102621,1a,local_amplitudes,True,local+remote+phase,"local_amplitudes,remote_amplitudes,phases",12
8.675,8.587241301722262,,hierarchical,best_tone__adaptive_selection,nan,nan,nan,0.6680745714770486,nan,nan,nan,1.011627645852896,cs_102621,1a,local_amplitudes,True,local+remote+phase,"local_amplitudes,remote_amplitudes,phases",12
8.675,9.936902712405793,,hierarchical,liu_weighted_median__variable_weighted_median,nan,nan,nan,2.2638649773778643,nan,nan,nan,14.546428961450053,cs_102621,1a,,True,local+remote+phase,"local_amplitudes,remote_amplitudes,phases",12
8.675,8.701089999126514,,hierarchical,snr_mrc__variable_mrc,nan,nan,nan,0.6542795554102768,nan,nan,nan,0.3007492694698994,cs_102621,1a,,True,local+remote+phase,"local_amplitudes,remote_amplitudes,phases",12
8.675,9.328364680597515,,hierarchical,hierarchical_quality_fusion,nan,nan,nan,0.6282849788750898,nan,nan,nan,7.531581332536186,cs_102621,1a,,True,local+remote+phase,"local_amplitudes,remote_amplitudes,phases",12
8.675,9.321334993577663,,variable,variable_equal_average,nan,nan,nan,0.6514725827523099,nan,nan,nan,7.4505474763995645,cs_102621,1a,,True,local+remote+phase,"local_amplitudes,remote_amplitudes,phases",13
8.675,9.300118214260372,,variable,variable_quality_weighted,nan,nan,nan,0.6514725827523099,nan,nan,nan,7.205973651416388,cs_102621,1a,,True,local+remote+phase,"local_amplitudes,remote_amplitudes,phases",13
8.675,9.000472905906637,,variable,variable_weighted_median,nan,nan,nan,0.6514725827523099,nan,nan,nan,3.7518490594424936,cs_102621,1a,,True,local+remote+phase,"local_amplitudes,remote_amplitudes,phases",13
8.675,8.912428968808218,,variable,variable_mrc,nan,nan,nan,0.6514725827523099,nan,nan,nan,2.7369333580197943,cs_102621,1a,,True,local+remote+phase,"local_amplitudes,remote_amplitudes,phases",13
8.675,8.764586465742182,,variable,adaptive_selection,nan,nan,nan,0.6514725827523099,nan,nan,nan,1.0326970114372498,cs_102621,1a,local_amplitudes,True,local+remote+phase,"local_amplitudes,remote_amplitudes,phases",13
8.675,9.062924380273756,,hierarchical,best_tone__adaptive_selection,nan,nan,nan,0.6568117061020072,nan,nan,nan,4.471750781253666,cs_102621,1a,local_amplitudes,True,local+remote+phase,"local_amplitudes,remote_amplitudes,phases",13
8.675,9.790355340622636,,hierarchical,liu_weighted_median__variable_weighted_median,nan,nan,nan,2.200175828299485,nan,nan,nan,12.857122082105302,cs_102621,1a,,True,local+remote+phase,"local_amplitudes,remote_amplitudes,phases",13
8.675,8.659811320204085,,hierarchical,snr_mrc__variable_mrc,nan,nan,nan,0.6544826948345936,nan,nan,nan,0.17508564606242952,cs_102621,1a,,True,local+remote+phase,"local_amplitudes,remote_amplitudes,phases",13
8.675,9.300118214260372,,hierarchical,hierarchical_quality_fusion,nan,nan,nan,0.6514725827523099,nan,nan,nan,7.205973651416388,cs_102621,1a,,True,local+remote+phase,"local_amplitudes,remote_amplitudes,phases",13
8.675,9.345005332190892,,variable,variable_equal_average,nan,nan,nan,0.6444540811772579,nan,nan,nan,7.72340440565869,cs_102621,1a,,True,local+remote+phase,"local_amplitudes,remote_amplitudes,phases",14
8.675,9.30467694827431,,variable,variable_quality_weighted,nan,nan,nan,0.6444540811772579,nan,nan,nan,7.258523899415663,cs_102621,1a,,True,local+remote+phase,"local_amplitudes,remote_amplitudes,phases",14
8.675,9.30074337406594,,variable,variable_weighted_median,nan,nan,nan,0.6444540811772579,nan,nan,nan,7.213180104506502,cs_102621,1a,,True,local+remote+phase,"local_amplitudes,remote_amplitudes,phases",14
8.675,8.957237927037534,,variable,variable_mrc,nan,nan,nan,0.6444540811772579,nan,nan,nan,3.2534631358793455,cs_102621,1a,,True,local+remote+phase,"local_amplitudes,remote_amplitudes,phases",14
8.675,8.675855013016285,,variable,adaptive_selection,nan,nan,nan,0.6444540811772579,nan,nan,nan,0.009856057824605705,cs_102621,1a,local_amplitudes,True,local+remote+phase,"local_amplitudes,remote_amplitudes,phases",14
8.675,8.889380304506775,,hierarchical,best_tone__adaptive_selection,nan,nan,nan,0.6444540811772579,nan,nan,nan,2.471242703248113,cs_102621,1a,local_amplitudes,True,local+remote+phase,"local_amplitudes,remote_amplitudes,phases",14
8.675,9.715604278116034,,hierarchical,liu_weighted_median__variable_weighted_median,nan,nan,nan,2.2165073195661016,nan,nan,nan,11.995438364449953,cs_102621,1a,,True,local+remote+phase,"local_amplitudes,remote_amplitudes,phases",14
8.675,8.710058300739375,,hierarchical,snr_mrc__variable_mrc,nan,nan,nan,0.6371487897317806,nan,nan,nan,0.40413026788903866,cs_102621,1a,,True,local+remote+phase,"local_amplitudes,remote_amplitudes,phases",14
8.675,9.30467694827431,,hierarchical,hierarchical_quality_fusion,nan,nan,nan,0.6444540811772579,nan,nan,nan,7.258523899415663,cs_102621,1a,,True,local+remote+phase,"local_amplitudes,remote_amplitudes,phases",14
8.675,9.412157135412448,,variable,variable_equal_average,nan,nan,nan,0.6458942618669173,nan,nan,nan,8.497488592650688,cs_102621,1a,,True,local+remote+phase,"local_amplitudes,remote_amplitudes,phases",15
8.675,9.345014290820155,,variable,variable_quality_weighted,nan,nan,nan,0.6458942618669173,nan,nan,nan,7.723507675160274,cs_102621,1a,,True,local+remote+phase,"local_amplitudes,remote_amplitudes,phases",15
8.675,9.80948764144711,,variable,variable_weighted_median,nan,nan,nan,0.6458942618669173,nan,nan,nan,13.077667336566096,cs_102621,1a,,True,local+remote+phase,"local_amplitudes,remote_amplitudes,phases",15
8.675,8.960304605651501,,variable,variable_mrc,nan,nan,nan,0.6458942618669173,nan,nan,nan,3.2888138980000057,cs_102621,1a,,True,local+remote+phase,"local_amplitudes,remote_amplitudes,phases",15
8.675,8.556363461638353,,variable,adaptive_selection,nan,nan,nan,0.6458942618669173,nan,nan,nan,1.3675681655521292,cs_102621,1a,local_amplitudes,True,local+remote+phase,"local_amplitudes,remote_amplitudes,phases",15
8.675,8.368017194039178,,hierarchical,best_tone__adaptive_selection,nan,nan,nan,0.6458942618669173,nan,nan,nan,3.5387066969547325,cs_102621,1a,local_amplitudes,True,local+remote+phase,"local_amplitudes,remote_amplitudes,phases",15
8.675,9.648151230860782,,hierarchical,liu_weighted_median__variable_weighted_median,nan,nan,nan,2.2586750885663993,nan,nan,nan,11.217881623755398,cs_102621,1a,,True,local+remote+phase,"local_amplitudes,remote_amplitudes,phases",15
8.675,8.64141448993976,,hierarchical,snr_mrc__variable_mrc,nan,nan,nan,0.6458942618669173,nan,nan,nan,0.38715285372036395,cs_102621,1a,,True,local+remote+phase,"local_amplitudes,remote_amplitudes,phases",15
8.675,9.345014290820155,,hierarchical,hierarchical_quality_fusion,nan,nan,nan,0.6458942618669173,nan,nan,nan,7.723507675160274,cs_102621,1a,,True,local+remote+phase,"local_amplitudes,remote_amplitudes,phases",15
8.675,9.591883976613124,,variable,variable_equal_average,nan,nan,nan,0.64590778209988,nan,nan,nan,10.569267741938019,cs_102621,1a,,True,local+remote+phase,"local_amplitudes,remote_amplitudes,phases",16
8.675,9.445839041613713,,variable,variable_quality_weighted,nan,nan,nan,0.64590778209988,nan,nan,nan,8.885752641080254,cs_102621,1a,,True,local+remote+phase,"local_amplitudes,remote_amplitudes,phases",16
8.675,9.617828131036816,,variable,variable_weighted_median,nan,nan,nan,0.64590778209988,nan,nan,nan,10.868335804458969,cs_102621,1a,,True,local+remote+phase,"local_amplitudes,remote_amplitudes,phases",16
8.675,8.57521866576984,,variable,variable_mrc,nan,nan,nan,0.64590778209988,nan,nan,nan,1.1502171092813844,cs_102621,1a,,True,local+remote+phase,"local_amplitudes,remote_amplitudes,phases",16
8.675,8.50624809770265,,variable,adaptive_selection,nan,nan,nan,0.64590778209988,nan,nan,nan,1.9452668852720463,cs_102621,1a,local_amplitudes,True,local+remote+phase,"local_amplitudes,remote_amplitudes,phases",16
8.675,8.271876688781532,,hierarchical,best_tone__adaptive_selection,nan,nan,nan,0.6644534985628591,nan,nan,nan,4.646954596178313,cs_102621,1a,local_amplitudes,True,local+remote+phase,"local_amplitudes,remote_amplitudes,phases",16
8.675,9.70560533763891,,hierarchical,liu_weighted_median__variable_weighted_median,nan,nan,nan,2.3743404776773,nan,nan,nan,11.880176802754008,cs_102621,1a,,True,local+remote+phase,"local_amplitudes,remote_amplitudes,phases",16
8.675,8.54411831627403,,hierarchical,snr_mrc__variable_mrc,nan,nan,nan,0.6644534985628591,nan,nan,nan,1.5087225789737237,cs_102621,1a,,True,local+remote+phase,"local_amplitudes,remote_amplitudes,phases",16
8.675,9.445839041613713,,hierarchical,hierarchical_quality_fusion,nan,nan,nan,0.64590778209988,nan,nan,nan,8.885752641080254,cs_102621,1a,,True,local+remote+phase,"local_amplitudes,remote_amplitudes,phases",16
8.675,9.749004389643806,,variable,variable_equal_average,nan,nan,nan,0.6249736434924221,nan,nan,nan,12.380454059294587,cs_102621,1a,,True,local+remote+phase,"local_amplitudes,remote_amplitudes,phases",17
8.675,9.50424590381127,,variable,variable_quality_weighted,nan,nan,nan,0.6249736434924221,nan,nan,nan,9.559030591484376,cs_102621,1a,,True,local+remote+phase,"local_amplitudes,remote_amplitudes,phases",17
8.675,9.43785296107346,,variable,variable_weighted_median,nan,nan,nan,0.6249736434924221,nan,nan,nan,8.793694075774749,cs_102621,1a,,True,local+remote+phase,"local_amplitudes,remote_amplitudes,phases",17
8.675,8.343679757135718,,variable,variable_mrc,nan,nan,nan,0.6249736434924221,nan,nan,nan,3.819253520049374,cs_102621,1a,,True,local+remote+phase,"local_amplitudes,remote_amplitudes,phases",17
8.675,8.393628368887333,,variable,adaptive_selection,nan,nan,nan,0.6249736434924221,nan,nan,nan,3.2434770157079877,cs_102621,1a,local_amplitudes,True,local+remote+phase,"local_amplitudes,remote_amplitudes,phases",17
8.675,10.649495607725573,,hierarchical,best_tone__adaptive_selection,nan,nan,nan,0.665465100273198,nan,nan,nan,22.760756285021003,cs_102621,1a,local_amplitudes,True,local+remote+phase,"local_amplitudes,remote_amplitudes,phases",17
8.675,9.670436892181915,,hierarchical,liu_weighted_median__variable_weighted_median,nan,nan,nan,2.396598313690222,nan,nan,nan,11.474776855122926,cs_102621,1a,,True,local+remote+phase,"local_amplitudes,remote_amplitudes,phases",17
8.675,8.468188266179228,,hierarchical,snr_mrc__variable_mrc,nan,nan,nan,0.6546238769588069,nan,nan,nan,2.3839969316515632,cs_102621,1a,,True,local+remote+phase,"local_amplitudes,remote_amplitudes,phases",17
8.675,9.50424590381127,,hierarchical,hierarchical_quality_fusion,nan,nan,nan,0.6249736434924221,nan,nan,nan,9.559030591484376,cs_102621,1a,,True,local+remote+phase,"local_amplitudes,remote_amplitudes,phases",17
8.675,9.995761995665672,,variable,variable_equal_average,nan,nan,nan,0.6241050902539883,nan,nan,nan,15.22492214023829,cs_102621,1a,,True,local+remote+phase,"local_amplitudes,remote_amplitudes,phases",18
8.675,9.659240249484885,,variable,variable_quality_weighted,nan,nan,nan,0.6241050902539883,nan,nan,nan,11.345708927779642,cs_102621,1a,,True,local+remote+phase,"local_amplitudes,remote_amplitudes,phases",18
8.675,9.310880739229702,,variable,variable_weighted_median,nan,nan,nan,0.6241050902539883,nan,nan,nan,7.33003733982365,cs_102621,1a,,True,local+remote+phase,"local_amplitudes,remote_amplitudes,phases",18
8.675,8.189715348492962,,variable,variable_mrc,nan,nan,nan,0.6241050902539883,nan,nan,nan,5.594059383366439,cs_102621,1a,,True,local+remote+phase,"local_amplitudes,remote_amplitudes,phases",18
8.675,8.309727330415987,,variable,adaptive_selection,nan,nan,nan,0.6241050902539883,nan,nan,nan,4.21063596062264,cs_102621,1a,local_amplitudes,True,local+remote+phase,"local_amplitudes,remote_amplitudes,phases",18
8.675,8.360356371750111,,hierarchical,best_tone__adaptive_selection,nan,nan,nan,0.6668313386696046,nan,nan,nan,3.627015887606797,cs_102621,1a,local_amplitudes,True,local+remote+phase,"local_amplitudes,remote_amplitudes,phases",18
8.675,9.584721980586343,,hierarchical,liu_weighted_median__variable_weighted_median,nan,nan,nan,2.4270753741494597,nan,nan,nan,10.486708709929013,cs_102621,1a,,True,local+remote+phase,"local_amplitudes,remote_amplitudes,phases",18
8.675,8.443307531197664,,hierarchical,snr_mrc__variable_mrc,nan,nan,nan,0.6389305256031208,nan,nan,nan,2.670806556799265,cs_102621,1a,,True,local+remote+phase,"local_amplitudes,remote_amplitudes,phases",18
8.675,9.659240249484885,,hierarchical,hierarchical_quality_fusion,nan,nan,nan,0.6241050902539883,nan,nan,nan,11.345708927779642,cs_102621,1a,,True,local+remote+phase,"local_amplitudes,remote_amplitudes,phases",18
8.675,10.199306118591828,,variable,variable_equal_average,nan,nan,nan,0.6558701690289519,nan,nan,nan,17.571252087513855,cs_102621,1a,,True,local+remote+phase,"local_amplitudes,remote_amplitudes,phases",19
8.675,9.924431636877818,,variable,variable_quality_weighted,nan,nan,nan,0.6558701690289519,nan,nan,nan,14.40267016573853,cs_102621,1a,,True,local+remote+phase,"local_amplitudes,remote_amplitudes,phases",19
8.675,9.260009574295374,,variable,variable_weighted_median,nan,nan,nan,0.6558701690289519,nan,nan,nan,6.743626216661363,cs_102621,1a,,True,local+remote+phase,"local_amplitudes,remote_amplitudes,phases",19
8.675,7.856615741012275,,variable,variable_mrc,nan,nan,nan,0.6558701690289519,nan,nan,nan,9.4338243110977,cs_102621,1a,,True,local+remote+phase,"local_amplitudes,remote_amplitudes,phases",19
8.675,8.27240406904334,,variable,adaptive_selection,nan,nan,nan,0.6558701690289519,nan,nan,nan,4.640875284803007,cs_102621,1a,local_amplitudes,True,local+remote+phase,"local_amplitudes,remote_amplitudes,phases",19
8.675,11.059139121566147,,hierarchical,best_tone__adaptive_selection,nan,nan,nan,0.6705867252042027,nan,nan,nan,27.482871718341745,cs_102621,1a,local_amplitudes,True,local+remote+phase,"local_amplitudes,remote_amplitudes,phases",19
8.675,9.645825675524355,,hierarchical,liu_weighted_median__variable_weighted_median,nan,nan,nan,2.4235417089699927,nan,nan,nan,11.191074069445005,cs_102621,1a,,True,local+remote+phase,"local_amplitudes,remote_amplitudes,phases",19
8.675,8.49102652762674,,hierarchical,snr_mrc__variable_mrc,nan,nan,nan,0.6195809445656697,nan,nan,nan,2.120731670008766,cs_102621,1a,,True,local+remote+phase,"local_amplitudes,remote_amplitudes,phases",19
8.675,9.924431636877818,,hierarchical,hierarchical_quality_fusion,nan,nan,nan,0.6558701690289519,nan,nan,nan,14.40267016573853,cs_102621,1a,,True,local+remote+phase,"local_amplitudes,remote_amplitudes,phases",19
8.675,10.412322000345632,,variable,variable_equal_average,nan,nan,nan,0.6700289843076642,nan,nan,nan,20.026766574589413,cs_102621,1a,,True,local+remote+phase,"local_amplitudes,remote_amplitudes,phases",20
8.675,10.15894550283445,,variable,variable_quality_weighted,nan,nan,nan,0.6700289843076642,nan,nan,nan,17.106000032673773,cs_102621,1a,,True,local+remote+phase,"local_amplitudes,remote_amplitudes,phases",20
8.675,9.301197353639955,,variable,variable_weighted_median,nan,nan,nan,0.6700289843076642,nan,nan,nan,7.2184132984432745,cs_102621,1a,,True,local+remote+phase,"local_amplitudes,remote_amplitudes,phases",20
8.675,7.8968076272270835,,variable,variable_mrc,nan,nan,nan,0.6700289843076642,nan,nan,nan,8.970517265393857,cs_102621,1a,,True,local+remote+phase,"local_amplitudes,remote_amplitudes,phases",20
8.675,8.482404484694431,,variable,adaptive_selection,nan,nan,nan,0.6700289843076642,nan,nan,nan,2.220121213897056,cs_102621,1a,local_amplitudes,True,local+remote+phase,"local_amplitudes,remote_amplitudes,phases",20
8.675,11.18620349977514,,hierarchical,best_tone__adaptive_selection,nan,nan,nan,0.6782409271098803,nan,nan,nan,28.947590775505923,cs_102621,1a,local_amplitudes,True,local+remote+phase,"local_amplitudes,remote_amplitudes,phases",20
8.675,9.768413706961812,,hierarchical,liu_weighted_median__variable_weighted_median,nan,nan,nan,2.4912778133989777,nan,nan,nan,12.604192587456042,cs_102621,1a,,True,local+remote+phase,"local_amplitudes,remote_amplitudes,phases",20
8.675,8.577140449600021,,hierarchical,snr_mrc__variable_mrc,nan,nan,nan,0.6177792923959549,nan,nan,nan,1.1280639815559597,cs_102621,1a,,True,local+remote+phase,"local_amplitudes,remote_amplitudes,phases",20
8.675,10.15894550283445,,hierarchical,hierarchical_quality_fusion,nan,nan,nan,0.6700289843076642,nan,nan,nan,17.106000032673773,cs_102621,1a,,True,local+remote+phase,"local_amplitudes,remote_amplitudes,phases",20
8.675,10.52559068513679,,variable,variable_equal_average,nan,nan,nan,0.664534312851213,nan,nan,nan,21.33245746555376,cs_102621,1a,,True,local+remote+phase,"local_amplitudes,remote_amplitudes,phases",21
8.675,10.24484869429889,,variable,variable_quality_weighted,nan,nan,nan,0.664534312851213,nan,nan,nan,18.096238550995835,cs_102621,1a,,True,local+remote+phase,"local_amplitudes,remote_amplitudes,phases",21
8.675,9.366433466907425,,variable,variable_weighted_median,nan,nan,nan,0.664534312851213,nan,nan,nan,7.970414604120169,cs_102621,1a,,True,local+remote+phase,"local_amplitudes,remote_amplitudes,phases",21
8.675,8.1521329776168,,variable,variable_mrc,nan,nan,nan,0.664534312851213,nan,nan,nan,6.027285560613265,cs_102621,1a,,True,local+remote+phase,"local_amplitudes,remote_amplitudes,phases",21
8.675,8.619640676239865,,variable,adaptive_selection,nan,nan,nan,0.664534312851213,nan,nan,nan,0.6381478243243364,cs_102621,1a,local_amplitudes,True,local+remote+phase,"local_amplitudes,remote_amplitudes,phases",21
8.675,8.222298956559028,,hierarchical,best_tone__adaptive_selection,nan,nan,nan,0.684147427789048,nan,nan,nan,5.218455832172597,cs_102621,1a,local_amplitudes,True,local+remote+phase,"local_amplitudes,remote_amplitudes,phases",21
8.675,9.815977148769306,,hierarchical,liu_weighted_median__variable_weighted_median,nan,nan,nan,2.4996510972969475,nan,nan,nan,13.152474337398335,cs_102621,1a,,True,local+remote+phase,"local_amplitudes,remote_amplitudes,phases",21
8.675,8.634288420999262,,hierarchical,snr_mrc__variable_mrc,nan,nan,nan,0.6291929077479033,nan,nan,nan,0.4692977406425228,cs_102621,1a,,True,local+remote+phase,"local_amplitudes,remote_amplitudes,phases",21
8.675,10.24484869429889,,hierarchical,hierarchical_quality_fusion,nan,nan,nan,0.664534312851213,nan,nan,nan,18.096238550995835,cs_102621,1a,,True,local+remote+phase,"local_amplitudes,remote_amplitudes,phases",21
8.675,10.568766955357658,,variable,variable_equal_average,nan,nan,nan,0.6583241398892138,nan,nan,nan,21.83016663236492,cs_102621,1a,,True,local+remote+phase,"local_amplitudes,remote_amplitudes,phases",22
8.675,10.26040325748758,,variable,variable_quality_weighted,nan,nan,nan,0.6583241398892138,nan,nan,nan,18.275541873055666,cs_102621,1a,,True,local+remote+phase,"local_amplitudes,remote_amplitudes,phases",22
8.675,9.487787747917992,,variable,variable_weighted_median,nan,nan,nan,0.6583241398892138,nan,nan,nan,9.369311215192976,cs_102621,1a,,True,local+remote+phase,"local_amplitudes,remote_amplitudes,phases",22
8.675,8.413806336836927,,variable,variable_mrc,nan,nan,nan,0.6583241398892138,nan,nan,nan,3.0108779615339865,cs_102621,1a,,True,local+remote+phase,"local_amplitudes,remote_amplitudes,phases",22
8.675,8.7822977155062,,variable,adaptive_selection,nan,nan,nan,0.6583241398892138,nan,nan,nan,1.2368612738466762,cs_102621,1a,local_amplitudes,True,local+remote+phase,"local_amplitudes,remote_amplitudes,phases",22
8.675,8.304437216264729,,hierarchical,best_tone__adaptive_selection,nan,nan,nan,0.6904089710052341,nan,nan,nan,4.271617103576621,cs_102621,1a,local_amplitudes,True,local+remote+phase,"local_amplitudes,remote_amplitudes,phases",22
8.675,9.869292601153486,,hierarchical,liu_weighted_median__variable_weighted_median,nan,nan,nan,2.530970528279011,nan,nan,nan,13.767061684766398,cs_102621,1a,,True,local+remote+phase,"local_amplitudes,remote_amplitudes,phases",22
8.675,8.65562208108683,,hierarchical,snr_mrc__variable_mrc,nan,nan,nan,0.6362060169728028,nan,nan,nan,0.22337658689533116,cs_102621,1a,,True,local+remote+phase,"local_amplitudes,remote_amplitudes,phases",22
8.675,10.26040325748758,,hierarchical,hierarchical_quality_fusion,nan,nan,nan,0.6583241398892138,nan,nan,nan,18.275541873055666,cs_102621,1a,,True,local+remote+phase,"local_amplitudes,remote_amplitudes,phases",22
8.675,10.424360912108456,,variable,variable_equal_average,nan,nan,nan,0.6353255278060743,nan,nan,nan,20.165543655428884,cs_102621,1a,,True,local+remote+phase,"local_amplitudes,remote_amplitudes,phases",23
8.675,10.060636362278885,,variable,variable_quality_weighted,nan,nan,nan,0.6353255278060743,nan,nan,nan,15.972753455664368,cs_102621,1a,,True,local+remote+phase,"local_amplitudes,remote_amplitudes,phases",23
8.675,9.521229995969115,,variable,variable_weighted_median,nan,nan,nan,0.6353255278060743,nan,nan,nan,9.754812633649733,cs_102621,1a,,True,local+remote+phase,"local_amplitudes,remote_amplitudes,phases",23
8.675,8.697343416382179,,variable,variable_mrc,nan,nan,nan,0.6353255278060743,nan,nan,nan,0.2575609957599752,cs_102621,1a,,True,local+remote+phase,"local_amplitudes,remote_amplitudes,phases",23
8.675,8.897350414337584,,variable,adaptive_selection,nan,nan,nan,0.6353255278060743,nan,nan,nan,2.5631171681565807,cs_102621,1a,local_amplitudes,True,local+remote+phase,"local_amplitudes,remote_amplitudes,phases",23
8.675,8.439982390754187,,hierarchical,best_tone__adaptive_selection,nan,nan,nan,0.6941844598598351,nan,nan,nan,2.7091367060036173,cs_102621,1a,local_amplitudes,True,local+remote+phase,"local_amplitudes,remote_amplitudes,phases",23
8.675,9.976103201747284,,hierarchical,liu_weighted_median__variable_weighted_median,nan,nan,nan,2.543474011480465,nan,nan,nan,14.998307801121419,cs_102621,1a,,True,local+remote+phase,"local_amplitudes,remote_amplitudes,phases",23
8.675,8.477101233573775,,hierarchical,snr_mrc__variable_mrc,nan,nan,nan,0.668229163213547,nan,nan,nan,2.2812537916567828,cs_102621,1a,,True,local+remote+phase,"local_amplitudes,remote_amplitudes,phases",23
8.675,10.060636362278885,,hierarchical,hierarchical_quality_fusion,nan,nan,nan,0.6353255278060743,nan,nan,nan,15.972753455664368,cs_102621,1a,,True,local+remote+phase,"local_amplitudes,remote_amplitudes,phases",23
8.675,10.046284688344604,,variable,variable_equal_average,nan,nan,nan,0.6228444590528409,nan,nan,nan,15.807316292156814,cs_102621,1a,,True,local+remote+phase,"local_amplitudes,remote_amplitudes,phases",24
8.675,9.807515196955853,,variable,variable_quality_weighted,nan,nan,nan,0.6228444590528409,nan,nan,nan,13.054930224274951,cs_102621,1a,,True,local+remote+phase,"local_amplitudes,remote_amplitudes,phases",24
8.675,9.528968002831698,,variable,variable_weighted_median,nan,nan,nan,0.6228444590528409,nan,nan,nan,9.844011560019569,cs_102621,1a,,True,local+remote+phase,"local_amplitudes,remote_amplitudes,phases",24
8.675,8.993521816312663,,variable,variable_mrc,nan,nan,nan,0.6228444590528409,nan,nan,nan,3.6717212255061944,cs_102621,1a,,True,local+remote+phase,"local_amplitudes,remote_amplitudes,phases",24
8.675,8.920353442968171,,variable,adaptive_selection,nan,nan,nan,0.6228444590528409,nan,nan,nan,2.8282817633218476,cs_102621,1a,local_amplitudes,True,local+remote+phase,"local_amplitudes,remote_amplitudes,phases",24
8.675,8.569558334584377,,hierarchical,best_tone__adaptive_selection,nan,nan,nan,0.6953549670099836,nan,nan,nan,1.2154658837535885,cs_102621,1a,local_amplitudes,True,local+remote+phase,"local_amplitudes,remote_amplitudes,phases",24
8.675,10.138969421888667,,hierarchical,liu_weighted_median__variable_weighted_median,nan,nan,nan,2.526926066003066,nan,nan,nan,16.875728206209413,cs_102621,1a,,True,local+remote+phase,"local_amplitudes,remote_amplitudes,phases",24
8.675,11.459814282271944,,hierarchical,snr_mrc__variable_mrc,nan,nan,nan,0.6589005175841632,nan,nan,nan,32.10160555933076,cs_102621,1a,,True,local+remote+phase,"local_amplitudes,remote_amplitudes,phases",24
8.675,9.807515196955853,,hierarchical,hierarchical_quality_fusion,nan,nan,nan,0.6228444590528409,nan,nan,nan,13.054930224274951,cs_102621,1a,,True,local+remote+phase,"local_amplitudes,remote_amplitudes,phases",24
8.675,9.638897977528751,,variable,variable_equal_average,nan,nan,nan,0.5971553701119984,nan,nan,nan,11.111215879293955,cs_102621,1b,,True,local+remote+phase,"local_amplitudes,remote_amplitudes,phases",0
8.675,9.575569707717959,,variable,variable_quality_weighted,nan,nan,nan,0.5971553701119984,nan,nan,nan,10.381207005394327,cs_102621,1b,,True,local+remote+phase,"local_amplitudes,remote_amplitudes,phases",0
8.675,9.613663447971723,,variable,variable_weighted_median,nan,nan,nan,0.5971553701119984,nan,nan,nan,10.820327930509762,cs_102621,1b,,True,local+remote+phase,"local_amplitudes,remote_amplitudes,phases",0
8.675,9.291100823440235,,variable,variable_mrc,nan,nan,nan,0.5971553701119984,nan,nan,nan,7.102026783172732,cs_102621,1b,,True,local+remote+phase,"local_amplitudes,remote_amplitudes,phases",0
8.675,9.272896071413824,,variable,adaptive_selection,nan,nan,nan,0.5971553701119984,nan,nan,nan,6.892173733876921,cs_102621,1b,local_amplitudes,True,local+remote+phase,"local_amplitudes,remote_amplitudes,phases",0
8.675,9.831924167867342,,hierarchical,best_tone__adaptive_selection,nan,nan,nan,0.6527234737505757,nan,nan,nan,13.33630164688578,cs_102621,1b,local_amplitudes,True,local+remote+phase,"local_amplitudes,remote_amplitudes,phases",0
8.675,9.495101656455349,,hierarchical,liu_weighted_median__variable_weighted_median,nan,nan,nan,2.2711319643318815,nan,nan,nan,9.453621400061648,cs_102621,1b,,True,local+remote+phase,"local_amplitudes,remote_amplitudes,phases",0
8.675,8.573251440901494,,hierarchical,snr_mrc__variable_mrc,nan,nan,nan,0.6473854452815938,nan,nan,nan,1.1728940530087235,cs_102621,1b,,True,local+remote+phase,"local_amplitudes,remote_amplitudes,phases",0
8.675,9.575569707717959,,hierarchical,hierarchical_quality_fusion,nan,nan,nan,0.5971553701119984,nan,nan,nan,10.381207005394327,cs_102621,1b,,True,local+remote+phase,"local_amplitudes,remote_amplitudes,phases",0
8.675,9.696999390243944,,variable,variable_equal_average,nan,nan,nan,0.6340871776610216,nan,nan,nan,11.780972798201072,cs_102621,1b,,True,local+remote+phase,"local_amplitudes,remote_amplitudes,phases",1
8.675,9.658371474077908,,variable,variable_quality_weighted,nan,nan,nan,0.6340871776610216,nan,nan,nan,11.33569422568193,cs_102621,1b,,True,local+remote+phase,"local_amplitudes,remote_amplitudes,phases",1
8.675,9.84145181440503,,variable,variable_weighted_median,nan,nan,nan,0.6340871776610216,nan,nan,nan,13.4461304254182,cs_102621,1b,,True,local+remote+phase,"local_amplitudes,remote_amplitudes,phases",1
8.675,9.43628793832712,,variable,variable_mrc,nan,nan,nan,0.6340871776610216,nan,nan,nan,8.775653467747762,cs_102621,1b,,True,local+remote+phase,"local_amplitudes,remote_amplitudes,phases",1
8.675,9.349705515484287,,variable,adaptive_selection,nan,nan,nan,0.6340871776610216,nan,nan,nan,7.777585192902429,cs_102621,1b,local_amplitudes,True,local+remote+phase,"local_amplitudes,remote_amplitudes,phases",1
8.675,8.372438975103355,,hierarchical,best_tone__adaptive_selection,nan,nan,nan,0.6828189853638348,nan,nan,nan,3.4877351573100337,cs_102621,1b,local_amplitudes,True,local+remote+phase,"local_amplitudes,remote_amplitudes,phases",1
8.675,9.542505938638934,,hierarchical,liu_weighted_median__variable_weighted_median,nan,nan,nan,2.649431591045673,nan,nan,nan,10.000068456932947,cs_102621,1b,,True,local+remote+phase,"local_amplitudes,remote_amplitudes,phases",1
8.675,8.61165619108414,,hierarchical,snr_mrc__variable_mrc,nan,nan,nan,0.6620537179491074,nan,nan,nan,0.730187999030089,cs_102621,1b,,True,local+remote+phase,"local_amplitudes,remote_amplitudes,phases",1
8.675,9.658371474077908,,hierarchical,hierarchical_quality_fusion,nan,nan,nan,0.6340871776610216,nan,nan,nan,11.33569422568193,cs_102621,1b,,True,local+remote+phase,"local_amplitudes,remote_amplitudes,phases",1
8.675,9.786665340726897,,variable,variable_equal_average,nan,nan,nan,0.6717315400471454,nan,nan,nan,12.8145860602524,cs_102621,1b,,True,local+remote+phase,"local_amplitudes,remote_amplitudes,phases",2
8.675,9.766396049697851,,variable,variable_quality_weighted,nan,nan,nan,0.6717315400471454,nan,nan,nan,12.580934290465137,cs_102621,1b,,True,local+remote+phase,"local_amplitudes,remote_amplitudes,phases",2
8.675,9.8772409979429,,variable,variable_weighted_median,nan,nan,nan,0.6717315400471454,nan,nan,nan,13.858685855249561,cs_102621,1b,,True,local+remote+phase,"local_amplitudes,remote_amplitudes,phases",2
8.675,9.65821926340277,,variable,variable_mrc,nan,nan,nan,0.6717315400471454,nan,nan,nan,11.333939635766798,cs_102621,1b,,True,local+remote+phase,"local_amplitudes,remote_amplitudes,phases",2
8.675,9.502292383957913,,variable,adaptive_selection,nan,nan,nan,0.6717315400471454,nan,nan,nan,9.53651163063876,cs_102621,1b,local_amplitudes,True,local+remote+phase,"local_amplitudes,remote_amplitudes,phases",2
8.675,8.369243535448431,,hierarchical,best_tone__adaptive_selection,nan,nan,nan,0.6974607082410351,nan,nan,nan,3.524570196559877,cs_102621,1b,local_amplitudes,True,local+remote+phase,"local_amplitudes,remote_amplitudes,phases",2
8.675,9.781638624765241,,hierarchical,liu_weighted_median__variable_weighted_median,nan,nan,nan,2.8762928224460587,nan,nan,nan,12.756641207668478,cs_102621,1b,,True,local+remote+phase,"local_amplitudes,remote_amplitudes,phases",2
8.675,8.778940489777106,,hierarchical,snr_mrc__variable_mrc,nan,nan,nan,0.6812223064422057,nan,nan,nan,1.1981612654421403,cs_102621,1b,,True,local+remote+phase,"local_amplitudes,remote_amplitudes,phases",2
8.675,9.766396049697851,,hierarchical,hierarchical_quality_fusion,nan,nan,nan,0.6717315400471454,nan,nan,nan,12.580934290465137,cs_102621,1b,,True,local+remote+phase,"local_amplitudes,remote_amplitudes,phases",2
8.675,9.756775343986883,,variable,variable_equal_average,nan,nan,nan,0.694671787305699,nan,nan,nan,12.470032783710455,cs_102621,1b,,True,local+remote+phase,"local_amplitudes,remote_amplitudes,phases",3
8.675,9.746265109930672,,variable,variable_quality_weighted,nan,nan,nan,0.694671787305699,nan,nan,nan,12.348877347903988,cs_102621,1b,,True,local+remote+phase,"local_amplitudes,remote_amplitudes,phases",3
8.675,9.749113851899892,,variable,variable_weighted_median,nan,nan,nan,0.694671787305699,nan,nan,nan,12.38171587204486,cs_102621,1b,,True,local+remote+phase,"local_amplitudes,remote_amplitudes,phases",3
8.675,9.688290076051056,,variable,variable_mrc,nan,nan,nan,0.694671787305699,nan,nan,nan,11.6805772455453,cs_102621,1b,,True,local+remote+phase,"local_amplitudes,remote_amplitudes,phases",3
8.675,9.564850322639508,,variable,adaptive_selection,nan,nan,nan,0.694671787305699,nan,nan,nan,10.257640606795471,cs_102621,1b,local_amplitudes,True,local+remote+phase,"local_amplitudes,remote_amplitudes,phases",3
8.675,8.38219902444609,,hierarchical,best_tone__adaptive_selection,nan,nan,nan,0.6969915188571463,nan,nan,nan,3.3752273839067564,cs_102621,1b,local_amplitudes,True,local+remote+phase,"local_amplitudes,remote_amplitudes,phases",3
8.675,9.809084344581079,,hierarchical,liu_weighted_median__variable_weighted_median,nan,nan,nan,2.8931899707724775,nan,nan,nan,13.073018381338072,cs_102621,1b,,True,local+remote+phase,"local_amplitudes,remote_amplitudes,phases",3
8.675,9.032849422421272,,hierarchical,snr_mrc__variable_mrc,nan,nan,nan,0.6896802905078587,nan,nan,nan,4.125065388141453,cs_102621,1b,,True,local+remote+phase,"local_amplitudes,remote_amplitudes,phases",3
8.675,9.746265109930672,,hierarchical,hierarchical_quality_fusion,nan,nan,nan,0.694671787305699,nan,nan,nan,12.348877347903988,cs_102621,1b,,True,local+remote+phase,"local_amplitudes,remote_amplitudes,phases",3
8.675,9.684144029158494,,variable,variable_equal_average,nan,nan,nan,0.6819555837685964,nan,nan,nan,11.63278419779243,cs_102621,1b,,True,local+remote+phase,"local_amplitudes,remote_amplitudes,phases",4
8.675,9.673733237985575,,variable,variable_quality_weighted,nan,nan,nan,0.6819555837685964,nan,nan,nan,11.512775077643504,cs_102621,1b,,True,local+remote+phase,"local_amplitudes,remote_amplitudes,phases",4
8.675,9.644351811450663,,variable,variable_weighted_median,nan,nan,nan,0.6819555837685964,nan,nan,nan,11.17408428185202,cs_102621,1b,,True,local+remote+phase,"local_amplitudes,remote_amplitudes,phases",4
8.675,9.632274560780989,,variable,variable_mrc,nan,nan,nan,0.6819555837685964,nan,nan,nan,11.034865253959513,cs_102621,1b,,True,local+remote+phase,"local_amplitudes,remote_amplitudes,phases",4
8.675,9.56550369756814,,variable,adaptive_selection,nan,nan,nan,0.6819555837685964,nan,nan,nan,10.265172306260968,cs_102621,1b,local_amplitudes,True,local+remote+phase,"local_amplitudes,remote_amplitudes,phases",4
8.675,8.410768369513196,,hierarchical,best_tone__adaptive_selection,nan,nan,nan,0.6965012889188292,nan,nan,nan,3.045897757772964,cs_102621,1b,local_amplitudes,True,local+remote+phase,"local_amplitudes,remote_amplitudes,phases",4
8.675,9.73480398328484,,hierarchical,liu_weighted_median__variable_weighted_median,nan,nan,nan,2.8750084641050164,nan,nan,nan,12.216760614234454,cs_102621,1b,,True,local+remote+phase,"local_amplitudes,remote_amplitudes,phases",4
8.675,9.107323680353192,,hierarchical,snr_mrc__variable_mrc,nan,nan,nan,0.6965012889188292,nan,nan,nan,4.983558274964736,cs_102621,1b,,True,local+remote+phase,"local_amplitudes,remote_amplitudes,phases",4
8.675,9.673733237985575,,hierarchical,hierarchical_quality_fusion,nan,nan,nan,0.6819555837685964,nan,nan,nan,11.512775077643504,cs_102621,1b,,True,local+remote+phase,"local_amplitudes,remote_amplitudes,phases",4
8.675,9.5397013806231,,variable,variable_equal_average,nan,nan,nan,0.6844147040109098,nan,nan,nan,9.967739257903164,cs_102621,1b,,True,local+remote+phase,"local_amplitudes,remote_amplitudes,phases",5
8.675,9.54185042289644,,variable,variable_quality_weighted,nan,nan,nan,0.6844147040109098,nan,nan,nan,9.992512079497857,cs_102621,1b,,True,local+remote+phase,"local_amplitudes,remote_amplitudes,phases",5
8.675,9.547364173711545,,variable,variable_weighted_median,nan,nan,nan,0.6844147040109098,nan,nan,nan,10.056071166703676,cs_102621,1b,,True,local+remote+phase,"local_amplitudes,remote_amplitudes,phases",5
8.675,9.579950314296592,,variable,variable_mrc,nan,nan,nan,0.6844147040109098,nan,nan,nan,10.431703911199905,cs_102621,1b,,True,local+remote+phase,"local_amplitudes,remote_amplitudes,phases",5
8.675,9.547364173711545,,variable,adaptive_selection,nan,nan,nan,0.6844147040109098,nan,nan,nan,10.056071166703676,cs_102621,1b,local_amplitudes,True,local+remote+phase,"local_amplitudes,remote_amplitudes,phases",5
8.675,8.467905794926692,,hierarchical,best_tone__adaptive_selection,nan,nan,nan,0.7034986121523765,nan,nan,nan,2.3872530844185484,cs_102621,1b,local_amplitudes,True,local+remote+phase,"local_amplitudes,remote_amplitudes,phases",5
8.675,9.708280490088564,,hierarchical,liu_weighted_median__variable_weighted_median,nan,nan,nan,2.942761523105817,nan,nan,nan,11.911014294969027,cs_102621,1b,,True,local+remote+phase,"local_amplitudes,remote_amplitudes,phases",5
8.675,8.945786696945698,,hierarchical,snr_mrc__variable_mrc,nan,nan,nan,0.7034986121523765,nan,nan,nan,3.1214604835238835,cs_102621,1b,,True,local+remote+phase,"local_amplitudes,remote_amplitudes,phases",5
8.675,9.54185042289644,,hierarchical,hierarchical_quality_fusion,nan,nan,nan,0.6844147040109098,nan,nan,nan,9.992512079497857,cs_102621,1b,,True,local+remote+phase,"local_amplitudes,remote_amplitudes,phases",5
8.675,9.333417610129269,,variable,variable_equal_average,nan,nan,nan,0.6859747997891024,nan,nan,nan,7.589828358838824,cs_102621,1b,,True,local+remote+phase,"local_amplitudes,remote_amplitudes,phases",6
8.675,9.352497168806341,,variable,variable_quality_weighted,nan,nan,nan,0.6859747997891024,nan,nan,nan,7.80976563465522,cs_102621,1b,,True,local+remote+phase,"local_amplitudes,remote_amplitudes,phases",6
8.675,9.47446843178003,,variable,variable_weighted_median,nan,nan,nan,0.6859747997891024,nan,nan,nan,9.215774429740973,cs_102621,1b,,True,local+remote+phase,"local_amplitudes,remote_amplitudes,phases",6
8.675,9.503676136527282,,variable,variable_mrc,nan,nan,nan,0.6859747997891024,nan,nan,nan,9.55246266890238,cs_102621,1b,,True,local+remote+phase,"local_amplitudes,remote_amplitudes,phases",6
8.675,9.47446843178003,,variable,adaptive_selection,nan,nan,nan,0.6859747997891024,nan,nan,nan,9.215774429740973,cs_102621,1b,local_amplitudes,True,local+remote+phase,"local_amplitudes,remote_amplitudes,phases",6
8.675,8.519216576764391,,hierarchical,best_tone__adaptive_selection,nan,nan,nan,0.703791156300985,nan,nan,nan,1.795774331246221,cs_102621,1b,local_amplitudes,True,local+remote+phase,"local_amplitudes,remote_amplitudes,phases",6
8.675,9.722863011735384,,hierarchical,liu_weighted_median__variable_weighted_median,nan,nan,nan,2.913046753522206,nan,nan,nan,12.079112527209034,cs_102621,1b,,True,local+remote+phase,"local_amplitudes,remote_amplitudes,phases",6
8.675,8.834566370152585,,hierarchical,snr_mrc__variable_mrc,nan,nan,nan,0.703791156300985,nan,nan,nan,1.8393817885024093,cs_102621,1b,,True,local+remote+phase,"local_amplitudes,remote_amplitudes,phases",6
8.675,9.352497168806341,,hierarchical,hierarchical_quality_fusion,nan,nan,nan,0.6859747997891024,nan,nan,nan,7.80976563465522,cs_102621,1b,,True,local+remote+phase,"local_amplitudes,remote_amplitudes,phases",6
8.675,9.145329623731243,,variable,variable_equal_average,nan,nan,nan,0.6955534936438447,nan,nan,nan,5.421667132348613,cs_102621,1b,,True,local+remote+phase,"local_amplitudes,remote_amplitudes,phases",7
8.675,9.169383787318196,,variable,variable_quality_weighted,nan,nan,nan,0.6955534936438447,nan,nan,nan,5.698948556982081,cs_102621,1b,,True,local+remote+phase,"local_amplitudes,remote_amplitudes,phases",7
8.675,9.392066580956618,,variable,variable_weighted_median,nan,nan,nan,0.6955534936438447,nan,nan,nan,8.26589718681979,cs_102621,1b,,True,local+remote+phase,"local_amplitudes,remote_amplitudes,phases",7
8.675,9.431439439971726,,variable,variable_mrc,nan,nan,nan,0.6955534936438447,nan,nan,nan,8.71976299679222,cs_102621,1b,,True,local+remote+phase,"local_amplitudes,remote_amplitudes,phases",7
8.675,9.392066580956618,,variable,adaptive_selection,nan,nan,nan,0.6955534936438447,nan,nan,nan,8.26589718681979,cs_102621,1b,local_amplitudes,True,local+remote+phase,"local_amplitudes,remote_amplitudes,phases",7
8.675,8.51031145112105,,hierarchical,best_tone__adaptive_selection,nan,nan,nan,0.6999402248073401,nan,nan,nan,1.8984270764144222,cs_102621,1b,local_amplitudes,True,local+remote+phase,"local_amplitudes,remote_amplitudes,phases",7
8.675,9.765543849503135,,hierarchical,liu_weighted_median__variable_weighted_median,nan,nan,nan,2.8650593144375556,nan,nan,nan,12.571110657096654,cs_102621,1b,,True,local+remote+phase,"local_amplitudes,remote_amplitudes,phases",7
8.675,8.799532076105486,,hierarchical,snr_mrc__variable_mrc,nan,nan,nan,0.6999402248073401,nan,nan,nan,1.4355282548182695,cs_102621,1b,,True,local+remote+phase,"local_amplitudes,remote_amplitudes,phases",7
8.675,9.169383787318196,,hierarchical,hierarchical_quality_fusion,nan,nan,nan,0.6955534936438447,nan,nan,nan,5.698948556982081,cs_102621,1b,,True,local+remote+phase,"local_amplitudes,remote_amplitudes,phases",7
8.675,8.965254296331041,,variable,variable_equal_average,nan,nan,nan,0.6947036787456597,nan,nan,nan,3.3458708510782773,cs_102621,1b,,True,local+remote+phase,"local_amplitudes,remote_amplitudes,phases",8
8.675,8.99321326032398,,variable,variable_quality_weighted,nan,nan,nan,0.6947036787456597,nan,nan,nan,3.66816438413809,cs_102621,1b,,True,local+remote+phase,"local_amplitudes,remote_amplitudes,phases",8
8.675,9.318067025778463,,variable,variable_weighted_median,nan,nan,nan,0.6947036787456597,nan,nan,nan,7.412876377849709,cs_102621,1b,,True,local+remote+phase,"local_amplitudes,remote_amplitudes,phases",8
8.675,9.387092626995788,,variable,variable_mrc,nan,nan,nan,0.6947036787456597,nan,nan,nan,8.208560541738178,cs_102621,1b,,True,local+remote+phase,"local_amplitudes,remote_amplitudes,phases",8
8.675,9.318067025778463,,variable,adaptive_selection,nan,nan,nan,0.6947036787456597,nan,nan,nan,7.412876377849709,cs_102621,1b,local_amplitudes,True,local+remote+phase,"local_amplitudes,remote_amplitudes,phases",8
8.675,8.468960960239523,,hierarchical,best_tone__adaptive_selection,nan,nan,nan,0.6947036787456597,nan,nan,nan,2.3750897955098336,cs_102621,1b,local_amplitudes,True,local+remote+phase,"local_amplitudes,remote_amplitudes,phases",8
8.675,9.660591538926955,,hierarchical,liu_weighted_median__variable_weighted_median,nan,nan,nan,2.8261501544138237,nan,nan,nan,11.361285751319354,cs_102621,1b,,True,local+remote+phase,"local_amplitudes,remote_amplitudes,phases",8
8.675,8.859550060055001,,hierarchical,snr_mrc__variable_mrc,nan,nan,nan,0.6947036787456597,nan,nan,nan,2.1273782138904984,cs_102621,1b,,True,local+remote+phase,"local_amplitudes,remote_amplitudes,phases",8
8.675,8.99321326032398,,hierarchical,hierarchical_quality_fusion,nan,nan,nan,0.6947036787456597,nan,nan,nan,3.66816438413809,cs_102621,1b,,True,local+remote+phase,"local_amplitudes,remote_amplitudes,phases",8
8.675,8.833756582540781,,variable,variable_equal_average,nan,nan,nan,0.7016064039655022,nan,nan,nan,1.8300470609888229,cs_102621,1b,,True,local+remote+phase,"local_amplitudes,remote_amplitudes,phases",9
8.675,8.878264438874766,,variable,variable_quality_weighted,nan,nan,nan,0.7016064039655022,nan,nan,nan,2.3431059236284133,cs_102621,1b,,True,local+remote+phase,"local_amplitudes,remote_amplitudes,phases",9
8.675,9.245716549379313,,variable,variable_weighted_median,nan,nan,nan,0.7016064039655022,nan,nan,nan,6.578865122528099,cs_102621,1b,,True,local+remote+phase,"local_amplitudes,remote_amplitudes,phases",9
8.675,9.351825834303582,,variable,variable_mrc,nan,nan,nan,0.7016064039655022,nan,nan,nan,7.802026908398636,cs_102621,1b,,True,local+remote+phase,"local_amplitudes,remote_amplitudes,phases",9
8.675,9.245716549379313,,variable,adaptive_selection,nan,nan,nan,0.7016064039655022,nan,nan,nan,6.578865122528099,cs_102621,1b,local_amplitudes,True,local+remote+phase,"local_amplitudes,remote_amplitudes,phases",9
8.675,8.388325632386804,,hierarchical,best_tone__adaptive_selection,nan,nan,nan,0.7016064039655022,nan,nan,nan,3.3046036612472207,cs_102621,1b,local_amplitudes,True,local+remote+phase,"local_amplitudes,remote_amplitudes,phases",9
8.675,9.604537067394043,,hierarchical,liu_weighted_median__variable_weighted_median,nan,nan,nan,2.859789020465417,nan,nan,nan,10.715124696184922,cs_102621,1b,,True,local+remote+phase,"local_amplitudes,remote_amplitudes,phases",9
8.675,8.830250849784505,,hierarchical,snr_mrc__variable_mrc,nan,nan,nan,0.7016064039655022,nan,nan,nan,1.7896351560173447,cs_102621,1b,,True,local+remote+phase,"local_amplitudes,remote_amplitudes,phases",9
8.675,8.878264438874766,,hierarchical,hierarchical_quality_fusion,nan,nan,nan,0.7016064039655022,nan,nan,nan,2.3431059236284133,cs_102621,1b,,True,local+remote+phase,"local_amplitudes,remote_amplitudes,phases",9
8.675,8.749272101372467,,variable,variable_equal_average,nan,nan,nan,0.6977957874077519,nan,nan,nan,0.8561625518439945,cs_102621,1b,,True,local+remote+phase,"local_amplitudes,remote_amplitudes,phases",10
8.675,8.794340215781805,,variable,variable_quality_weighted,nan,nan,nan,0.6977957874077519,nan,nan,nan,1.375679720827714,cs_102621,1b,,True,local+remote+phase,"local_amplitudes,remote_amplitudes,phases",10
8.675,9.193592721774413,,variable,variable_weighted_median,nan,nan,nan,0.6977957874077519,nan,nan,nan,5.978014083854901,cs_102621,1b,,True,local+remote+phase,"local_amplitudes,remote_amplitudes,phases",10
8.675,9.315741398363883,,variable,variable_mrc,nan,nan,nan,0.6977957874077519,nan,nan,nan,7.3860679926672335,cs_102621,1b,,True,local+remote+phase,"local_amplitudes,remote_amplitudes,phases",10
8.675,9.193592721774413,,variable,adaptive_selection,nan,nan,nan,0.6977957874077519,nan,nan,nan,5.978014083854901,cs_102621,1b,local_amplitudes,True,local+remote+phase,"local_amplitudes,remote_amplitudes,phases",10
8.675,8.271189006559116,,hierarchical,best_tone__adaptive_selection,nan,nan,nan,0.6977957874077519,nan,nan,nan,4.65488176877101,cs_102621,1b,local_amplitudes,True,local+remote+phase,"local_amplitudes,remote_amplitudes,phases",10
8.675,9.685022165861152,,hierarchical,liu_weighted_median__variable_weighted_median,nan,nan,nan,2.7879323689578874,nan,nan,nan,11.642906811079557,cs_102621,1b,,True,local+remote+phase,"local_amplitudes,remote_amplitudes,phases",10
8.675,8.655751467149376,,hierarchical,snr_mrc__variable_mrc,nan,nan,nan,0.6977957874077519,nan,nan,nan,0.2218851049063413,cs_102621,1b,,True,local+remote+phase,"local_amplitudes,remote_amplitudes,phases",10
8.675,8.794340215781805,,hierarchical,hierarchical_quality_fusion,nan,nan,nan,0.6977957874077519,nan,nan,nan,1.375679720827714,cs_102621,1b,,True,local+remote+phase,"local_amplitudes,remote_amplitudes,phases",10
8.675,8.734350154486743,,variable,variable_equal_average,nan,nan,nan,0.6939461435121146,nan,nan,nan,0.6841516367347764,cs_102621,1b,,True,local+remote+phase,"local_amplitudes,remote_amplitudes,phases",11
8.675,8.779697173511895,,variable,variable_quality_weighted,nan,nan,nan,0.6939461435121146,nan,nan,nan,1.2068838445175152,cs_102621,1b,,True,local+remote+phase,"local_amplitudes,remote_amplitudes,phases",11
8.675,9.200767933445798,,variable,variable_weighted_median,nan,nan,nan,0.6939461435121146,nan,nan,nan,6.06072545758844,cs_102621,1b,,True,local+remote+phase,"local_amplitudes,remote_amplitudes,phases",11
8.675,9.332505997506566,,variable,variable_mrc,nan,nan,nan,0.6939461435121146,nan,nan,nan,7.579319855983456,cs_102621,1b,,True,local+remote+phase,"local_amplitudes,remote_amplitudes,phases",11
8.675,9.200767933445798,,variable,adaptive_selection,nan,nan,nan,0.6939461435121146,nan,nan,nan,6.06072545758844,cs_102621,1b,local_amplitudes,True,local+remote+phase,"local_amplitudes,remote_amplitudes,phases",11
8.675,8.189208431707511,,hierarchical,best_tone__adaptive_selection,nan,nan,nan,0.6939461435121146,nan,nan,nan,5.599902804524373,cs_102621,1b,local_amplitudes,True,local+remote+phase,"local_amplitudes,remote_amplitudes,phases",11
8.675,9.527535921805143,,hierarchical,liu_weighted_median__variable_weighted_median,nan,nan,nan,2.7578083234218234,nan,nan,nan,9.827503421384922,cs_102621,1b,,True,local+remote+phase,"local_amplitudes,remote_amplitudes,phases",11
8.675,8.392460883957206,,hierarchical,snr_mrc__variable_mrc,nan,nan,nan,0.6939461435121146,nan,nan,nan,3.2569350552483547,cs_102621,1b,,True,local+remote+phase,"local_amplitudes,remote_amplitudes,phases",11
8.675,8.779697173511895,,hierarchical,hierarchical_quality_fusion,nan,nan,nan,0.6939461435121146,nan,nan,nan,1.2068838445175152,cs_102621,1b,,True,local+remote+phase,"local_amplitudes,remote_amplitudes,phases",11
8.675,8.76746114421868,,variable,variable_equal_average,nan,nan,nan,0.6951540612574783,nan,nan,nan,1.065834515489104,cs_102621,1b,,True,local+remote+phase,"local_amplitudes,remote_amplitudes,phases",12
8.675,8.80898037004153,,variable,variable_quality_weighted,nan,nan,nan,0.6951540612574783,nan,nan,nan,1.5444423059542267,cs_102621,1b,,True,local+remote+phase,"local_amplitudes,remote_amplitudes,phases",12
8.675,9.203547311152558,,variable,variable_weighted_median,nan,nan,nan,0.6951540612574783,nan,nan,nan,6.092764393689424,cs_102621,1b,,True,local+remote+phase,"local_amplitudes,remote_amplitudes,phases",12
8.675,9.349906692581873,,variable,variable_mrc,nan,nan,nan,0.6951540612574783,nan,nan,nan,7.779904237255017,cs_102621,1b,,True,local+remote+phase,"local_amplitudes,remote_amplitudes,phases",12
8.675,9.203547311152558,,variable,adaptive_selection,nan,nan,nan,0.6951540612574783,nan,nan,nan,6.092764393689424,cs_102621,1b,local_amplitudes,True,local+remote+phase,"local_amplitudes,remote_amplitudes,phases",12
8.675,8.164146585649373,,hierarchical,best_tone__adaptive_selection,nan,nan,nan,0.6951540612574783,nan,nan,nan,5.888800165425102,cs_102621,1b,local_amplitudes,True,local+remote+phase,"local_amplitudes,remote_amplitudes,phases",12
8.675,9.41378065114728,,hierarchical,liu_weighted_median__variable_weighted_median,nan,nan,nan,2.730523625976232,nan,nan,nan,8.516203471438368,cs_102621,1b,,True,local+remote+phase,"local_amplitudes,remote_amplitudes,phases",12
8.675,8.220417102937699,,hierarchical,snr_mrc__variable_mrc,nan,nan,nan,0.6951540612574783,nan,nan,nan,5.240148669306075,cs_102621,1b,,True,local+remote+phase,"local_amplitudes,remote_amplitudes,phases",12
8.675,8.80898037004153,,hierarchical,hierarchical_quality_fusion,nan,nan,nan,0.6951540612574783,nan,nan,nan,1.5444423059542267,cs_102621,1b,,True,local+remote+phase,"local_amplitudes,remote_amplitudes,phases",12
8.675,8.82290644385673,,variable,variable_equal_average,nan,nan,nan,0.6796277382588012,nan,nan,nan,1.7049734162159065,cs_102621,1b,,True,local+remote+phase,"local_amplitudes,remote_amplitudes,phases",13
8.675,8.843422441464966,,variable,variable_quality_weighted,nan,nan,nan,0.6796277382588012,nan,nan,nan,1.9414690658785654,cs_102621,1b,,True,local+remote+phase,"local_amplitudes,remote_amplitudes,phases",13
8.675,9.221572312815997,,variable,variable_weighted_median,nan,nan,nan,0.6796277382588012,nan,nan,nan,6.3005453926916015,cs_102621,1b,,True,local+remote+phase,"local_amplitudes,remote_amplitudes,phases",13
8.675,9.392971798377113,,variable,variable_mrc,nan,nan,nan,0.6796277382588012,nan,nan,nan,8.276331969764982,cs_102621,1b,,True,local+remote+phase,"local_amplitudes,remote_amplitudes,phases",13
8.675,9.221572312815997,,variable,adaptive_selection,nan,nan,nan,0.6796277382588012,nan,nan,nan,6.3005453926916015,cs_102621,1b,local_amplitudes,True,local+remote+phase,"local_amplitudes,remote_amplitudes,phases",13
8.675,8.195717801054286,,hierarchical,best_tone__adaptive_selection,nan,nan,nan,0.6993337614435355,nan,nan,nan,5.5248668466364785,cs_102621,1b,local_amplitudes,True,local+remote+phase,"local_amplitudes,remote_amplitudes,phases",13
8.675,9.510698004922018,,hierarchical,liu_weighted_median__variable_weighted_median,nan,nan,nan,2.687748846918197,nan,nan,nan,9.633406396795587,cs_102621,1b,,True,local+remote+phase,"local_amplitudes,remote_amplitudes,phases",13
8.675,8.161418817059097,,hierarchical,snr_mrc__variable_mrc,nan,nan,nan,0.6993337614435355,nan,nan,nan,5.920244183756814,cs_102621,1b,,True,local+remote+phase,"local_amplitudes,remote_amplitudes,phases",13
8.675,8.843422441464966,,hierarchical,hierarchical_quality_fusion,nan,nan,nan,0.6796277382588012,nan,nan,nan,1.9414690658785654,cs_102621,1b,,True,local+remote+phase,"local_amplitudes,remote_amplitudes,phases",13
8.675,8.925495604938723,,variable,variable_equal_average,nan,nan,nan,0.6754564816398562,nan,nan,nan,2.887557405633684,cs_102621,1b,,True,local+remote+phase,"local_amplitudes,remote_amplitudes,phases",14
8.675,8.931999433832972,,variable,variable_quality_weighted,nan,nan,nan,0.6754564816398562,nan,nan,nan,2.96252949663368,cs_102621,1b,,True,local+remote+phase,"local_amplitudes,remote_amplitudes,phases",14
8.675,9.29627503609908,,variable,variable_weighted_median,nan,nan,nan,0.6754564816398562,nan,nan,nan,7.161671885868357,cs_102621,1b,,True,local+remote+phase,"local_amplitudes,remote_amplitudes,phases",14
8.675,9.494658156397348,,variable,variable_mrc,nan,nan,nan,0.6754564816398562,nan,nan,nan,9.448509007462214,cs_102621,1b,,True,local+remote+phase,"local_amplitudes,remote_amplitudes,phases",14
8.675,9.29627503609908,,variable,adaptive_selection,nan,nan,nan,0.6754564816398562,nan,nan,nan,7.161671885868357,cs_102621,1b,local_amplitudes,True,local+remote+phase,"local_amplitudes,remote_amplitudes,phases",14
8.675,8.294682235642853,,hierarchical,best_tone__adaptive_selection,nan,nan,nan,0.7116090226043769,nan,nan,nan,4.384066447921015,cs_102621,1b,local_amplitudes,True,local+remote+phase,"local_amplitudes,remote_amplitudes,phases",14
8.675,9.664929655163691,,hierarchical,liu_weighted_median__variable_weighted_median,nan,nan,nan,2.671931825344372,nan,nan,nan,11.411292854912858,cs_102621,1b,,True,local+remote+phase,"local_amplitudes,remote_amplitudes,phases",14
8.675,8.176617937568478,,hierarchical,snr_mrc__variable_mrc,nan,nan,nan,0.7116090226043769,nan,nan,nan,5.745038183648673,cs_102621,1b,,True,local+remote+phase,"local_amplitudes,remote_amplitudes,phases",14
8.675,8.931999433832972,,hierarchical,hierarchical_quality_fusion,nan,nan,nan,0.6754564816398562,nan,nan,nan,2.96252949663368,cs_102621,1b,,True,local+remote+phase,"local_amplitudes,remote_amplitudes,phases",14
8.675,9.085415501394133,,variable,variable_equal_average,nan,nan,nan,0.6306832918582836,nan,nan,nan,4.731014425292587,cs_102621,1b,,True,local+remote+phase,"local_amplitudes,remote_amplitudes,phases",15
8.675,9.06760856366464,,variable,variable_quality_weighted,nan,nan,nan,0.6306832918582836,nan,nan,nan,4.525747131580858,cs_102621,1b,,True,local+remote+phase,"local_amplitudes,remote_amplitudes,phases",15
8.675,9.523905633680481,,variable,variable_weighted_median,nan,nan,nan,0.6306832918582836,nan,nan,nan,9.785655719659719,cs_102621,1b,,True,local+remote+phase,"local_amplitudes,remote_amplitudes,phases",15
8.675,9.719074232232689,,variable,variable_mrc,nan,nan,nan,0.6306832918582836,nan,nan,nan,12.035437835535312,cs_102621,1b,,True,local+remote+phase,"local_amplitudes,remote_amplitudes,phases",15
8.675,9.523905633680481,,variable,adaptive_selection,nan,nan,nan,0.6306832918582836,nan,nan,nan,9.785655719659719,cs_102621,1b,local_amplitudes,True,local+remote+phase,"local_amplitudes,remote_amplitudes,phases",15
8.675,8.460705048169771,,hierarchical,best_tone__adaptive_selection,nan,nan,nan,0.7092264748199347,nan,nan,nan,2.4702588107231067,cs_102621,1b,local_amplitudes,True,local+remote+phase,"local_amplitudes,remote_amplitudes,phases",15
8.675,9.759679321232724,,hierarchical,liu_weighted_median__variable_weighted_median,nan,nan,nan,2.628995699140683,nan,nan,nan,12.503508025737444,cs_102621,1b,,True,local+remote+phase,"local_amplitudes,remote_amplitudes,phases",15
8.675,8.18720852351498,,hierarchical,snr_mrc__variable_mrc,nan,nan,nan,0.7092264748199347,nan,nan,nan,5.622956501268241,cs_102621,1b,,True,local+remote+phase,"local_amplitudes,remote_amplitudes,phases",15
8.675,9.06760856366464,,hierarchical,hierarchical_quality_fusion,nan,nan,nan,0.6306832918582836,nan,nan,nan,4.525747131580858,cs_102621,1b,,True,local+remote+phase,"local_amplitudes,remote_amplitudes,phases",15
8.675,9.347808028340609,,variable,variable_equal_average,nan,nan,nan,0.5860928065176532,nan,nan,nan,7.755712142254846,cs_102621,1b,,True,local+remote+phase,"local_amplitudes,remote_amplitudes,phases",16
8.675,9.295940996600473,,variable,variable_quality_weighted,nan,nan,nan,0.5860928065176532,nan,nan,nan,7.157821286460776,cs_102621,1b,,True,local+remote+phase,"local_amplitudes,remote_amplitudes,phases",16
8.675,10.001176854834203,,variable,variable_weighted_median,nan,nan,nan,0.5860928065176532,nan,nan,nan,15.28734126610031,cs_102621,1b,,True,local+remote+phase,"local_amplitudes,remote_amplitudes,phases",16
8.675,10.16147818224085,,variable,variable_mrc,nan,nan,nan,0.5860928065176532,nan,nan,nan,17.135195184332563,cs_102621,1b,,True,local+remote+phase,"local_amplitudes,remote_amplitudes,phases",16
8.675,8.018053020403721,,variable,adaptive_selection,nan,nan,nan,0.5860928065176532,nan,nan,nan,7.57287584549025,cs_102621,1b,phases,True,local+remote+phase,"local_amplitudes,remote_amplitudes,phases",16
8.675,8.624293201332469,,hierarchical,best_tone__adaptive_selection,nan,nan,nan,0.70367275471,nan,nan,nan,0.5845164111531069,cs_102621,1b,local_amplitudes,True,local+remote+phase,"local_amplitudes,remote_amplitudes,phases",16
8.675,9.809679828197925,,hierarchical,liu_weighted_median__variable_weighted_median,nan,nan,nan,2.6356723233524906,nan,nan,nan,13.079882745797402,cs_102621,1b,,True,local+remote+phase,"local_amplitudes,remote_amplitudes,phases",16
8.675,8.103533126516782,,hierarchical,snr_mrc__variable_mrc,nan,nan,nan,0.70367275471,nan,nan,nan,6.587514391737395,cs_102621,1b,,True,local+remote+phase,"local_amplitudes,remote_amplitudes,phases",16
8.675,9.295940996600473,,hierarchical,hierarchical_quality_fusion,nan,nan,nan,0.5860928065176532,nan,nan,nan,7.157821286460776,cs_102621,1b,,True,local+remote+phase,"local_amplitudes,remote_amplitudes,phases",16
8.675,9.961829458638059,,variable,variable_equal_average,nan,nan,nan,0.5640898271914562,nan,nan,nan,14.833768975654849,cs_102621,1b,,True,local+remote+phase,"local_amplitudes,remote_amplitudes,phases",17
8.675,9.856625289086129,,variable,variable_quality_weighted,nan,nan,nan,0.5640898271914562,nan,nan,nan,13.621040796381875,cs_102621,1b,,True,local+remote+phase,"local_amplitudes,remote_amplitudes,phases",17
8.675,10.747831657853805,,variable,variable_weighted_median,nan,nan,nan,0.5640898271914562,nan,nan,nan,23.894313058833475,cs_102621,1b,,True,local+remote+phase,"local_amplitudes,remote_amplitudes,phases",17
8.675,11.055364569163638,,variable,variable_mrc,nan,nan,nan,0.5640898271914562,nan,nan,nan,27.439361027822905,cs_102621,1b,,True,local+remote+phase,"local_amplitudes,remote_amplitudes,phases",17
8.675,8.142587110096386,,variable,adaptive_selection,nan,nan,nan,0.5640898271914562,nan,nan,nan,6.137324379292388,cs_102621,1b,phases,True,local+remote+phase,"local_amplitudes,remote_amplitudes,phases",17
8.675,8.74921880128707,,hierarchical,best_tone__adaptive_selection,nan,nan,nan,0.7060011941940271,nan,nan,nan,0.8555481416376808,cs_102621,1b,local_amplitudes,True,local+remote+phase,"local_amplitudes,remote_amplitudes,phases",17
8.675,9.909917429057309,,hierarchical,liu_weighted_median__variable_weighted_median,nan,nan,nan,2.6827993015757183,nan,nan,nan,14.235359412764359,cs_102621,1b,,True,local+remote+phase,"local_amplitudes,remote_amplitudes,phases",17
8.675,7.8250001486987895,,hierarchical,snr_mrc__variable_mrc,nan,nan,nan,0.7060011941940271,nan,nan,nan,9.798269179264683,cs_102621,1b,,True,local+remote+phase,"local_amplitudes,remote_amplitudes,phases",17
8.675,9.856625289086129,,hierarchical,hierarchical_quality_fusion,nan,nan,nan,0.5640898271914562,nan,nan,nan,13.621040796381875,cs_102621,1b,,True,local+remote+phase,"local_amplitudes,remote_amplitudes,phases",17
8.675,10.398501687896564,,variable,variable_equal_average,nan,nan,nan,0.5963977455945443,nan,nan,nan,19.86745461552234,cs_102621,1b,,True,local+remote+phase,"local_amplitudes,remote_amplitudes,phases",18
8.675,10.339533822043325,,variable,variable_quality_weighted,nan,nan,nan,0.5963977455945443,nan,nan,nan,19.187709764188178,cs_102621,1b,,True,local+remote+phase,"local_amplitudes,remote_amplitudes,phases",18
8.675,11.328061795420108,,variable,variable_weighted_median,nan,nan,nan,0.5963977455945443,nan,nan,nan,30.582844903978184,cs_102621,1b,,True,local+remote+phase,"local_amplitudes,remote_amplitudes,phases",18
8.675,11.449903598229621,,variable,variable_mrc,nan,nan,nan,0.5963977455945443,nan,nan,nan,31.98736136287747,cs_102621,1b,,True,local+remote+phase,"local_amplitudes,remote_amplitudes,phases",18
8.675,8.329862006947968,,variable,adaptive_selection,nan,nan,nan,0.5963977455945443,nan,nan,nan,3.9785359429629144,cs_102621,1b,phases,True,local+remote+phase,"local_amplitudes,remote_amplitudes,phases",18
8.675,8.85236938203041,,hierarchical,best_tone__adaptive_selection,nan,nan,nan,0.7026731284157046,nan,nan,nan,2.0446038274398806,cs_102621,1b,local_amplitudes,True,local+remote+phase,"local_amplitudes,remote_amplitudes,phases",18
8.675,10.013647250772571,,hierarchical,liu_weighted_median__variable_weighted_median,nan,nan,nan,2.734626628847549,nan,nan,nan,15.431092227925886,cs_102621,1b,,True,local+remote+phase,"local_amplitudes,remote_amplitudes,phases",18
8.675,7.291936811243833,,hierarchical,snr_mrc__variable_mrc,nan,nan,nan,0.6812520033648957,nan,nan,nan,15.943091513039398,cs_102621,1b,,True,local+remote+phase,"local_amplitudes,remote_amplitudes,phases",18
8.675,10.339533822043325,,hierarchical,hierarchical_quality_fusion,nan,nan,nan,0.5963977455945443,nan,nan,nan,19.187709764188178,cs_102621,1b,,True,local+remote+phase,"local_amplitudes,remote_amplitudes,phases",18
8.675,10.535229009905784,,variable,variable_equal_average,nan,nan,nan,0.671931821703191,nan,nan,nan,21.44356207384188,cs_102621,1b,,True,local+remote+phase,"local_amplitudes,remote_amplitudes,phases",19
8.675,10.611824065636391,,variable,variable_quality_weighted,nan,nan,nan,0.671931821703191,nan,nan,nan,22.326502197537636,cs_102621,1b,,True,local+remote+phase,"local_amplitudes,remote_amplitudes,phases",19
8.675,11.344012052769317,,variable,variable_weighted_median,nan,nan,nan,0.671931821703191,nan,nan,nan,30.76670954200941,cs_102621,1b,,True,local+remote+phase,"local_amplitudes,remote_amplitudes,phases",19
8.675,11.601439568572015,,variable,variable_mrc,nan,nan,nan,0.671931821703191,nan,nan,nan,33.73417370111832,cs_102621,1b,,True,local+remote+phase,"local_amplitudes,remote_amplitudes,phases",19
8.675,11.763905383705453,,variable,adaptive_selection,nan,nan,nan,0.671931821703191,nan,nan,nan,35.60697848651817,cs_102621,1b,local_amplitudes,True,local+remote+phase,"local_amplitudes,remote_amplitudes,phases",19
8.675,8.860946515427287,,hierarchical,best_tone__adaptive_selection,nan,nan,nan,0.6959538749497396,nan,nan,nan,2.143475682158918,cs_102621,1b,local_amplitudes,True,local+remote+phase,"local_amplitudes,remote_amplitudes,phases",19
8.675,10.000756464006697,,hierarchical,liu_weighted_median__variable_weighted_median,nan,nan,nan,2.7550761124166088,nan,nan,nan,15.28249526232503,cs_102621,1b,,True,local+remote+phase,"local_amplitudes,remote_amplitudes,phases",19
8.675,6.731876839190447,,hierarchical,snr_mrc__variable_mrc,nan,nan,nan,0.6580831775042087,nan,nan,nan,22.399114245643272,cs_102621,1b,,True,local+remote+phase,"local_amplitudes,remote_amplitudes,phases",19
8.675,10.611824065636391,,hierarchical,hierarchical_quality_fusion,nan,nan,nan,0.671931821703191,nan,nan,nan,22.326502197537636,cs_102621,1b,,True,local+remote+phase,"local_amplitudes,remote_amplitudes,phases",19
8.675,10.588384459298316,,variable,variable_equal_average,nan,nan,nan,0.6802584092966603,nan,nan,nan,22.05630500632064,cs_102621,1b,,True,local+remote+phase,"local_amplitudes,remote_amplitudes,phases",20
8.675,10.678204330199582,,variable,variable_quality_weighted,nan,nan,nan,0.6802584092966603,nan,nan,nan,23.09169256714215,cs_102621,1b,,True,local+remote+phase,"local_amplitudes,remote_amplitudes,phases",20
8.675,11.215461023503353,,variable,variable_weighted_median,nan,nan,nan,0.6802584092966603,nan,nan,nan,29.28485329686862,cs_102621,1b,,True,local+remote+phase,"local_amplitudes,remote_amplitudes,phases",20
8.675,11.592560542576386,,variable,variable_mrc,nan,nan,nan,0.6802584092966603,nan,nan,nan,33.63182181644248,cs_102621,1b,,True,local+remote+phase,"local_amplitudes,remote_amplitudes,phases",20
8.675,11.886953986065606,,variable,adaptive_selection,nan,nan,nan,0.6802584092966603,nan,nan,nan,37.02540617943061,cs_102621,1b,local_amplitudes,True,local+remote+phase,"local_amplitudes,remote_amplitudes,phases",20
8.675,8.813839111070672,,hierarchical,best_tone__adaptive_selection,nan,nan,nan,0.6948005753790832,nan,nan,nan,1.600450848076907,cs_102621,1b,local_amplitudes,True,local+remote+phase,"local_amplitudes,remote_amplitudes,phases",20
8.675,9.995103681652942,,hierarchical,liu_weighted_median__variable_weighted_median,nan,nan,nan,2.7361619045656043,nan,nan,nan,15.217333506085781,cs_102621,1b,,True,local+remote+phase,"local_amplitudes,remote_amplitudes,phases",20
8.675,6.769538528891757,,hierarchical,snr_mrc__variable_mrc,nan,nan,nan,0.6948005753790832,nan,nan,nan,21.964973730354394,cs_102621,1b,,True,local+remote+phase,"local_amplitudes,remote_amplitudes,phases",20
8.675,10.678204330199582,,hierarchical,hierarchical_quality_fusion,nan,nan,nan,0.6802584092966603,nan,nan,nan,23.09169256714215,cs_102621,1b,,True,local+remote+phase,"local_amplitudes,remote_amplitudes,phases",20
8.675,10.635842251475369,,variable,variable_equal_average,nan,nan,nan,0.6616183002682631,nan,nan,nan,22.603368893087815,cs_102621,1b,,True,local+remote+phase,"local_amplitudes,remote_amplitudes,phases",21
8.675,10.70192282728048,,variable,variable_quality_weighted,nan,nan,nan,0.6616183002682631,nan,nan,nan,23.365104637238957,cs_102621,1b,,True,local+remote+phase,"local_amplitudes,remote_amplitudes,phases",21
8.675,11.131825952402638,,variable,variable_weighted_median,nan,nan,nan,0.6616183002682631,nan,nan,nan,28.320760258243656,cs_102621,1b,,True,local+remote+phase,"local_amplitudes,remote_amplitudes,phases",21
8.675,11.494323908811769,,variable,variable_mrc,nan,nan,nan,0.6616183002682631,nan,nan,nan,32.49941105258522,cs_102621,1b,,True,local+remote+phase,"local_amplitudes,remote_amplitudes,phases",21
8.675,11.986080336103015,,variable,adaptive_selection,nan,nan,nan,0.6616183002682631,nan,nan,nan,38.16807303865146,cs_102621,1b,local_amplitudes,True,local+remote+phase,"local_amplitudes,remote_amplitudes,phases",21
8.675,8.792372678299254,,hierarchical,best_tone__adaptive_selection,nan,nan,nan,0.6863352584817828,nan,nan,nan,1.3529991734784184,cs_102621,1b,local_amplitudes,True,local+remote+phase,"local_amplitudes,remote_amplitudes,phases",21
8.675,9.987435886996614,,hierarchical,liu_weighted_median__variable_weighted_median,nan,nan,nan,2.7439645077925956,nan,nan,nan,15.128943942324078,cs_102621,1b,,True,local+remote+phase,"local_amplitudes,remote_amplitudes,phases",21
8.675,7.465418294436518,,hierarchical,snr_mrc__variable_mrc,nan,nan,nan,0.6910790150863956,nan,nan,nan,13.943304963267808,cs_102621,1b,,True,local+remote+phase,"local_amplitudes,remote_amplitudes,phases",21
8.675,10.70192282728048,,hierarchical,hierarchical_quality_fusion,nan,nan,nan,0.6616183002682631,nan,nan,nan,23.365104637238957,cs_102621,1b,,True,local+remote+phase,"local_amplitudes,remote_amplitudes,phases",21
8.675,10.645421109982083,,variable,variable_equal_average,nan,nan,nan,0.598117991095738,nan,nan,nan,22.71378801132083,cs_102621,1b,,True,local+remote+phase,"local_amplitudes,remote_amplitudes,phases",22
8.675,10.589879292614654,,variable,variable_quality_weighted,nan,nan,nan,0.598117991095738,nan,nan,nan,22.073536514289952,cs_102621,1b,,True,local+remote+phase,"local_amplitudes,remote_amplitudes,phases",22
8.675,11.183143324735333,,variable,variable_weighted_median,nan,nan,nan,0.598117991095738,nan,nan,nan,28.912314982539854,cs_102621,1b,,True,local+remote+phase,"local_amplitudes,remote_amplitudes,phases",22
8.675,11.390079937450556,,variable,variable_mrc,nan,nan,nan,0.598117991095738,nan,nan,nan,31.297751440352222,cs_102621,1b,,True,local+remote+phase,"local_amplitudes,remote_amplitudes,phases",22
8.675,8.842565773443994,,variable,adaptive_selection,nan,nan,nan,0.598117991095738,nan,nan,nan,1.9315939301901213,cs_102621,1b,phases,True,local+remote+phase,"local_amplitudes,remote_amplitudes,phases",22
8.675,8.762768442238821,,hierarchical,best_tone__adaptive_selection,nan,nan,nan,0.6962111917811987,nan,nan,nan,1.011739968170839,cs_102621,1b,local_amplitudes,True,local+remote+phase,"local_amplitudes,remote_amplitudes,phases",22
8.675,9.942984338309579,,hierarchical,liu_weighted_median__variable_weighted_median,nan,nan,nan,2.8042329003710016,nan,nan,nan,14.616534159188216,cs_102621,1b,,True,local+remote+phase,"local_amplitudes,remote_amplitudes,phases",22
8.675,8.0266075903899,,hierarchical,snr_mrc__variable_mrc,nan,nan,nan,0.6962111917811987,nan,nan,nan,7.474264087724494,cs_102621,1b,,True,local+remote+phase,"local_amplitudes,remote_amplitudes,phases",22
8.675,10.589879292614654,,hierarchical,hierarchical_quality_fusion,nan,nan,nan,0.598117991095738,nan,nan,nan,22.073536514289952,cs_102621,1b,,True,local+remote+phase,"local_amplitudes,remote_amplitudes,phases",22
8.675,10.50937659544343,,variable,variable_equal_average,nan,nan,nan,0.5621821867909064,nan,nan,nan,21.145551532489087,cs_102621,1b,,True,local+remote+phase,"local_amplitudes,remote_amplitudes,phases",23
8.675,10.411861163913173,,variable,variable_quality_weighted,nan,nan,nan,0.5621821867909064,nan,nan,nan,20.02145433905674,cs_102621,1b,,True,local+remote+phase,"local_amplitudes,remote_amplitudes,phases",23
8.675,11.141520819699103,,variable,variable_weighted_median,nan,nan,nan,0.5621821867909064,nan,nan,nan,28.432516653591954,cs_102621,1b,,True,local+remote+phase,"local_amplitudes,remote_amplitudes,phases",23
8.675,11.178128271273343,,variable,variable_mrc,nan,nan,nan,0.5621821867909064,nan,nan,nan,28.85450456799241,cs_102621,1b,,True,local+remote+phase,"local_amplitudes,remote_amplitudes,phases",23
8.675,8.893613825368892,,variable,adaptive_selection,nan,nan,nan,0.5621821867909064,nan,nan,nan,2.5200440964713655,cs_102621,1b,phases,True,local+remote+phase,"local_amplitudes,remote_amplitudes,phases",23
8.675,8.727277545670328,,hierarchical,best_tone__adaptive_selection,nan,nan,nan,0.6931573354244384,nan,nan,nan,0.602623004845266,cs_102621,1b,local_amplitudes,True,local+remote+phase,"local_amplitudes,remote_amplitudes,phases",23
8.675,9.987413614828931,,hierarchical,liu_weighted_median__variable_weighted_median,nan,nan,nan,2.7737615531988555,nan,nan,nan,15.128687202638966,cs_102621,1b,,True,local+remote+phase,"local_amplitudes,remote_amplitudes,phases",23
8.675,8.461556767257127,,hierarchical,snr_mrc__variable_mrc,nan,nan,nan,0.6474106581794304,nan,nan,nan,2.460440723260792,cs_102621,1b,,True,local+remote+phase,"local_amplitudes,remote_amplitudes,phases",23
8.675,10.411861163913173,,hierarchical,hierarchical_quality_fusion,nan,nan,nan,0.5621821867909064,nan,nan,nan,20.02145433905674,cs_102621,1b,,True,local+remote+phase,"local_amplitudes,remote_amplitudes,phases",23
8.675,10.257743763818452,,variable,variable_equal_average,nan,nan,nan,0.5542314222744241,nan,nan,nan,18.244884885515283,cs_102621,1b,,True,local+remote+phase,"local_amplitudes,remote_amplitudes,phases",24
8.675,10.144757547675479,,variable,variable_quality_weighted,nan,nan,nan,0.5542314222744241,nan,nan,nan,16.942450117296573,cs_102621,1b,,True,local+remote+phase,"local_amplitudes,remote_amplitudes,phases",24
8.675,10.688047178978557,,variable,variable_weighted_median,nan,nan,nan,0.5542314222744241,nan,nan,nan,23.20515480090555,cs_102621,1b,,True,local+remote+phase,"local_amplitudes,remote_amplitudes,phases",24
8.675,10.848773623754179,,variable,variable_mrc,nan,nan,nan,0.5542314222744241,nan,nan,nan,25.057909207540952,cs_102621,1b,,True,local+remote+phase,"local_amplitudes,remote_amplitudes,phases",24
8.675,8.89670170072686,,variable,adaptive_selection,nan,nan,nan,0.5542314222744241,nan,nan,nan,2.555639201462353,cs_102621,1b,phases,True,local+remote+phase,"local_amplitudes,remote_amplitudes,phases",24
8.675,8.743091082807288,,hierarchical,best_tone__adaptive_selection,nan,nan,nan,0.6859301423336581,nan,nan,nan,0.784911617375068,cs_102621,1b,local_amplitudes,True,local+remote+phase,"local_amplitudes,remote_amplitudes,phases",24
8.675,9.863191914158719,,hierarchical,liu_weighted_median__variable_weighted_median,nan,nan,nan,2.68878098264044,nan,nan,nan,13.696736762636522,cs_102621,1b,,True,local+remote+phase,"local_amplitudes,remote_amplitudes,phases",24
8.675,8.634433316116075,,hierarchical,snr_mrc__variable_mrc,nan,nan,nan,0.6056993684102326,nan,nan,nan,0.46762747992997794,cs_102621,1b,,True,local+remote+phase,"local_amplitudes,remote_amplitudes,phases",24
8.675,10.144757547675479,,hierarchical,hierarchical_quality_fusion,nan,nan,nan,0.5542314222744241,nan,nan,nan,16.942450117296573,cs_102621,1b,,True,local+remote+phase,"local_amplitudes,remote_amplitudes,phases",24
8.675,10.062391129414365,,variable,variable_equal_average,nan,nan,nan,0.5680476559031512,nan,nan,nan,15.992981318897574,cs_102621,1b,,True,local+remote+phase,"local_amplitudes,remote_amplitudes,phases",25
8.675,9.956259067935898,,variable,variable_quality_weighted,nan,nan,nan,0.5680476559031512,nan,nan,nan,14.769556979088152,cs_102621,1b,,True,local+remote+phase,"local_amplitudes,remote_amplitudes,phases",25
8.675,10.187896932548073,,variable,variable_weighted_median,nan,nan,nan,0.5680476559031512,nan,nan,nan,17.439734092773165,cs_102621,1b,,True,local+remote+phase,"local_amplitudes,remote_amplitudes,phases",25
8.675,10.58578325005683,,variable,variable_mrc,nan,nan,nan,0.5680476559031512,nan,nan,nan,22.026319885381312,cs_102621,1b,,True,local+remote+phase,"local_amplitudes,remote_amplitudes,phases",25
8.675,8.867190372546744,,variable,adaptive_selection,nan,nan,nan,0.5680476559031512,nan,nan,nan,2.2154509803659224,cs_102621,1b,phases,True,local+remote+phase,"local_amplitudes,remote_amplitudes,phases",25
8.675,8.784575572430851,,hierarchical,best_tone__adaptive_selection,nan,nan,nan,0.6798794027443086,nan,nan,nan,1.2631189905573568,cs_102621,1b,local_amplitudes,True,local+remote+phase,"local_amplitudes,remote_amplitudes,phases",25
8.675,9.823519605519587,,hierarchical,liu_weighted_median__variable_weighted_median,nan,nan,nan,2.5936600701040917,nan,nan,nan,13.23941908379927,cs_102621,1b,,True,local+remote+phase,"local_amplitudes,remote_amplitudes,phases",25
8.675,8.703089164978143,,hierarchical,snr_mrc__variable_mrc,nan,nan,nan,0.6185871766980633,nan,nan,nan,0.323794408969945,cs_102621,1b,,True,local+remote+phase,"local_amplitudes,remote_amplitudes,phases",25
8.675,9.956259067935898,,hierarchical,hierarchical_quality_fusion,nan,nan,nan,0.5680476559031512,nan,nan,nan,14.769556979088152,cs_102621,1b,,True,local+remote+phase,"local_amplitudes,remote_amplitudes,phases",25
8.675,9.934768761565545,,variable,variable_equal_average,nan,nan,nan,0.5838331705263115,nan,nan,nan,14.521830104501948,cs_102621,1b,,True,local+remote+phase,"local_amplitudes,remote_amplitudes,phases",26
8.675,9.8649543723052,,variable,variable_quality_weighted,nan,nan,nan,0.5838331705263115,nan,nan,nan,13.71705328305704,cs_102621,1b,,True,local+remote+phase,"local_amplitudes,remote_amplitudes,phases",26
8.675,9.935995069924369,,variable,variable_weighted_median,nan,nan,nan,0.5838331705263115,nan,nan,nan,14.535966223912023,cs_102621,1b,,True,local+remote+phase,"local_amplitudes,remote_amplitudes,phases",26
8.675,10.361923923293512,,variable,variable_mrc,nan,nan,nan,0.5838331705263115,nan,nan,nan,19.445808914046236,cs_102621,1b,,True,local+remote+phase,"local_amplitudes,remote_amplitudes,phases",26
8.675,9.935995069924369,,variable,adaptive_selection,nan,nan,nan,0.5838331705263115,nan,nan,nan,14.535966223912023,cs_102621,1b,local_amplitudes,True,local+remote+phase,"local_amplitudes,remote_amplitudes,phases",26
8.675,8.810930856915787,,hierarchical,best_tone__adaptive_selection,nan,nan,nan,0.6637720527104588,nan,nan,nan,1.5669263045047428,cs_102621,1b,local_amplitudes,True,local+remote+phase,"local_amplitudes,remote_amplitudes,phases",26
8.675,9.75532282744695,,hierarchical,liu_weighted_median__variable_weighted_median,nan,nan,nan,2.4382233446465706,nan,nan,nan,12.453289077198258,cs_102621,1b,,True,local+remote+phase,"local_amplitudes,remote_amplitudes,phases",26
8.675,8.786247204084539,,hierarchical,snr_mrc__variable_mrc,nan,nan,nan,0.633273571661602,nan,nan,nan,1.2823885197064926,cs_102621,1b,,True,local+remote+phase,"local_amplitudes,remote_amplitudes,phases",26
8.675,9.8649543723052,,hierarchical,hierarchical_quality_fusion,nan,nan,nan,0.5838331705263115,nan,nan,nan,13.71705328305704,cs_102621,1b,,True,local+remote+phase,"local_amplitudes,remote_amplitudes,phases",26
11.49,14.597384679424295,,variable,variable_equal_average,nan,nan,nan,0.48209570505919724,nan,nan,nan,27.044253084632675,cs_102621,2a,,True,local+remote+phase,"local_amplitudes,remote_amplitudes,phases",0
11.49,14.284795815188714,,variable,variable_quality_weighted,nan,nan,nan,0.48209570505919724,nan,nan,nan,24.32372336978863,cs_102621,2a,,True,local+remote+phase,"local_amplitudes,remote_amplitudes,phases",0
11.49,13.826675143910055,,variable,variable_weighted_median,nan,nan,nan,0.48209570505919724,nan,nan,nan,20.336598293386032,cs_102621,2a,,True,local+remote+phase,"local_amplitudes,remote_amplitudes,phases",0
11.49,12.930749345272838,,variable,variable_mrc,nan,nan,nan,0.48209570505919724,nan,nan,nan,12.539158792626964,cs_102621,2a,,True,local+remote+phase,"local_amplitudes,remote_amplitudes,phases",0
11.49,13.826675143910055,,variable,adaptive_selection,nan,nan,nan,0.48209570505919724,nan,nan,nan,20.336598293386032,cs_102621,2a,phases,True,local+remote+phase,"local_amplitudes,remote_amplitudes,phases",0
11.49,11.84309861027735,,hierarchical,best_tone__adaptive_selection,nan,nan,nan,0.5814680050979406,nan,nan,nan,3.073094954546124,cs_102621,2a,local_amplitudes,True,local+remote+phase,"local_amplitudes,remote_amplitudes,phases",0
11.49,12.744362124269333,,hierarchical,liu_weighted_median__variable_weighted_median,nan,nan,nan,1.6524428970229437,nan,nan,nan,10.91698976735712,cs_102621,2a,,True,local+remote+phase,"local_amplitudes,remote_amplitudes,phases",0
11.49,12.19998040575944,,hierarchical,snr_mrc__variable_mrc,nan,nan,nan,0.5346271252252822,nan,nan,nan,6.179115802954223,cs_102621,2a,,True,local+remote+phase,"local_amplitudes,remote_amplitudes,phases",0
11.49,14.284795815188714,,hierarchical,hierarchical_quality_fusion,nan,nan,nan,0.48209570505919724,nan,nan,nan,24.32372336978863,cs_102621,2a,,True,local+remote+phase,"local_amplitudes,remote_amplitudes,phases",0
11.49,12.245540786862358,,variable,variable_equal_average,nan,nan,nan,0.4621408714380591,nan,nan,nan,6.575637831700246,cs_102621,2a,,True,local+remote+phase,"local_amplitudes,remote_amplitudes,phases",1
11.49,12.56167754713126,,variable,variable_quality_weighted,nan,nan,nan,0.4621408714380591,nan,nan,nan,9.327045666938734,cs_102621,2a,,True,local+remote+phase,"local_amplitudes,remote_amplitudes,phases",1
11.49,12.996854231001286,,variable,variable_weighted_median,nan,nan,nan,0.4621408714380591,nan,nan,nan,13.114484168853666,cs_102621,2a,,True,local+remote+phase,"local_amplitudes,remote_amplitudes,phases",1
11.49,12.923434225028453,,variable,variable_mrc,nan,nan,nan,0.4621408714380591,nan,nan,nan,12.475493690412993,cs_102621,2a,,True,local+remote+phase,"local_amplitudes,remote_amplitudes,phases",1
11.49,13.674679700001393,,variable,adaptive_selection,nan,nan,nan,0.4621408714380591,nan,nan,nan,19.01374847694859,cs_102621,2a,phases,True,local+remote+phase,"local_amplitudes,remote_amplitudes,phases",1
11.49,11.811885141024801,,hierarchical,best_tone__adaptive_selection,nan,nan,nan,0.5812351533555299,nan,nan,nan,2.8014372587014855,cs_102621,2a,phases,True,local+remote+phase,"local_amplitudes,remote_amplitudes,phases",1
11.49,12.78776489576264,,hierarchical,liu_weighted_median__variable_weighted_median,nan,nan,nan,1.6351916374230664,nan,nan,nan,11.294733644583463,cs_102621,2a,,True,local+remote+phase,"local_amplitudes,remote_amplitudes,phases",1
11.49,12.29172290775727,,hierarchical,snr_mrc__variable_mrc,nan,nan,nan,0.5020021313051839,nan,nan,nan,6.97757099875779,cs_102621,2a,,True,local+remote+phase,"local_amplitudes,remote_amplitudes,phases",1
11.49,12.56167754713126,,hierarchical,hierarchical_quality_fusion,nan,nan,nan,0.4621408714380591,nan,nan,nan,9.327045666938734,cs_102621,2a,,True,local+remote+phase,"local_amplitudes,remote_amplitudes,phases",1
11.49,12.011320673989312,,variable,variable_equal_average,nan,nan,nan,0.4734179188645598,nan,nan,nan,4.537168616094967,cs_102621,2a,,True,local+remote+phase,"local_amplitudes,remote_amplitudes,phases",2
11.49,12.167458760230112,,variable,variable_quality_weighted,nan,nan,nan,0.4734179188645598,nan,nan,nan,5.896072760923511,cs_102621,2a,,True,local+remote+phase,"local_amplitudes,remote_amplitudes,phases",2
11.49,12.62096809437802,,variable,variable_weighted_median,nan,nan,nan,0.4734179188645598,nan,nan,nan,9.843064354900081,cs_102621,2a,,True,local+remote+phase,"local_amplitudes,remote_amplitudes,phases",2
11.49,12.323736688542215,,variable,variable_mrc,nan,nan,nan,0.4734179188645598,nan,nan,nan,7.256193982090646,cs_102621,2a,,True,local+remote+phase,"local_amplitudes,remote_amplitudes,phases",2
11.49,12.62096809437802,,variable,adaptive_selection,nan,nan,nan,0.4734179188645598,nan,nan,nan,9.843064354900081,cs_102621,2a,local_amplitudes,True,local+remote+phase,"local_amplitudes,remote_amplitudes,phases",2
11.49,11.91661292901876,,hierarchical,best_tone__adaptive_selection,nan,nan,nan,0.6041846667584759,nan,nan,nan,3.7129062577785836,cs_102621,2a,local_amplitudes,True,local+remote+phase,"local_amplitudes,remote_amplitudes,phases",2
11.49,12.53841218561936,,hierarchical,liu_weighted_median__variable_weighted_median,nan,nan,nan,1.742201006601735,nan,nan,nan,9.124562102866498,cs_102621,2a,,True,local+remote+phase,"local_amplitudes,remote_amplitudes,phases",2
11.49,11.815101595103886,,hierarchical,snr_mrc__variable_mrc,nan,nan,nan,0.4968706548115324,nan,nan,nan,2.829430766787522,cs_102621,2a,,True,local+remote+phase,"local_amplitudes,remote_amplitudes,phases",2
11.49,12.167458760230112,,hierarchical,hierarchical_quality_fusion,nan,nan,nan,0.4734179188645598,nan,nan,nan,5.896072760923511,cs_102621,2a,,True,local+remote+phase,"local_amplitudes,remote_amplitudes,phases",2
14.04,14.374572268196923,,variable,variable_equal_average,nan,nan,nan,0.5534532302968372,nan,nan,nan,2.3829933632259537,cs_102621,3,,True,local+remote+phase,"local_amplitudes,remote_amplitudes,phases",0
14.04,14.368738682034706,,variable,variable_quality_weighted,nan,nan,nan,0.5534532302968372,nan,nan,nan,2.3414436042358076,cs_102621,3,,True,local+remote+phase,"local_amplitudes,remote_amplitudes,phases",0
14.04,14.57971377705256,,variable,variable_weighted_median,nan,nan,nan,0.5534532302968372,nan,nan,nan,3.8441152211720926,cs_102621,3,,True,local+remote+phase,"local_amplitudes,remote_amplitudes,phases",0
14.04,14.903650920812094,,variable,variable_mrc,nan,nan,nan,0.5534532302968372,nan,nan,nan,6.151359834843981,cs_102621,3,,True,local+remote+phase,"local_amplitudes,remote_amplitudes,phases",0
14.04,14.57971377705256,,variable,adaptive_selection,nan,nan,nan,0.5534532302968372,nan,nan,nan,3.8441152211720926,cs_102621,3,local_amplitudes,True,local+remote+phase,"local_amplitudes,remote_amplitudes,phases",0
14.04,13.31369466348519,,hierarchical,best_tone__adaptive_selection,nan,nan,nan,0.628244165761746,nan,nan,nan,5.173114932441659,cs_102621,3,local_amplitudes,True,local+remote+phase,"local_amplitudes,remote_amplitudes,phases",0
14.04,14.452845885307273,,hierarchical,liu_weighted_median__variable_weighted_median,nan,nan,nan,2.089261499791459,nan,nan,nan,2.9404977585988155,cs_102621,3,,True,local+remote+phase,"local_amplitudes,remote_amplitudes,phases",0
14.04,15.248985711179262,,hierarchical,snr_mrc__variable_mrc,nan,nan,nan,0.5189009812232452,nan,nan,nan,8.611009338883642,cs_102621,3,,True,local+remote+phase,"local_amplitudes,remote_amplitudes,phases",0
14.04,14.368738682034706,,hierarchical,hierarchical_quality_fusion,nan,nan,nan,0.5534532302968372,nan,nan,nan,2.3414436042358076,cs_102621,3,,True,local+remote+phase,"local_amplitudes,remote_amplitudes,phases",0
14.04,14.236214247504208,,variable,variable_equal_average,nan,nan,nan,0.5654263068741235,nan,nan,nan,1.3975373753861011,cs_102621,3,,True,local+remote+phase,"local_amplitudes,remote_amplitudes,phases",1
14.04,14.192880761547306,,variable,variable_quality_weighted,nan,nan,nan,0.5654263068741235,nan,nan,nan,1.0888943130150048,cs_102621,3,,True,local+remote+phase,"local_amplitudes,remote_amplitudes,phases",1
14.04,14.584992415530824,,variable,variable_weighted_median,nan,nan,nan,0.5654263068741235,nan,nan,nan,3.8817123613306594,cs_102621,3,,True,local+remote+phase,"local_amplitudes,remote_amplitudes,phases",1
14.04,14.872833091072895,,variable,variable_mrc,nan,nan,nan,0.5654263068741235,nan,nan,nan,5.931859623026324,cs_102621,3,,True,local+remote+phase,"local_amplitudes,remote_amplitudes,phases",1
14.04,14.584992415530824,,variable,adaptive_selection,nan,nan,nan,0.5654263068741235,nan,nan,nan,3.8817123613306594,cs_102621,3,local_amplitudes,True,local+remote+phase,"local_amplitudes,remote_amplitudes,phases",1
14.04,13.428737456596828,,hierarchical,best_tone__adaptive_selection,nan,nan,nan,0.6453904982039176,nan,nan,nan,4.353721819110907,cs_102621,3,local_amplitudes,True,local+remote+phase,"local_amplitudes,remote_amplitudes,phases",1
14.04,14.437626968021451,,hierarchical,liu_weighted_median__variable_weighted_median,nan,nan,nan,2.277142371497263,nan,nan,nan,2.832100911833705,cs_102621,3,,True,local+remote+phase,"local_amplitudes,remote_amplitudes,phases",1
14.04,14.766851265933203,,hierarchical,snr_mrc__variable_mrc,nan,nan,nan,0.5578786359794373,nan,nan,nan,5.177003318612567,cs_102621,3,,True,local+remote+phase,"local_amplitudes,remote_amplitudes,phases",1
14.04,14.192880761547306,,hierarchical,hierarchical_quality_fusion,nan,nan,nan,0.5654263068741235,nan,nan,nan,1.0888943130150048,cs_102621,3,,True,local+remote+phase,"local_amplitudes,remote_amplitudes,phases",1
14.04,14.101773569787378,,variable,variable_equal_average,nan,nan,nan,0.579084839797087,nan,nan,nan,0.43998269079329555,cs_102621,3,,True,local+remote+phase,"local_amplitudes,remote_amplitudes,phases",2
14.04,14.039516351380376,,variable,variable_quality_weighted,nan,nan,nan,0.579084839797087,nan,nan,nan,0.0034447907380549267,cs_102621,3,,True,local+remote+phase,"local_amplitudes,remote_amplitudes,phases",2
14.04,14.512786333937106,,variable,variable_weighted_median,nan,nan,nan,0.579084839797087,nan,nan,nan,3.3674240308910726,cs_102621,3,,True,local+remote+phase,"local_amplitudes,remote_amplitudes,phases",2
14.04,14.803733230261852,,variable,variable_mrc,nan,nan,nan,0.579084839797087,nan,nan,nan,5.439695372235417,cs_102621,3,,True,local+remote+phase,"local_amplitudes,remote_amplitudes,phases",2
14.04,14.512786333937106,,variable,adaptive_selection,nan,nan,nan,0.579084839797087,nan,nan,nan,3.3674240308910726,cs_102621,3,local_amplitudes,True,local+remote+phase,"local_amplitudes,remote_amplitudes,phases",2
14.04,13.346940738660264,,hierarchical,best_tone__adaptive_selection,nan,nan,nan,0.6487103758415231,nan,nan,nan,4.9363195252117915,cs_102621,3,local_amplitudes,True,local+remote+phase,"local_amplitudes,remote_amplitudes,phases",2
14.04,14.431906647014225,,hierarchical,liu_weighted_median__variable_weighted_median,nan,nan,nan,2.3169927660884593,nan,nan,nan,2.7913578847167084,cs_102621,3,,True,local+remote+phase,"local_amplitudes,remote_amplitudes,phases",2
14.04,14.53977278173119,,hierarchical,snr_mrc__variable_mrc,nan,nan,nan,0.5659736138327088,nan,nan,nan,3.5596351975155995,cs_102621,3,,True,local+remote+phase,"local_amplitudes,remote_amplitudes,phases",2
14.04,14.039516351380376,,hierarchical,hierarchical_quality_fusion,nan,nan,nan,0.579084839797087,nan,nan,nan,0.0034447907380549267,cs_102621,3,,True,local+remote+phase,"local_amplitudes,remote_amplitudes,phases",2
14.04,14.035565554142991,,variable,variable_equal_average,nan,nan,nan,0.5794639894446768,nan,nan,nan,0.03158437220091189,cs_102621,3,,True,local+remote+phase,"local_amplitudes,remote_amplitudes,phases",3
14.04,13.97312518026052,,variable,variable_quality_weighted,nan,nan,nan,0.5794639894446768,nan,nan,nan,0.4763163799108149,cs_102621,3,,True,local+remote+phase,"local_amplitudes,remote_amplitudes,phases",3
14.04,14.467298521242618,,variable,variable_weighted_median,nan,nan,nan,0.5794639894446768,nan,nan,nan,3.0434367609873165,cs_102621,3,,True,local+remote+phase,"local_amplitudes,remote_amplitudes,phases",3
14.04,14.727514278672977,,variable,variable_mrc,nan,nan,nan,0.5794639894446768,nan,nan,nan,4.8968253466736344,cs_102621,3,,True,local+remote+phase,"local_amplitudes,remote_amplitudes,phases",3
14.04,14.467298521242618,,variable,adaptive_selection,nan,nan,nan,0.5794639894446768,nan,nan,nan,3.0434367609873165,cs_102621,3,local_amplitudes,True,local+remote+phase,"local_amplitudes,remote_amplitudes,phases",3
14.04,13.346542900693331,,hierarchical,best_tone__adaptive_selection,nan,nan,nan,0.6471291314607092,nan,nan,nan,4.939153128964874,cs_102621,3,local_amplitudes,True,local+remote+phase,"local_amplitudes,remote_amplitudes,phases",3
14.04,14.558693494344375,,hierarchical,liu_weighted_median__variable_weighted_median,nan,nan,nan,2.327092008246708,nan,nan,nan,3.694398107865926,cs_102621,3,,True,local+remote+phase,"local_amplitudes,remote_amplitudes,phases",3
14.04,14.45046485954247,,hierarchical,snr_mrc__variable_mrc,nan,nan,nan,0.5736035253220845,nan,nan,nan,2.9235388856301303,cs_102621,3,,True,local+remote+phase,"local_amplitudes,remote_amplitudes,phases",3
14.04,13.97312518026052,,hierarchical,hierarchical_quality_fusion,nan,nan,nan,0.5794639894446768,nan,nan,nan,0.4763163799108149,cs_102621,3,,True,local+remote+phase,"local_amplitudes,remote_amplitudes,phases",3
14.04,14.080374096327782,,variable,variable_equal_average,nan,nan,nan,0.5798960107045859,nan,nan,nan,0.28756478865942303,cs_102621,3,,True,local+remote+phase,"local_amplitudes,remote_amplitudes,phases",4
14.04,14.04168279757703,,variable,variable_quality_weighted,nan,nan,nan,0.5798960107045859,nan,nan,nan,0.011985737728139784,cs_102621,3,,True,local+remote+phase,"local_amplitudes,remote_amplitudes,phases",4
14.04,14.439630453705151,,variable,variable_weighted_median,nan,nan,nan,0.5798960107045859,nan,nan,nan,2.846370752885697,cs_102621,3,,True,local+remote+phase,"local_amplitudes,remote_amplitudes,phases",4
14.04,14.671098579680695,,variable,variable_mrc,nan,nan,nan,0.5798960107045859,nan,nan,nan,4.495004128779886,cs_102621,3,,True,local+remote+phase,"local_amplitudes,remote_amplitudes,phases",4
14.04,14.439630453705151,,variable,adaptive_selection,nan,nan,nan,0.5798960107045859,nan,nan,nan,2.846370752885697,cs_102621,3,local_amplitudes,True,local+remote+phase,"local_amplitudes,remote_amplitudes,phases",4
14.04,13.389874799251006,,hierarchical,best_tone__adaptive_selection,nan,nan,nan,0.6489081529073061,nan,nan,nan,4.630521372856079,cs_102621,3,local_amplitudes,True,local+remote+phase,"local_amplitudes,remote_amplitudes,phases",4
14.04,14.685291357577082,,hierarchical,liu_weighted_median__variable_weighted_median,nan,nan,nan,2.361166944248564,nan,nan,nan,4.596092290435064,cs_102621,3,,True,local+remote+phase,"local_amplitudes,remote_amplitudes,phases",4
14.04,14.271949880331526,,hierarchical,snr_mrc__variable_mrc,nan,nan,nan,0.593746953147214,nan,nan,nan,1.6520646747259757,cs_102621,3,,True,local+remote+phase,"local_amplitudes,remote_amplitudes,phases",4
14.04,14.04168279757703,,hierarchical,hierarchical_quality_fusion,nan,nan,nan,0.5798960107045859,nan,nan,nan,0.011985737728139784,cs_102621,3,,True,local+remote+phase,"local_amplitudes,remote_amplitudes,phases",4
14.04,14.208064549023582,,variable,variable_equal_average,nan,nan,nan,0.5735214674349919,nan,nan,nan,1.1970409474614192,cs_102621,3,,True,local+remote+phase,"local_amplitudes,remote_amplitudes,phases",5
14.04,14.200858227824375,,variable,variable_quality_weighted,nan,nan,nan,0.5735214674349919,nan,nan,nan,1.1457138733929884,cs_102621,3,,True,local+remote+phase,"local_amplitudes,remote_amplitudes,phases",5
14.04,14.386519558568997,,variable,variable_weighted_median,nan,nan,nan,0.5735214674349919,nan,nan,nan,2.4680880239957124,cs_102621,3,,True,local+remote+phase,"local_amplitudes,remote_amplitudes,phases",5
14.04,14.58439138377804,,variable,variable_mrc,nan,nan,nan,0.5735214674349919,nan,nan,nan,3.877431508390609,cs_102621,3,,True,local+remote+phase,"local_amplitudes,remote_amplitudes,phases",5
14.04,14.386519558568997,,variable,adaptive_selection,nan,nan,nan,0.5735214674349919,nan,nan,nan,2.4680880239957124,cs_102621,3,local_amplitudes,True,local+remote+phase,"local_amplitudes,remote_amplitudes,phases",5
14.04,13.50480322347566,,hierarchical,best_tone__adaptive_selection,nan,nan,nan,0.6459301779378723,nan,nan,nan,3.8119428527374577,cs_102621,3,local_amplitudes,True,local+remote+phase,"local_amplitudes,remote_amplitudes,phases",5
14.04,14.707980218709366,,hierarchical,liu_weighted_median__variable_weighted_median,nan,nan,nan,2.365868134124606,nan,nan,nan,4.7576938654513325,cs_102621,3,,True,local+remote+phase,"local_amplitudes,remote_amplitudes,phases",5
14.04,14.160482254797481,,hierarchical,snr_mrc__variable_mrc,nan,nan,nan,0.5866888460347632,nan,nan,nan,0.8581357179307818,cs_102621,3,,True,local+remote+phase,"local_amplitudes,remote_amplitudes,phases",5
14.04,14.200858227824375,,hierarchical,hierarchical_quality_fusion,nan,nan,nan,0.5735214674349919,nan,nan,nan,1.1457138733929884,cs_102621,3,,True,local+remote+phase,"local_amplitudes,remote_amplitudes,phases",5
14.04,14.157192465256307,,variable,variable_equal_average,nan,nan,nan,0.5750078297060834,nan,nan,nan,0.8347041684922183,cs_102621,3,,True,local+remote+phase,"local_amplitudes,remote_amplitudes,phases",6
14.04,14.141975402114422,,variable,variable_quality_weighted,nan,nan,nan,0.5750078297060834,nan,nan,nan,0.7263205278805059,cs_102621,3,,True,local+remote+phase,"local_amplitudes,remote_amplitudes,phases",6
14.04,14.242465719780784,,variable,variable_weighted_median,nan,nan,nan,0.5750078297060834,nan,nan,nan,1.4420635312021683,cs_102621,3,,True,local+remote+phase,"local_amplitudes,remote_amplitudes,phases",6
14.04,14.355617211595115,,variable,variable_mrc,nan,nan,nan,0.5750078297060834,nan,nan,nan,2.247985837572052,cs_102621,3,,True,local+remote+phase,"local_amplitudes,remote_amplitudes,phases",6
14.04,14.242465719780784,,variable,adaptive_selection,nan,nan,nan,0.5750078297060834,nan,nan,nan,1.4420635312021683,cs_102621,3,local_amplitudes,True,local+remote+phase,"local_amplitudes,remote_amplitudes,phases",6
14.04,13.617721474649077,,hierarchical,best_tone__adaptive_selection,nan,nan,nan,0.6430674943931124,nan,nan,nan,3.0076818044937483,cs_102621,3,local_amplitudes,True,local+remote+phase,"local_amplitudes,remote_amplitudes,phases",6
14.04,14.727131660773004,,hierarchical,liu_weighted_median__variable_weighted_median,nan,nan,nan,2.391393693718442,nan,nan,nan,4.894100147955878,cs_102621,3,,True,local+remote+phase,"local_amplitudes,remote_amplitudes,phases",6
14.04,14.011777814604917,,hierarchical,snr_mrc__variable_mrc,nan,nan,nan,0.5655951954406434,nan,nan,nan,0.2010127164891875,cs_102621,3,,True,local+remote+phase,"local_amplitudes,remote_amplitudes,phases",6
14.04,14.141975402114422,,hierarchical,hierarchical_quality_fusion,nan,nan,nan,0.5750078297060834,nan,nan,nan,0.7263205278805059,cs_102621,3,,True,local+remote+phase,"local_amplitudes,remote_amplitudes,phases",6
14.04,15.27691926442395,,variable,variable_equal_average,nan,nan,nan,0.5713798540868117,nan,nan,nan,8.809966270825866,cs_102621,3,,True,local+remote+phase,"local_amplitudes,remote_amplitudes,phases",7
14.04,14.939190663234385,,variable,variable_quality_weighted,nan,nan,nan,0.5713798540868117,nan,nan,nan,6.404491903378815,cs_102621,3,,True,local+remote+phase,"local_amplitudes,remote_amplitudes,phases",7
14.04,13.946929101676048,,variable,variable_weighted_median,nan,nan,nan,0.5713798540868117,nan,nan,nan,0.6628981362104788,cs_102621,3,,True,local+remote+phase,"local_amplitudes,remote_amplitudes,phases",7
14.04,13.968492626714871,,variable,variable_mrc,nan,nan,nan,0.5713798540868117,nan,nan,nan,0.5093117755350974,cs_102621,3,,True,local+remote+phase,"local_amplitudes,remote_amplitudes,phases",7
14.04,13.946929101676048,,variable,adaptive_selection,nan,nan,nan,0.5713798540868117,nan,nan,nan,0.6628981362104788,cs_102621,3,local_amplitudes,True,local+remote+phase,"local_amplitudes,remote_amplitudes,phases",7
14.04,13.714597873447786,,hierarchical,best_tone__adaptive_selection,nan,nan,nan,0.6382386359750598,nan,nan,nan,2.317678964047099,cs_102621,3,local_amplitudes,True,local+remote+phase,"local_amplitudes,remote_amplitudes,phases",7
14.04,14.781819493224576,,hierarchical,liu_weighted_median__variable_weighted_median,nan,nan,nan,2.3217342770306453,nan,nan,nan,5.283614624106676,cs_102621,3,,True,local+remote+phase,"local_amplitudes,remote_amplitudes,phases",7
14.04,13.860101956580376,,hierarchical,snr_mrc__variable_mrc,nan,nan,nan,0.5754919530414525,nan,nan,nan,1.2813250955813613,cs_102621,3,,True,local+remote+phase,"local_amplitudes,remote_amplitudes,phases",7
14.04,14.939190663234385,,hierarchical,hierarchical_quality_fusion,nan,nan,nan,0.5713798540868117,nan,nan,nan,6.404491903378815,cs_102621,3,,True,local+remote+phase,"local_amplitudes,remote_amplitudes,phases",7
14.04,15.44442668207086,,variable,variable_equal_average,nan,nan,nan,0.574864165224974,nan,nan,nan,10.003039046088755,cs_102621,3,,True,local+remote+phase,"local_amplitudes,remote_amplitudes,phases",8
14.04,15.055202037200223,,variable,variable_quality_weighted,nan,nan,nan,0.574864165224974,nan,nan,nan,7.230783740742335,cs_102621,3,,True,local+remote+phase,"local_amplitudes,remote_amplitudes,phases",8
14.04,14.288612820980052,,variable,variable_weighted_median,nan,nan,nan,0.574864165224974,nan,nan,nan,1.770746588177018,cs_102621,3,,True,local+remote+phase,"local_amplitudes,remote_amplitudes,phases",8
14.04,13.561699238466982,,variable,variable_mrc,nan,nan,nan,0.574864165224974,nan,nan,nan,3.4067005807194946,cs_102621,3,,True,local+remote+phase,"local_amplitudes,remote_amplitudes,phases",8
14.04,13.587375853523495,,variable,adaptive_selection,nan,nan,nan,0.574864165224974,nan,nan,nan,3.2238187070976068,cs_102621,3,local_amplitudes,True,local+remote+phase,"local_amplitudes,remote_amplitudes,phases",8
14.04,13.747336525624583,,hierarchical,best_tone__adaptive_selection,nan,nan,nan,0.6384732644247734,nan,nan,nan,2.0844976807365843,cs_102621,3,local_amplitudes,True,local+remote+phase,"local_amplitudes,remote_amplitudes,phases",8
14.04,14.730767025047893,,hierarchical,liu_weighted_median__variable_weighted_median,nan,nan,nan,2.337471627840557,nan,nan,nan,4.919993055896678,cs_102621,3,,True,local+remote+phase,"local_amplitudes,remote_amplitudes,phases",8
14.04,13.53133213562017,,hierarchical,snr_mrc__variable_mrc,nan,nan,nan,0.59689437477011,nan,nan,nan,3.6229904870358194,cs_102621,3,,True,local+remote+phase,"local_amplitudes,remote_amplitudes,phases",8
14.04,15.055202037200223,,hierarchical,hierarchical_quality_fusion,nan,nan,nan,0.574864165224974,nan,nan,nan,7.230783740742335,cs_102621,3,,True,local+remote+phase,"local_amplitudes,remote_amplitudes,phases",8
14.04,13.452481824646206,,variable,variable_equal_average,nan,nan,nan,0.5726576287948469,nan,nan,nan,4.18460238855978,cs_102621,3,,True,local+remote+phase,"local_amplitudes,remote_amplitudes,phases",9
14.04,13.50491904904425,,variable,variable_quality_weighted,nan,nan,nan,0.5726576287948469,nan,nan,nan,3.811117884300204,cs_102621,3,,True,local+remote+phase,"local_amplitudes,remote_amplitudes,phases",9
14.04,13.152642196903795,,variable,variable_weighted_median,nan,nan,nan,0.5726576287948469,nan,nan,nan,6.320212272764988,cs_102621,3,,True,local+remote+phase,"local_amplitudes,remote_amplitudes,phases",9
14.04,13.07106424634546,,variable,variable_mrc,nan,nan,nan,0.5726576287948469,nan,nan,nan,6.9012518066562665,cs_102621,3,,True,local+remote+phase,"local_amplitudes,remote_amplitudes,phases",9
14.04,13.152642196903795,,variable,adaptive_selection,nan,nan,nan,0.5726576287948469,nan,nan,nan,6.320212272764988,cs_102621,3,local_amplitudes,True,local+remote+phase,"local_amplitudes,remote_amplitudes,phases",9
14.04,13.718875390169496,,hierarchical,best_tone__adaptive_selection,nan,nan,nan,0.6419884928648626,nan,nan,nan,2.287212320730083,cs_102621,3,local_amplitudes,True,local+remote+phase,"local_amplitudes,remote_amplitudes,phases",9
14.04,14.615926643411694,,hierarchical,liu_weighted_median__variable_weighted_median,nan,nan,nan,2.3486316509286667,nan,nan,nan,4.1020416197414145,cs_102621,3,,True,local+remote+phase,"local_amplitudes,remote_amplitudes,phases",9
14.04,13.152029657627326,,hierarchical,snr_mrc__variable_mrc,nan,nan,nan,0.6044322075802486,nan,nan,nan,6.324575088124456,cs_102621,3,,True,local+remote+phase,"local_amplitudes,remote_amplitudes,phases",9
14.04,13.50491904904425,,hierarchical,hierarchical_quality_fusion,nan,nan,nan,0.5726576287948469,nan,nan,nan,3.811117884300204,cs_102621,3,,True,local+remote+phase,"local_amplitudes,remote_amplitudes,phases",9
14.04,13.123803573432527,,variable,variable_equal_average,nan,nan,nan,0.5834397109820656,nan,nan,nan,6.525615573842396,cs_102621,3,,True,local+remote+phase,"local_amplitudes,remote_amplitudes,phases",10
14.04,13.183966442906137,,variable,variable_quality_weighted,nan,nan,nan,0.5834397109820656,nan,nan,nan,6.097105107506144,cs_102621,3,,True,local+remote+phase,"local_amplitudes,remote_amplitudes,phases",10
14.04,12.736998249518523,,variable,variable_weighted_median,nan,nan,nan,0.5834397109820656,nan,nan,nan,9.280639248443563,cs_102621,3,,True,local+remote+phase,"local_amplitudes,remote_amplitudes,phases",10
14.04,12.59809203506283,,variable,variable_mrc,nan,nan,nan,0.5834397109820656,nan,nan,nan,10.269999750264738,cs_102621,3,,True,local+remote+phase,"local_amplitudes,remote_amplitudes,phases",10
14.04,12.736998249518523,,variable,adaptive_selection,nan,nan,nan,0.5834397109820656,nan,nan,nan,9.280639248443563,cs_102621,3,local_amplitudes,True,local+remote+phase,"local_amplitudes,remote_amplitudes,phases",10
14.04,13.610780485224295,,hierarchical,best_tone__adaptive_selection,nan,nan,nan,0.6506366991964332,nan,nan,nan,3.057119051109007,cs_102621,3,local_amplitudes,True,local+remote+phase,"local_amplitudes,remote_amplitudes,phases",10
14.04,14.648199792957644,,hierarchical,liu_weighted_median__variable_weighted_median,nan,nan,nan,2.4053906128809994,nan,nan,nan,4.331907357248186,cs_102621,3,,True,local+remote+phase,"local_amplitudes,remote_amplitudes,phases",10
14.04,12.655002007078592,,hierarchical,snr_mrc__variable_mrc,nan,nan,nan,0.6069671728511629,nan,nan,nan,9.864658069240795,cs_102621,3,,True,local+remote+phase,"local_amplitudes,remote_amplitudes,phases",10
14.04,13.183966442906137,,hierarchical,hierarchical_quality_fusion,nan,nan,nan,0.5834397109820656,nan,nan,nan,6.097105107506144,cs_102621,3,,True,local+remote+phase,"local_amplitudes,remote_amplitudes,phases",10
14.04,12.849536774717569,,variable,variable_equal_average,nan,nan,nan,0.5734672466992986,nan,nan,nan,8.479082801156911,cs_102621,3,,True,local+remote+phase,"local_amplitudes,remote_amplitudes,phases",11
14.04,12.884379087193807,,variable,variable_quality_weighted,nan,nan,nan,0.5734672466992986,nan,nan,nan,8.230918182380286,cs_102621,3,,True,local+remote+phase,"local_amplitudes,remote_amplitudes,phases",11
14.04,12.385575964404866,,variable,variable_weighted_median,nan,nan,nan,0.5734672466992986,nan,nan,nan,11.78364697717331,cs_102621,3,,True,local+remote+phase,"local_amplitudes,remote_amplitudes,phases",11
14.04,12.182441532754074,,variable,variable_mrc,nan,nan,nan,0.5734672466992986,nan,nan,nan,13.230473413432511,cs_102621,3,,True,local+remote+phase,"local_amplitudes,remote_amplitudes,phases",11
14.04,12.385575964404866,,variable,adaptive_selection,nan,nan,nan,0.5734672466992986,nan,nan,nan,11.78364697717331,cs_102621,3,local_amplitudes,True,local+remote+phase,"local_amplitudes,remote_amplitudes,phases",11
14.04,16.064317227793403,,hierarchical,best_tone__adaptive_selection,nan,nan,nan,0.6549962155841885,nan,nan,nan,14.418213873172391,cs_102621,3,local_amplitudes,True,local+remote+phase,"local_amplitudes,remote_amplitudes,phases",11
14.04,14.546881126949476,,hierarchical,liu_weighted_median__variable_weighted_median,nan,nan,nan,2.4495917389452404,nan,nan,nan,3.610264436962084,cs_102621,3,,True,local+remote+phase,"local_amplitudes,remote_amplitudes,phases",11
14.04,12.233761772091315,,hierarchical,snr_mrc__variable_mrc,nan,nan,nan,0.5724482468310921,nan,nan,nan,12.864944643224248,cs_102621,3,,True,local+remote+phase,"local_amplitudes,remote_amplitudes,phases",11
14.04,12.884379087193807,,hierarchical,hierarchical_quality_fusion,nan,nan,nan,0.5734672466992986,nan,nan,nan,8.230918182380286,cs_102621,3,,True,local+remote+phase,"local_amplitudes,remote_amplitudes,phases",11
14.04,12.85203986785062,,variable,variable_equal_average,nan,nan,nan,0.5455806556091307,nan,nan,nan,8.46125450248846,cs_102621,3,,True,local+remote+phase,"local_amplitudes,remote_amplitudes,phases",12
14.04,12.811302778263236,,variable,variable_quality_weighted,nan,nan,nan,0.5455806556091307,nan,nan,nan,8.751404713224806,cs_102621,3,,True,local+remote+phase,"local_amplitudes,remote_amplitudes,phases",12
14.04,12.160998638156753,,variable,variable_weighted_median,nan,nan,nan,0.5455806556091307,nan,nan,nan,13.3832005829291,cs_102621,3,,True,local+remote+phase,"local_amplitudes,remote_amplitudes,phases",12
14.04,11.989369511467068,,variable,variable_mrc,nan,nan,nan,0.5455806556091307,nan,nan,nan,14.605630260206064,cs_102621,3,,True,local+remote+phase,"local_amplitudes,remote_amplitudes,phases",12
14.04,12.160998638156753,,variable,adaptive_selection,nan,nan,nan,0.5455806556091307,nan,nan,nan,13.3832005829291,cs_102621,3,local_amplitudes,True,local+remote+phase,"local_amplitudes,remote_amplitudes,phases",12
14.04,15.247974876985781,,hierarchical,best_tone__adaptive_selection,nan,nan,nan,0.662786058849061,nan,nan,nan,8.603809665140897,cs_102621,3,local_amplitudes,True,local+remote+phase,"local_amplitudes,remote_amplitudes,phases",12
14.04,14.62882173979183,,hierarchical,liu_weighted_median__variable_weighted_median,nan,nan,nan,2.4830174528398814,nan,nan,nan,4.19388703555435,cs_102621,3,,True,local+remote+phase,"local_amplitudes,remote_amplitudes,phases",12
14.04,11.861186555236369,,hierarchical,snr_mrc__variable_mrc,nan,nan,nan,0.5376618466469106,nan,nan,nan,15.518614278943236,cs_102621,3,,True,local+remote+phase,"local_amplitudes,remote_amplitudes,phases",12
14.04,12.811302778263236,,hierarchical,hierarchical_quality_fusion,nan,nan,nan,0.5455806556091307,nan,nan,nan,8.751404713224806,cs_102621,3,,True,local+remote+phase,"local_amplitudes,remote_amplitudes,phases",12
14.04,13.009684032601122,,variable,variable_equal_average,nan,nan,nan,0.5324032516152863,nan,nan,nan,7.33843281623132,cs_102621,3,,True,local+remote+phase,"local_amplitudes,remote_amplitudes,phases",13
14.04,12.943539033817043,,variable,variable_quality_weighted,nan,nan,nan,0.5324032516152863,nan,nan,nan,7.809551041189147,cs_102621,3,,True,local+remote+phase,"local_amplitudes,remote_amplitudes,phases",13
14.04,12.09560938258197,,variable,variable_weighted_median,nan,nan,nan,0.5324032516152863,nan,nan,nan,13.84893602149594,cs_102621,3,,True,local+remote+phase,"local_amplitudes,remote_amplitudes,phases",13
14.04,11.96981473976149,,variable,variable_mrc,nan,nan,nan,0.5324032516152863,nan,nan,nan,14.744909260958039,cs_102621,3,,True,local+remote+phase,"local_amplitudes,remote_amplitudes,phases",13
14.04,12.09560938258197,,variable,adaptive_selection,nan,nan,nan,0.5324032516152863,nan,nan,nan,13.84893602149594,cs_102621,3,local_amplitudes,True,local+remote+phase,"local_amplitudes,remote_amplitudes,phases",13
14.04,14.951177292719256,,hierarchical,best_tone__adaptive_selection,nan,nan,nan,0.6640320762683035,nan,nan,nan,6.4898667572596676,cs_102621,3,local_amplitudes,True,local+remote+phase,"local_amplitudes,remote_amplitudes,phases",13
14.04,14.574489744464096,,hierarchical,liu_weighted_median__variable_weighted_median,nan,nan,nan,2.4826178212861936,nan,nan,nan,3.8069070118525388,cs_102621,3,,True,local+remote+phase,"local_amplitudes,remote_amplitudes,phases",13
14.04,11.566786736190174,,hierarchical,snr_mrc__variable_mrc,nan,nan,nan,0.5195096679042269,nan,nan,nan,17.615479086964566,cs_102621,3,,True,local+remote+phase,"local_amplitudes,remote_amplitudes,phases",13
14.04,12.943539033817043,,hierarchical,hierarchical_quality_fusion,nan,nan,nan,0.5324032516152863,nan,nan,nan,7.809551041189147,cs_102621,3,,True,local+remote+phase,"local_amplitudes,remote_amplitudes,phases",13
14.04,13.446302154772647,,variable,variable_equal_average,nan,nan,nan,0.5286007307552457,nan,nan,nan,4.228617131248945,cs_102621,3,,True,local+remote+phase,"local_amplitudes,remote_amplitudes,phases",14
14.04,13.365807997026053,,variable,variable_quality_weighted,nan,nan,nan,0.5286007307552457,nan,nan,nan,4.801937343119275,cs_102621,3,,True,local+remote+phase,"local_amplitudes,remote_amplitudes,phases",14
14.04,12.901250191438447,,variable,variable_weighted_median,nan,nan,nan,0.5286007307552457,nan,nan,nan,8.11075362223328,cs_102621,3,,True,local+remote+phase,"local_amplitudes,remote_amplitudes,phases",14
14.04,12.258904769514645,,variable,variable_mrc,nan,nan,nan,0.5286007307552457,nan,nan,nan,12.6858634649954,cs_102621,3,,True,local+remote+phase,"local_amplitudes,remote_amplitudes,phases",14
14.04,12.254801009182884,,variable,adaptive_selection,nan,nan,nan,0.5286007307552457,nan,nan,nan,12.71509252718743,cs_102621,3,local_amplitudes,True,local+remote+phase,"local_amplitudes,remote_amplitudes,phases",14
14.04,12.965864432468148,,hierarchical,best_tone__adaptive_selection,nan,nan,nan,0.6602621647126473,nan,nan,nan,7.650538230283839,cs_102621,3,local_amplitudes,True,local+remote+phase,"local_amplitudes,remote_amplitudes,phases",14
14.04,14.53423943819839,,hierarchical,liu_weighted_median__variable_weighted_median,nan,nan,nan,2.437114683755105,nan,nan,nan,3.5202239187919635,cs_102621,3,,True,local+remote+phase,"local_amplitudes,remote_amplitudes,phases",14
14.04,11.483709007503904,,hierarchical,snr_mrc__variable_mrc,nan,nan,nan,0.5033452212192482,nan,nan,nan,18.207200801254235,cs_102621,3,,True,local+remote+phase,"local_amplitudes,remote_amplitudes,phases",14
14.04,13.365807997026053,,hierarchical,hierarchical_quality_fusion,nan,nan,nan,0.5286007307552457,nan,nan,nan,4.801937343119275,cs_102621,3,,True,local+remote+phase,"local_amplitudes,remote_amplitudes,phases",14
14.04,13.716169462201492,,variable,variable_equal_average,nan,nan,nan,0.5640511152956097,nan,nan,nan,2.3064853119551794,cs_102621,3,,True,local+remote+phase,"local_amplitudes,remote_amplitudes,phases",15
14.04,13.687775559148047,,variable,variable_quality_weighted,nan,nan,nan,0.5640511152956097,nan,nan,nan,2.5087210886891165,cs_102621,3,,True,local+remote+phase,"local_amplitudes,remote_amplitudes,phases",15
14.04,13.373400677912223,,variable,variable_weighted_median,nan,nan,nan,0.5640511152956097,nan,nan,nan,4.747858419428608,cs_102621,3,,True,local+remote+phase,"local_amplitudes,remote_amplitudes,phases",15
14.04,12.774669207400272,,variable,variable_mrc,nan,nan,nan,0.5640511152956097,nan,nan,nan,9.012327582619136,cs_102621,3,,True,local+remote+phase,"local_amplitudes,remote_amplitudes,phases",15
14.04,12.64240086939089,,variable,adaptive_selection,nan,nan,nan,0.5640511152956097,nan,nan,nan,9.95440976217314,cs_102621,3,local_amplitudes,True,local+remote+phase,"local_amplitudes,remote_amplitudes,phases",15
14.04,12.92376466673308,,hierarchical,best_tone__adaptive_selection,nan,nan,nan,0.6591639038418956,nan,nan,nan,7.9503941115877454,cs_102621,3,local_amplitudes,True,local+remote+phase,"local_amplitudes,remote_amplitudes,phases",15
14.04,14.648037396470563,,hierarchical,liu_weighted_median__variable_weighted_median,nan,nan,nan,2.389996340713016,nan,nan,nan,4.330750687112282,cs_102621,3,,True,local+remote+phase,"local_amplitudes,remote_amplitudes,phases",15
14.04,12.121832854974956,,hierarchical,snr_mrc__variable_mrc,nan,nan,nan,0.5207913228584319,nan,nan,nan,13.662159152600022,cs_102621,3,,True,local+remote+phase,"local_amplitudes,remote_amplitudes,phases",15
14.04,13.687775559148047,,hierarchical,hierarchical_quality_fusion,nan,nan,nan,0.5640511152956097,nan,nan,nan,2.5087210886891165,cs_102621,3,,True,local+remote+phase,"local_amplitudes,remote_amplitudes,phases",15
14.04,13.853240690761226,,variable,variable_equal_average,nan,nan,nan,0.5989451689134725,nan,nan,nan,1.330194510247675,cs_102621,3,,True,local+remote+phase,"local_amplitudes,remote_amplitudes,phases",16
14.04,13.816896379242944,,variable,variable_quality_weighted,nan,nan,nan,0.5989451689134725,nan,nan,nan,1.5890571278992502,cs_102621,3,,True,local+remote+phase,"local_amplitudes,remote_amplitudes,phases",16
14.04,13.677381554865951,,variable,variable_weighted_median,nan,nan,nan,0.5989451689134725,nan,nan,nan,2.5827524582197166,cs_102621,3,,True,local+remote+phase,"local_amplitudes,remote_amplitudes,phases",16
14.04,13.247081706785767,,variable,variable_mrc,nan,nan,nan,0.5989451689134725,nan,nan,nan,5.647566190984557,cs_102621,3,,True,local+remote+phase,"local_amplitudes,remote_amplitudes,phases",16
14.04,13.041312272736013,,variable,adaptive_selection,nan,nan,nan,0.5989451689134725,nan,nan,nan,7.113160450598192,cs_102621,3,local_amplitudes,True,local+remote+phase,"local_amplitudes,remote_amplitudes,phases",16
14.04,14.694640188356946,,hierarchical,best_tone__adaptive_selection,nan,nan,nan,0.6573894559112743,nan,nan,nan,4.662679404251756,cs_102621,3,local_amplitudes,True,local+remote+phase,"local_amplitudes,remote_amplitudes,phases",16
14.04,14.605187030932493,,hierarchical,liu_weighted_median__variable_weighted_median,nan,nan,nan,2.316131085872646,nan,nan,nan,4.025548653365341,cs_102621,3,,True,local+remote+phase,"local_amplitudes,remote_amplitudes,phases",16
14.04,13.15856589310241,,hierarchical,snr_mrc__variable_mrc,nan,nan,nan,0.5865812034312259,nan,nan,nan,6.278020704398789,cs_102621,3,,True,local+remote+phase,"local_amplitudes,remote_amplitudes,phases",16
14.04,13.816896379242944,,hierarchical,hierarchical_quality_fusion,nan,nan,nan,0.5989451689134725,nan,nan,nan,1.5890571278992502,cs_102621,3,,True,local+remote+phase,"local_amplitudes,remote_amplitudes,phases",16
14.04,13.906112561628577,,variable,variable_equal_average,nan,nan,nan,0.6366161126401184,nan,nan,nan,0.9536142334146892,cs_102621,3,,True,local+remote+phase,"local_amplitudes,remote_amplitudes,phases",17
14.04,13.88370325114522,,variable,variable_quality_weighted,nan,nan,nan,0.6366161126401184,nan,nan,nan,1.1132247069428662,cs_102621,3,,True,local+remote+phase,"local_amplitudes,remote_amplitudes,phases",17
14.04,13.84810081110708,,variable,variable_weighted_median,nan,nan,nan,0.6366161126401184,nan,nan,nan,1.3668033396931516,cs_102621,3,,True,local+remote+phase,"local_amplitudes,remote_amplitudes,phases",17
14.04,13.613096541189563,,variable,variable_mrc,nan,nan,nan,0.6366161126401184,nan,nan,nan,3.0406229260002573,cs_102621,3,,True,local+remote+phase,"local_amplitudes,remote_amplitudes,phases",17
14.04,13.447454575932436,,variable,adaptive_selection,nan,nan,nan,0.6366161126401184,nan,nan,nan,4.22040900333022,cs_102621,3,local_amplitudes,True,local+remote+phase,"local_amplitudes,remote_amplitudes,phases",17
14.04,13.122229588159943,,hierarchical,best_tone__adaptive_selection,nan,nan,nan,0.6562208697402092,nan,nan,nan,6.536826295157096,cs_102621,3,local_amplitudes,True,local+remote+phase,"local_amplitudes,remote_amplitudes,phases",17
14.04,14.542076549172693,,hierarchical,liu_weighted_median__variable_weighted_median,nan,nan,nan,2.244846592380519,nan,nan,nan,3.5760437975263093,cs_102621,3,,True,local+remote+phase,"local_amplitudes,remote_amplitudes,phases",17
14.04,13.606173326811318,,hierarchical,snr_mrc__variable_mrc,nan,nan,nan,0.6562208697402092,nan,nan,nan,3.089933569719954,cs_102621,3,,True,local+remote+phase,"local_amplitudes,remote_amplitudes,phases",17
14.04,13.88370325114522,,hierarchical,hierarchical_quality_fusion,nan,nan,nan,0.6366161126401184,nan,nan,nan,1.1132247069428662,cs_102621,3,,True,local+remote+phase,"local_amplitudes,remote_amplitudes,phases",17
14.04,13.929821199516562,,variable,variable_equal_average,nan,nan,nan,0.6292848425764466,nan,nan,nan,0.7847492911925726,cs_102621,3,,True,local+remote+phase,"local_amplitudes,remote_amplitudes,phases",18
14.04,13.92025535287011,,variable,variable_quality_weighted,nan,nan,nan,0.6292848425764466,nan,nan,nan,0.8528821020647435,cs_102621,3,,True,local+remote+phase,"local_amplitudes,remote_amplitudes,phases",18
14.04,13.999131554712786,,variable,variable_weighted_median,nan,nan,nan,0.6292848425764466,nan,nan,nan,0.2910857926439673,cs_102621,3,,True,local+remote+phase,"local_amplitudes,remote_amplitudes,phases",18
14.04,13.864469627230864,,variable,variable_mrc,nan,nan,nan,0.6292848425764466,nan,nan,nan,1.2502163302644933,cs_102621,3,,True,local+remote+phase,"local_amplitudes,remote_amplitudes,phases",18
14.04,13.765088770316549,,variable,adaptive_selection,nan,nan,nan,0.6292848425764466,nan,nan,nan,1.958057191477567,cs_102621,3,local_amplitudes,True,local+remote+phase,"local_amplitudes,remote_amplitudes,phases",18
14.04,13.309159162011484,,hierarchical,best_tone__adaptive_selection,nan,nan,nan,0.6435795480462891,nan,nan,nan,5.205419073992271,cs_102621,3,local_amplitudes,True,local+remote+phase,"local_amplitudes,remote_amplitudes,phases",18
14.04,14.514274051742905,,hierarchical,liu_weighted_median__variable_weighted_median,nan,nan,nan,2.0975640570437015,nan,nan,nan,3.3780203115591614,cs_102621,3,,True,local+remote+phase,"local_amplitudes,remote_amplitudes,phases",18
14.04,13.794633325973999,,hierarchical,snr_mrc__variable_mrc,nan,nan,nan,0.6435795480462891,nan,nan,nan,1.747625883376069,cs_102621,3,,True,local+remote+phase,"local_amplitudes,remote_amplitudes,phases",18
14.04,13.92025535287011,,hierarchical,hierarchical_quality_fusion,nan,nan,nan,0.6292848425764466,nan,nan,nan,0.8528821020647435,cs_102621,3,,True,local+remote+phase,"local_amplitudes,remote_amplitudes,phases",18
14.04,13.852300580531486,,variable,variable_equal_average,nan,nan,nan,0.6011201578250512,nan,nan,nan,1.3368904520549398,cs_102621,3,,True,local+remote+phase,"local_amplitudes,remote_amplitudes,phases",19
14.04,13.89295659819951,,variable,variable_quality_weighted,nan,nan,nan,0.6011201578250512,nan,nan,nan,1.0473176766416654,cs_102621,3,,True,local+remote+phase,"local_amplitudes,remote_amplitudes,phases",19
14.04,13.997035215346369,,variable,variable_weighted_median,nan,nan,nan,0.6011201578250512,nan,nan,nan,0.3060169847124681,cs_102621,3,,True,local+remote+phase,"local_amplitudes,remote_amplitudes,phases",19
14.04,14.04542963770423,,variable,variable_mrc,nan,nan,nan,0.6011201578250512,nan,nan,nan,0.03867263322101294,cs_102621,3,,True,local+remote+phase,"local_amplitudes,remote_amplitudes,phases",19
14.04,13.997035215346369,,variable,adaptive_selection,nan,nan,nan,0.6011201578250512,nan,nan,nan,0.3060169847124681,cs_102621,3,local_amplitudes,True,local+remote+phase,"local_amplitudes,remote_amplitudes,phases",19
14.04,13.49930164423127,,hierarchical,best_tone__adaptive_selection,nan,nan,nan,0.6301300870124477,nan,nan,nan,3.851127890090663,cs_102621,3,local_amplitudes,True,local+remote+phase,"local_amplitudes,remote_amplitudes,phases",19
14.04,14.388824700668675,,hierarchical,liu_weighted_median__variable_weighted_median,nan,nan,nan,1.999428133992321,nan,nan,nan,2.484506415019057,cs_102621,3,,True,local+remote+phase,"local_amplitudes,remote_amplitudes,phases",19
14.04,13.97338971545048,,hierarchical,snr_mrc__variable_mrc,nan,nan,nan,0.6301300870124477,nan,nan,nan,0.47443222613617453,cs_102621,3,,True,local+remote+phase,"local_amplitudes,remote_amplitudes,phases",19
14.04,13.89295659819951,,hierarchical,hierarchical_quality_fusion,nan,nan,nan,0.6011201578250512,nan,nan,nan,1.0473176766416654,cs_102621,3,,True,local+remote+phase,"local_amplitudes,remote_amplitudes,phases",19
14.04,13.673883719410966,,variable,variable_equal_average,nan,nan,nan,0.5882184390516615,nan,nan,nan,2.607665816161202,cs_102621,3,,True,local+remote+phase,"local_amplitudes,remote_amplitudes,phases",20
14.04,13.782197810231892,,variable,variable_quality_weighted,nan,nan,nan,0.5882184390516615,nan,nan,nan,1.8361979328212743,cs_102621,3,,True,local+remote+phase,"local_amplitudes,remote_amplitudes,phases",20
14.04,14.09645218213428,,variable,variable_weighted_median,nan,nan,nan,0.5882184390516615,nan,nan,nan,0.40208106933248694,cs_102621,3,,True,local+remote+phase,"local_amplitudes,remote_amplitudes,phases",20
14.04,14.135058683878572,,variable,variable_mrc,nan,nan,nan,0.5882184390516615,nan,nan,nan,0.6770561529812906,cs_102621,3,,True,local+remote+phase,"local_amplitudes,remote_amplitudes,phases",20
14.04,14.179805087651205,,variable,adaptive_selection,nan,nan,nan,0.5882184390516615,nan,nan,nan,0.9957627325584492,cs_102621,3,local_amplitudes,True,local+remote+phase,"local_amplitudes,remote_amplitudes,phases",20
14.04,13.636499418940572,,hierarchical,best_tone__adaptive_selection,nan,nan,nan,0.6229454499838488,nan,nan,nan,2.8739357625315343,cs_102621,3,local_amplitudes,True,local+remote+phase,"local_amplitudes,remote_amplitudes,phases",20
14.04,14.497137954398058,,hierarchical,liu_weighted_median__variable_weighted_median,nan,nan,nan,1.987626623479201,nan,nan,nan,3.2559683361685097,cs_102621,3,,True,local+remote+phase,"local_amplitudes,remote_amplitudes,phases",20
14.04,14.165588100021703,,hierarchical,snr_mrc__variable_mrc,nan,nan,nan,0.6229454499838488,nan,nan,nan,0.8945021369067194,cs_102621,3,,True,local+remote+phase,"local_amplitudes,remote_amplitudes,phases",20
14.04,13.782197810231892,,hierarchical,hierarchical_quality_fusion,nan,nan,nan,0.5882184390516615,nan,nan,nan,1.8361979328212743,cs_102621,3,,True,local+remote+phase,"local_amplitudes,remote_amplitudes,phases",20
14.04,13.444653786204462,,variable,variable_equal_average,nan,nan,nan,0.5881389655702004,nan,nan,nan,4.240357648116361,cs_102621,3,,True,local+remote+phase,"local_amplitudes,remote_amplitudes,phases",21
14.04,13.575052084218905,,variable,variable_quality_weighted,nan,nan,nan,0.5881389655702004,nan,nan,nan,3.3115948417456846,cs_102621,3,,True,local+remote+phase,"local_amplitudes,remote_amplitudes,phases",21
14.04,14.02675229699228,,variable,variable_weighted_median,nan,nan,nan,0.5881389655702004,nan,nan,nan,0.09435685902934032,cs_102621,3,,True,local+remote+phase,"local_amplitudes,remote_amplitudes,phases",21
14.04,14.122165992193992,,variable,variable_mrc,nan,nan,nan,0.5881389655702004,nan,nan,nan,0.5852278646295767,cs_102621,3,,True,local+remote+phase,"local_amplitudes,remote_amplitudes,phases",21
14.04,14.264431625058853,,variable,adaptive_selection,nan,nan,nan,0.5881389655702004,nan,nan,nan,1.598515847997533,cs_102621,3,local_amplitudes,True,local+remote+phase,"local_amplitudes,remote_amplitudes,phases",21
14.04,13.700793630679028,,hierarchical,best_tone__adaptive_selection,nan,nan,nan,0.6149619052786824,nan,nan,nan,2.415999781488398,cs_102621,3,local_amplitudes,True,local+remote+phase,"local_amplitudes,remote_amplitudes,phases",21
14.04,14.354241113264168,,hierarchical,liu_weighted_median__variable_weighted_median,nan,nan,nan,2.008399740217582,nan,nan,nan,2.238184567408609,cs_102621,3,,True,local+remote+phase,"local_amplitudes,remote_amplitudes,phases",21
14.04,14.200640097899038,,hierarchical,snr_mrc__variable_mrc,nan,nan,nan,0.6017592476837457,nan,nan,nan,1.1441602414461467,cs_102621,3,,True,local+remote+phase,"local_amplitudes,remote_amplitudes,phases",21
14.04,13.575052084218905,,hierarchical,hierarchical_quality_fusion,nan,nan,nan,0.5881389655702004,nan,nan,nan,3.3115948417456846,cs_102621,3,,True,local+remote+phase,"local_amplitudes,remote_amplitudes,phases",21
14.04,13.273993361223583,,variable,variable_equal_average,nan,nan,nan,0.5738630053094992,nan,nan,nan,5.455887740572762,cs_102621,3,,True,local+remote+phase,"local_amplitudes,remote_amplitudes,phases",22
14.04,13.389081725663623,,variable,variable_quality_weighted,nan,nan,nan,0.5738630053094992,nan,nan,nan,4.636170045130887,cs_102621,3,,True,local+remote+phase,"local_amplitudes,remote_amplitudes,phases",22
14.04,13.874454778803145,,variable,variable_weighted_median,nan,nan,nan,0.5738630053094992,nan,nan,nan,1.1790970170716129,cs_102621,3,,True,local+remote+phase,"local_amplitudes,remote_amplitudes,phases",22
14.04,13.974519233770103,,variable,variable_mrc,nan,nan,nan,0.5738630053094992,nan,nan,nan,0.46638722385966097,cs_102621,3,,True,local+remote+phase,"local_amplitudes,remote_amplitudes,phases",22
14.04,13.874454778803145,,variable,adaptive_selection,nan,nan,nan,0.5738630053094992,nan,nan,nan,1.1790970170716129,cs_102621,3,remote_amplitudes,True,local+remote+phase,"local_amplitudes,remote_amplitudes,phases",22
14.04,13.667508015976361,,hierarchical,best_tone__adaptive_selection,nan,nan,nan,0.606092908293403,nan,nan,nan,2.65307680928517,cs_102621,3,local_amplitudes,True,local+remote+phase,"local_amplitudes,remote_amplitudes,phases",22
14.04,14.294075460813382,,hierarchical,liu_weighted_median__variable_weighted_median,nan,nan,nan,2.0318224528402933,nan,nan,nan,1.8096542792975956,cs_102621,3,,True,local+remote+phase,"local_amplitudes,remote_amplitudes,phases",22
14.04,14.285084165944074,,hierarchical,snr_mrc__variable_mrc,nan,nan,nan,0.5789644695760696,nan,nan,nan,1.7456137175503903,cs_102621,3,,True,local+remote+phase,"local_amplitudes,remote_amplitudes,phases",22
14.04,13.389081725663623,,hierarchical,hierarchical_quality_fusion,nan,nan,nan,0.5738630053094992,nan,nan,nan,4.636170045130887,cs_102621,3,,True,local+remote+phase,"local_amplitudes,remote_amplitudes,phases",22
14.04,13.169955008971995,,variable,variable_equal_average,nan,nan,nan,0.526691447705037,nan,nan,nan,6.196901645498609,cs_102621,3,,True,local+remote+phase,"local_amplitudes,remote_amplitudes,phases",23
14.04,13.263234417546462,,variable,variable_quality_weighted,nan,nan,nan,0.526691447705037,nan,nan,nan,5.532518393543712,cs_102621,3,,True,local+remote+phase,"local_amplitudes,remote_amplitudes,phases",23
14.04,13.68088799941165,,variable,variable_weighted_median,nan,nan,nan,0.526691447705037,nan,nan,nan,2.5577777819682948,cs_102621,3,,True,local+remote+phase,"local_amplitudes,remote_amplitudes,phases",23
14.04,13.736419778373532,,variable,variable_mrc,nan,nan,nan,0.526691447705037,nan,nan,nan,2.1622522907868,cs_102621,3,,True,local+remote+phase,"local_amplitudes,remote_amplitudes,phases",23
14.04,13.68088799941165,,variable,adaptive_selection,nan,nan,nan,0.526691447705037,nan,nan,nan,2.5577777819682948,cs_102621,3,remote_amplitudes,True,local+remote+phase,"local_amplitudes,remote_amplitudes,phases",23
14.04,13.58161596313897,,hierarchical,best_tone__adaptive_selection,nan,nan,nan,0.592128750889599,nan,nan,nan,3.2648435673862433,cs_102621,3,local_amplitudes,True,local+remote+phase,"local_amplitudes,remote_amplitudes,phases",23
14.04,14.478550316277497,,hierarchical,liu_weighted_median__variable_weighted_median,nan,nan,nan,1.9377851248839357,nan,nan,nan,3.123577751264229,cs_102621,3,,True,local+remote+phase,"local_amplitudes,remote_amplitudes,phases",23
14.04,14.079819883070245,,hierarchical,snr_mrc__variable_mrc,nan,nan,nan,0.5319393061611615,nan,nan,nan,0.283617400785227,cs_102621,3,,True,local+remote+phase,"local_amplitudes,remote_amplitudes,phases",23
14.04,13.263234417546462,,hierarchical,hierarchical_quality_fusion,nan,nan,nan,0.526691447705037,nan,nan,nan,5.532518393543712,cs_102621,3,,True,local+remote+phase,"local_amplitudes,remote_amplitudes,phases",23
14.04,13.11984361362625,,variable,variable_equal_average,nan,nan,nan,0.47430175078264153,nan,nan,nan,6.553820415767446,cs_102621,3,,True,local+remote+phase,"local_amplitudes,remote_amplitudes,phases",24
14.04,13.240941757392847,,variable,variable_quality_weighted,nan,nan,nan,0.47430175078264153,nan,nan,nan,5.69129802426747,cs_102621,3,,True,local+remote+phase,"local_amplitudes,remote_amplitudes,phases",24
14.04,13.501237440755123,,variable,variable_weighted_median,nan,nan,nan,0.47430175078264153,nan,nan,nan,3.837340165561798,cs_102621,3,,True,local+remote+phase,"local_amplitudes,remote_amplitudes,phases",24
14.04,13.508589378775014,,variable,variable_mrc,nan,nan,nan,0.47430175078264153,nan,nan,nan,3.7849759346508938,cs_102621,3,,True,local+remote+phase,"local_amplitudes,remote_amplitudes,phases",24
14.04,13.501237440755123,,variable,adaptive_selection,nan,nan,nan,0.47430175078264153,nan,nan,nan,3.837340165561798,cs_102621,3,remote_amplitudes,True,local+remote+phase,"local_amplitudes,remote_amplitudes,phases",24
14.04,13.46513963779844,,hierarchical,best_tone__adaptive_selection,nan,nan,nan,0.5750823653907867,nan,nan,nan,4.094447024227626,cs_102621,3,local_amplitudes,True,local+remote+phase,"local_amplitudes,remote_amplitudes,phases",24
14.04,14.50903838269883,,hierarchical,liu_weighted_median__variable_weighted_median,nan,nan,nan,1.88112992214198,nan,nan,nan,3.3407292215016398,cs_102621,3,,True,local+remote+phase,"local_amplitudes,remote_amplitudes,phases",24
14.04,13.785526914769894,,hierarchical,snr_mrc__variable_mrc,nan,nan,nan,0.49514903302812,nan,nan,nan,1.8124863620377831,cs_102621,3,,True,local+remote+phase,"local_amplitudes,remote_amplitudes,phases",24
14.04,13.240941757392847,,hierarchical,hierarchical_quality_fusion,nan,nan,nan,0.47430175078264153,nan,nan,nan,5.69129802426747,cs_102621,3,,True,local+remote+phase,"local_amplitudes,remote_amplitudes,phases",24
14.04,13.331372268093737,,variable,variable_equal_average,nan,nan,nan,0.4397648844299012,nan,nan,nan,5.047206067708418,cs_102621,3,,True,local+remote+phase,"local_amplitudes,remote_amplitudes,phases",25
14.04,13.441009447059052,,variable,variable_quality_weighted,nan,nan,nan,0.4397648844299012,nan,nan,nan,4.266314479636375,cs_102621,3,,True,local+remote+phase,"local_amplitudes,remote_amplitudes,phases",25
14.04,13.494965433924577,,variable,variable_weighted_median,nan,nan,nan,0.4397648844299012,nan,nan,nan,3.882012578884775,cs_102621,3,,True,local+remote+phase,"local_amplitudes,remote_amplitudes,phases",25
14.04,13.492414861033376,,variable,variable_mrc,nan,nan,nan,0.4397648844299012,nan,nan,nan,3.900179052468824,cs_102621,3,,True,local+remote+phase,"local_amplitudes,remote_amplitudes,phases",25
14.04,13.494965433924577,,variable,adaptive_selection,nan,nan,nan,0.4397648844299012,nan,nan,nan,3.882012578884775,cs_102621,3,remote_amplitudes,True,local+remote+phase,"local_amplitudes,remote_amplitudes,phases",25
14.04,14.387594040827386,,hierarchical,best_tone__adaptive_selection,nan,nan,nan,0.5732187122279625,nan,nan,nan,2.4757410315340938,cs_102621,3,local_amplitudes,True,local+remote+phase,"local_amplitudes,remote_amplitudes,phases",25
14.04,14.584853176629963,,hierarchical,liu_weighted_median__variable_weighted_median,nan,nan,nan,1.8414703914251405,nan,nan,nan,3.8807206312675486,cs_102621,3,,True,local+remote+phase,"local_amplitudes,remote_amplitudes,phases",25
14.04,13.637251344437738,,hierarchical,snr_mrc__variable_mrc,nan,nan,nan,0.45160618126475166,nan,nan,nan,2.868580167822374,cs_102621,3,,True,local+remote+phase,"local_amplitudes,remote_amplitudes,phases",25
14.04,13.441009447059052,,hierarchical,hierarchical_quality_fusion,nan,nan,nan,0.4397648844299012,nan,nan,nan,4.266314479636375,cs_102621,3,,True,local+remote+phase,"local_amplitudes,remote_amplitudes,phases",25
16.17,13.025569125549751,,variable,variable_equal_average,nan,nan,nan,0.41960785684071483,nan,nan,nan,19.4460783825,cs_102621,4a,,True,local+remote+phase,"local_amplitudes,remote_amplitudes,phases",0
16.17,12.911592197262742,,variable,variable_quality_weighted,nan,nan,nan,0.41960785684071483,nan,nan,nan,20.150944976730116,cs_102621,4a,,True,local+remote+phase,"local_amplitudes,remote_amplitudes,phases",0
16.17,14.929645110141514,,variable,variable_weighted_median,nan,nan,nan,0.41960785684071483,nan,nan,nan,7.670716696712969,cs_102621,4a,,True,local+remote+phase,"local_amplitudes,remote_amplitudes,phases",0
16.17,17.217121523853947,,variable,variable_mrc,nan,nan,nan,0.41960785684071483,nan,nan,nan,6.4757051567962005,cs_102621,4a,,True,local+remote+phase,"local_amplitudes,remote_amplitudes,phases",0
16.17,17.058456157045082,,variable,adaptive_selection,nan,nan,nan,0.41960785684071483,nan,nan,nan,5.494472214255291,cs_102621,4a,local_amplitudes,True,local+remote+phase,"local_amplitudes,remote_amplitudes,phases",0
16.17,10.398457235531746,,hierarchical,best_tone__adaptive_selection,nan,nan,nan,0.4915261177898804,nan,nan,nan,35.692905160595274,cs_102621,4a,phases,True,local+remote+phase,"local_amplitudes,remote_amplitudes,phases",0
16.17,15.093112516901222,,hierarchical,liu_weighted_median__variable_weighted_median,nan,nan,nan,1.305945119203287,nan,nan,nan,6.659786537407419,cs_102621,4a,,True,local+remote+phase,"local_amplitudes,remote_amplitudes,phases",0
16.17,16.784909142797698,,hierarchical,snr_mrc__variable_mrc,nan,nan,nan,0.4264665755909209,nan,nan,nan,3.802777630165097,cs_102621,4a,,True,local+remote+phase,"local_amplitudes,remote_amplitudes,phases",0
16.17,12.911592197262742,,hierarchical,hierarchical_quality_fusion,nan,nan,nan,0.41960785684071483,nan,nan,nan,20.150944976730116,cs_102621,4a,,True,local+remote+phase,"local_amplitudes,remote_amplitudes,phases",0
16.17,12.655583784038347,,variable,variable_equal_average,nan,nan,nan,0.4565653884047434,nan,nan,nan,21.73417573260145,cs_102621,4a,,True,local+remote+phase,"local_amplitudes,remote_amplitudes,phases",1
16.17,12.513207398872602,,variable,variable_quality_weighted,nan,nan,nan,0.4565653884047434,nan,nan,nan,22.61467285793073,cs_102621,4a,,True,local+remote+phase,"local_amplitudes,remote_amplitudes,phases",1
16.17,14.437024937287601,,variable,variable_weighted_median,nan,nan,nan,0.4565653884047434,nan,nan,nan,10.717223640769328,cs_102621,4a,,True,local+remote+phase,"local_amplitudes,remote_amplitudes,phases",1
16.17,17.139754350678682,,variable,variable_mrc,nan,nan,nan,0.4565653884047434,nan,nan,nan,5.997243974512558,cs_102621,4a,,True,local+remote+phase,"local_amplitudes,remote_amplitudes,phases",1
16.17,16.793881903506552,,variable,adaptive_selection,nan,nan,nan,0.4565653884047434,nan,nan,nan,3.8582678015247387,cs_102621,4a,local_amplitudes,True,local+remote+phase,"local_amplitudes,remote_amplitudes,phases",1
16.17,10.543391083783778,,hierarchical,best_tone__adaptive_selection,nan,nan,nan,0.5017450609499433,nan,nan,nan,34.79659193702055,cs_102621,4a,phases,True,local+remote+phase,"local_amplitudes,remote_amplitudes,phases",1
16.17,15.593162275345183,,hierarchical,liu_weighted_median__variable_weighted_median,nan,nan,nan,1.3249621432888068,nan,nan,nan,3.5673328673767406,cs_102621,4a,,True,local+remote+phase,"local_amplitudes,remote_amplitudes,phases",1
16.17,17.08788581196394,,hierarchical,snr_mrc__variable_mrc,nan,nan,nan,0.4466818150569402,nan,nan,nan,5.676473790747915,cs_102621,4a,,True,local+remote+phase,"local_amplitudes,remote_amplitudes,phases",1
16.17,12.513207398872602,,hierarchical,hierarchical_quality_fusion,nan,nan,nan,0.4565653884047434,nan,nan,nan,22.61467285793073,cs_102621,4a,,True,local+remote+phase,"local_amplitudes,remote_amplitudes,phases",1
16.17,12.149317497286242,,variable,variable_equal_average,nan,nan,nan,0.45678938234242555,nan,nan,nan,24.86507422828546,cs_102621,4a,,True,local+remote+phase,"local_amplitudes,remote_amplitudes,phases",2
16.17,12.134748564956586,,variable,variable_quality_weighted,nan,nan,nan,0.45678938234242555,nan,nan,nan,24.955172758462677,cs_102621,4a,,True,local+remote+phase,"local_amplitudes,remote_amplitudes,phases",2
16.17,13.686467233480247,,variable,variable_weighted_median,nan,nan,nan,0.45678938234242555,nan,nan,nan,15.358891567840164,cs_102621,4a,,True,local+remote+phase,"local_amplitudes,remote_amplitudes,phases",2
16.17,16.991288690473194,,variable,variable_mrc,nan,nan,nan,0.45678938234242555,nan,nan,nan,5.079088994886781,cs_102621,4a,,True,local+remote+phase,"local_amplitudes,remote_amplitudes,phases",2
16.17,16.404464710433274,,variable,adaptive_selection,nan,nan,nan,0.45678938234242555,nan,nan,nan,1.4499982092348311,cs_102621,4a,local_amplitudes,True,local+remote+phase,"local_amplitudes,remote_amplitudes,phases",2
16.17,10.693440288832948,,hierarchical,best_tone__adaptive_selection,nan,nan,nan,0.5104212744807194,nan,nan,nan,33.86864385384696,cs_102621,4a,phases,True,local+remote+phase,"local_amplitudes,remote_amplitudes,phases",2
16.17,15.599318052525707,,hierarchical,liu_weighted_median__variable_weighted_median,nan,nan,nan,1.358843659493582,nan,nan,nan,3.529263744429777,cs_102621,4a,,True,local+remote+phase,"local_amplitudes,remote_amplitudes,phases",2
16.17,16.854518836347083,,hierarchical,snr_mrc__variable_mrc,nan,nan,nan,0.4628578781763338,nan,nan,nan,4.2332642940450285,cs_102621,4a,,True,local+remote+phase,"local_amplitudes,remote_amplitudes,phases",2
16.17,12.134748564956586,,hierarchical,hierarchical_quality_fusion,nan,nan,nan,0.45678938234242555,nan,nan,nan,24.955172758462677,cs_102621,4a,,True,local+remote+phase,"local_amplitudes,remote_amplitudes,phases",2
16.17,11.786479089764184,,variable,variable_equal_average,nan,nan,nan,0.4492043995977248,nan,nan,nan,27.10897285241693,cs_102621,4a,,True,local+remote+phase,"local_amplitudes,remote_amplitudes,phases",3
16.17,11.957155920961975,,variable,variable_quality_weighted,nan,nan,nan,0.4492043995977248,nan,nan,nan,26.053457507965526,cs_102621,4a,,True,local+remote+phase,"local_amplitudes,remote_amplitudes,phases",3
16.17,13.022105708746768,,variable,variable_weighted_median,nan,nan,nan,0.4492043995977248,nan,nan,nan,19.467497162976088,cs_102621,4a,,True,local+remote+phase,"local_amplitudes,remote_amplitudes,phases",3
16.17,16.82881649826494,,variable,variable_mrc,nan,nan,nan,0.4492043995977248,nan,nan,nan,4.07431353286912,cs_102621,4a,,True,local+remote+phase,"local_amplitudes,remote_amplitudes,phases",3
16.17,15.980311012600579,,variable,adaptive_selection,nan,nan,nan,0.4492043995977248,nan,nan,nan,1.173092068023642,cs_102621,4a,local_amplitudes,True,local+remote+phase,"local_amplitudes,remote_amplitudes,phases",3
16.17,10.901712631614847,,hierarchical,best_tone__adaptive_selection,nan,nan,nan,0.5032898889930802,nan,nan,nan,32.58062689168308,cs_102621,4a,phases,True,local+remote+phase,"local_amplitudes,remote_amplitudes,phases",3
16.17,15.530014820281373,,hierarchical,liu_weighted_median__variable_weighted_median,nan,nan,nan,1.3513035044070387,nan,nan,nan,3.957855162143652,cs_102621,4a,,True,local+remote+phase,"local_amplitudes,remote_amplitudes,phases",3
16.17,16.679149034822757,,hierarchical,snr_mrc__variable_mrc,nan,nan,nan,0.4339619625725202,nan,nan,nan,3.1487262512229752,cs_102621,4a,,True,local+remote+phase,"local_amplitudes,remote_amplitudes,phases",3
16.17,11.957155920961975,,hierarchical,hierarchical_quality_fusion,nan,nan,nan,0.4492043995977248,nan,nan,nan,26.053457507965526,cs_102621,4a,,True,local+remote+phase,"local_amplitudes,remote_amplitudes,phases",3
16.17,11.6676701309462,,variable,variable_equal_average,nan,nan,nan,0.44263822829806054,nan,nan,nan,27.843722133913424,cs_102621,4a,,True,local+remote+phase,"local_amplitudes,remote_amplitudes,phases",4
16.17,12.072705244902103,,variable,variable_quality_weighted,nan,nan,nan,0.44263822829806054,nan,nan,nan,25.338866760036478,cs_102621,4a,,True,local+remote+phase,"local_amplitudes,remote_amplitudes,phases",4
16.17,13.111187336861876,,variable,variable_weighted_median,nan,nan,nan,0.44263822829806054,nan,nan,nan,18.91659037191172,cs_102621,4a,,True,local+remote+phase,"local_amplitudes,remote_amplitudes,phases",4
16.17,16.81414124578804,,variable,variable_mrc,nan,nan,nan,0.44263822829806054,nan,nan,nan,3.9835574878666553,cs_102621,4a,,True,local+remote+phase,"local_amplitudes,remote_amplitudes,phases",4
16.17,15.534802508031522,,variable,adaptive_selection,nan,nan,nan,0.44263822829806054,nan,nan,nan,3.9282467035774884,cs_102621,4a,local_amplitudes,True,local+remote+phase,"local_amplitudes,remote_amplitudes,phases",4
16.17,11.084294915895796,,hierarchical,best_tone__adaptive_selection,nan,nan,nan,0.5108420589099715,nan,nan,nan,31.451484750180608,cs_102621,4a,phases,True,local+remote+phase,"local_amplitudes,remote_amplitudes,phases",4
16.17,15.434950270684682,,hierarchical,liu_weighted_median__variable_weighted_median,nan,nan,nan,1.3329191523537136,nan,nan,nan,4.545762086056396,cs_102621,4a,,True,local+remote+phase,"local_amplitudes,remote_amplitudes,phases",4
16.17,17.375463598233516,,hierarchical,snr_mrc__variable_mrc,nan,nan,nan,0.4219797300572241,nan,nan,nan,7.454938764585739,cs_102621,4a,,True,local+remote+phase,"local_amplitudes,remote_amplitudes,phases",4
16.17,12.072705244902103,,hierarchical,hierarchical_quality_fusion,nan,nan,nan,0.44263822829806054,nan,nan,nan,25.338866760036478,cs_102621,4a,,True,local+remote+phase,"local_amplitudes,remote_amplitudes,phases",4
16.17,11.654728063884098,,variable,variable_equal_average,nan,nan,nan,0.43422670286695303,nan,nan,nan,27.92375965439643,cs_102621,4a,,True,local+remote+phase,"local_amplitudes,remote_amplitudes,phases",5
16.17,12.241316452684302,,variable,variable_quality_weighted,nan,nan,nan,0.43422670286695303,nan,nan,nan,24.296125833739637,cs_102621,4a,,True,local+remote+phase,"local_amplitudes,remote_amplitudes,phases",5
16.17,13.253447817592678,,variable,variable_weighted_median,nan,nan,nan,0.43422670286695303,nan,nan,nan,18.03681003344047,cs_102621,4a,,True,local+remote+phase,"local_amplitudes,remote_amplitudes,phases",5
16.17,6.700927683404868,,variable,variable_mrc,nan,nan,nan,0.43422670286695303,nan,nan,nan,58.55950721456483,cs_102621,4a,,True,local+remote+phase,"local_amplitudes,remote_amplitudes,phases",5
16.17,15.353715826114412,,variable,adaptive_selection,nan,nan,nan,0.43422670286695303,nan,nan,nan,5.048139603497773,cs_102621,4a,local_amplitudes,True,local+remote+phase,"local_amplitudes,remote_amplitudes,phases",5
16.17,17.915197304445275,,hierarchical,best_tone__adaptive_selection,nan,nan,nan,0.5114150975691251,nan,nan,nan,10.792809551300392,cs_102621,4a,local_amplitudes,True,local+remote+phase,"local_amplitudes,remote_amplitudes,phases",5
16.17,15.294368452021454,,hierarchical,liu_weighted_median__variable_weighted_median,nan,nan,nan,1.359851985042359,nan,nan,nan,5.4151610883027095,cs_102621,4a,,True,local+remote+phase,"local_amplitudes,remote_amplitudes,phases",5
16.17,12.976784647169465,,hierarchical,snr_mrc__variable_mrc,nan,nan,nan,0.43906005976868673,nan,nan,nan,19.74777583692354,cs_102621,4a,,True,local+remote+phase,"local_amplitudes,remote_amplitudes,phases",5
16.17,12.241316452684302,,hierarchical,hierarchical_quality_fusion,nan,nan,nan,0.43422670286695303,nan,nan,nan,24.296125833739637,cs_102621,4a,,True,local+remote+phase,"local_amplitudes,remote_amplitudes,phases",5
