bpm_gt,bpm_pred,failure_reason,method,n_tones,n_valid_tones,n_windows,outlier_frac,quality_pr,quality_snr,quality_stability,rel_err_pct,scenario,segment,valid,variable,window_end,window_index,window_start
8.675,9.169110644324093,,quality_mrc_single_variable_reference,72,72,,0.0,1.4160762562489393,10.37678807540857,0.37723894916649636,5.695799934571665,cs_091339,1a,True,local_amplitudes,36,0,0
8.675,9.354587397221987,,quality_mrc_single_variable_reference,72,72,,0.0,1.3970092525555708,12.783038080702854,0.3678773064498207,7.833860486708779,cs_091339,1a,True,local_amplitudes,38,1,2
8.675,9.55233519198128,,quality_mrc_single_variable_reference,72,72,,0.0,1.472843766179926,5.5837137069878,0.38323444423988384,10.113373970965753,cs_091339,1a,True,local_amplitudes,40,2,4
8.675,9.878020337609323,,quality_mrc_single_variable_reference,72,72,,0.0,1.3906098951474404,4.814272962068364,0.38376877698867434,13.867669597801985,cs_091339,1a,True,local_amplitudes,42,3,6
8.675,10.23659005140096,,quality_mrc_single_variable_reference,72,72,,0.0,1.343666994962787,4.220180337674322,0.37575050958796324,18.001038056495204,cs_091339,1a,True,local_amplitudes,44,4,8
8.675,10.477378589054439,,quality_mrc_single_variable_reference,72,72,,0.0,1.3642294574071643,3.875923090995098,0.37630073997806857,20.776698432904183,cs_091339,1a,True,local_amplitudes,46,5,10
8.675,10.741366258618289,,quality_mrc_single_variable_reference,72,72,,0.0,1.339013407620965,3.671341587098752,0.3791098286772888,23.819783961017727,cs_091339,1a,True,local_amplitudes,48,6,12
8.675,10.945217766909138,,quality_mrc_single_variable_reference,72,72,,0.0,1.2869355433036989,3.748852636971363,0.3714720000532454,26.169657255436746,cs_091339,1a,True,local_amplitudes,50,7,14
8.675,11.050923410608785,,quality_mrc_single_variable_reference,72,72,,0.0,1.2367023885944564,5.066833502418226,0.370506740173453,27.388166116527774,cs_091339,1a,True,local_amplitudes,52,8,16
8.675,10.960629980513579,,quality_mrc_single_variable_reference,72,72,,0.0,1.1966085952452066,9.003545810605027,0.3588243395474988,26.34731966009888,cs_091339,1a,True,local_amplitudes,54,9,18
8.675,10.656556696457029,,quality_mrc_single_variable_reference,72,72,,0.0,1.2241408453409384,6.469504543902035,0.3582915564641071,22.84215212054211,cs_091339,1a,True,local_amplitudes,56,10,20
8.675,9.856893175161058,,quality_mrc_single_variable_reference,72,72,,0.0,1.1960103596911786,2.877602675506316,0.35666014929648976,13.624128820300378,cs_091339,1a,True,local_amplitudes,58,11,22
8.675,8.50233457678469,,quality_mrc_single_variable_reference,72,72,,0.0,1.2202591038018278,4.771683952949625,0.35485187458661815,1.9903795183321058,cs_091339,1a,True,local_amplitudes,60,12,24
8.675,7.686333289816548,,quality_mrc_single_variable_reference,72,72,,0.0,1.2181631031820448,9.164016572654772,0.3545397115751498,11.396734411336631,cs_091339,1a,True,local_amplitudes,62,13,26
8.675,7.674028464169169,,quality_mrc_single_variable_reference,72,72,,0.0,1.2813732158749227,8.68406766967396,0.3577404140190635,11.538576781911607,cs_091339,1a,True,local_amplitudes,64,14,28
8.675,8.246040990894084,,quality_mrc_single_variable_reference,72,72,,0.0,1.189087419250392,10.715456166321063,0.3423570282956057,4.944772439261288,cs_091339,1b,True,local_amplitudes,36,0,0
8.675,8.41643194290808,,quality_mrc_single_variable_reference,72,72,,0.06944444444444445,1.1373777149574076,6.414527931761305,0.3848250467955903,2.9806116091287707,cs_091339,1b,True,local_amplitudes,38,1,2
8.675,8.525816968783406,,quality_mrc_single_variable_reference,72,72,,0.1111111111111111,1.4457286510647431,4.390746383129161,0.4064969398635907,1.7196891206523859,cs_091339,1b,True,local_amplitudes,40,2,4
8.675,8.67494541718774,,quality_mrc_single_variable_reference,72,72,,0.1527777777777778,1.543324620019984,3.634507456650731,0.42506938811596373,0.0006291966831252673,cs_091339,1b,True,local_amplitudes,42,3,6
8.675,8.732601974691589,,quality_mrc_single_variable_reference,72,72,,0.1527777777777778,1.6239144766597375,3.138248080463394,0.43264991690588933,0.6639997082603791,cs_091339,1b,True,local_amplitudes,44,4,8
8.675,8.470790381567909,,quality_mrc_single_variable_reference,72,72,,0.16666666666666666,1.7324717398846454,3.0884638378573426,0.4390511816179768,2.3540013652114333,cs_091339,1b,True,local_amplitudes,46,5,10
8.675,8.264128225066685,,quality_mrc_single_variable_reference,72,72,,0.19444444444444445,1.8692235195844864,3.427479399717753,0.45771136392453066,4.7362740626318836,cs_091339,1b,True,local_amplitudes,48,6,12
8.675,8.01152468570581,,quality_mrc_single_variable_reference,72,72,,0.1527777777777778,1.9475909505228697,3.687764422000875,0.4743762259077335,7.6481304241405255,cs_091339,1b,True,local_amplitudes,50,7,14
8.675,7.721221858105171,,quality_mrc_single_variable_reference,72,72,,0.1527777777777778,2.038624084639542,4.04390840278106,0.4614446883750656,10.99456071348507,cs_091339,1b,True,local_amplitudes,52,8,16
8.675,7.388656984549084,,quality_mrc_single_variable_reference,72,72,,0.09722222222222222,2.05431528804526,3.320351484411569,0.4567076966547261,14.828161561393848,cs_091339,1b,True,local_amplitudes,54,9,18
8.675,7.178507012884239,,quality_mrc_single_variable_reference,72,72,,0.125,2.0096398947866687,2.9399818557666113,0.4419687410471553,17.250639620930965,cs_091339,1b,True,local_amplitudes,56,10,20
8.675,7.070821709963815,,quality_mrc_single_variable_reference,72,72,,0.1111111111111111,2.0172965247367367,2.851578152311963,0.4322660306039374,18.491968761224037,cs_091339,1b,True,local_amplitudes,58,11,22
8.675,7.247304152541352,,quality_mrc_single_variable_reference,72,72,,0.125,2.042280476025762,2.2836906588905914,0.42680318802562955,16.45758901969624,cs_091339,1b,True,local_amplitudes,60,12,24
8.675,16.030705901081966,,quality_mrc_single_variable_reference,72,72,,0.1111111111111111,2.09483281836195,1.379086806123695,0.462766085426984,84.79199885973446,cs_091339,1b,True,local_amplitudes,62,13,26
11.49,nan,segment_too_short_or_no_tones,quality_mrc_single_variable_reference,,,0,,,,,nan,cs_091339,2a,False,local_amplitudes,,0,
11.49,nan,segment_too_short_or_no_tones,quality_mrc_single_variable_reference,,,0,,,,,nan,cs_091339,2b,False,local_amplitudes,,0,
14.04,19.18142088381185,,quality_mrc_single_variable_reference,72,72,,0.0,1.36736406977937,7.323995109056022,0.39496828028716985,36.61980686475677,cs_091339,3,True,local_amplitudes,36,0,0
14.04,19.12541624883545,,quality_mrc_single_variable_reference,72,72,,0.0,1.3251177438594282,6.273723331790928,0.3887085497793911,36.22091345324395,cs_091339,3,True,local_amplitudes,38,1,2
14.04,19.018793471902406,,quality_mrc_single_variable_reference,72,72,,0.0,1.3489570184029693,5.323706086844039,0.3890794677180026,35.461491965116856,cs_091339,3,True,local_amplitudes,40,2,4
14.04,18.868743533747192,,quality_mrc_single_variable_reference,72,72,,0.0,1.3171401557678182,4.370516974964322,0.3789539391830916,34.3927602118746,cs_091339,3,True,local_amplitudes,42,3,6
14.04,19.035519187232502,,quality_mrc_single_variable_reference,72,72,,0.0,1.239610020646381,1.8177272206857582,0.37366937164441066,35.5806209916845,cs_091339,3,True,local_amplitudes,44,4,8
14.04,14.703951091077418,,quality_mrc_single_variable_reference,72,72,,0.0,1.238531824586009,1.4086217349868122,0.36656586625049936,4.728996375195289,cs_091339,3,True,local_amplitudes,46,5,10
14.04,13.881736186812333,,quality_mrc_single_variable_reference,72,72,,0.0,1.2156602888154546,2.266403623625017,0.36924834705734744,1.1272351366642903,cs_091339,3,True,local_amplitudes,48,6,12
14.04,12.928991291641825,,quality_mrc_single_variable_reference,72,72,,0.0,1.196648974019198,3.1978157589893237,0.38061266127093724,7.913167438448533,cs_091339,3,True,local_amplitudes,50,7,14
14.04,11.770913470354618,,quality_mrc_single_variable_reference,72,72,,0.0,1.2488334559641392,4.917002336109493,0.3745580385277266,16.1615849689842,cs_091339,3,True,local_amplitudes,52,8,16
14.04,10.747079557519939,,quality_mrc_single_variable_reference,72,72,,0.0,1.274103687955677,5.925134022966685,0.40353435158679163,23.453849305413534,cs_091339,3,True,local_amplitudes,54,9,18
14.04,10.220041932598113,,quality_mrc_single_variable_reference,72,72,,0.0,1.3088525812292116,4.449267729545978,0.4173157500102771,27.207678542748482,cs_091339,3,True,local_amplitudes,56,10,20
14.04,10.035258787630207,,quality_mrc_single_variable_reference,72,72,,0.0,1.3168978936745452,3.88453971103878,0.4415421422563958,28.52379780890166,cs_091339,3,True,local_amplitudes,58,11,22
14.04,9.991786214470158,,quality_mrc_single_variable_reference,72,72,,0.0,1.4098232329728608,3.547047293750824,0.447008402099715,28.833431520867812,cs_091339,3,True,local_amplitudes,60,12,24
16.17,nan,segment_too_short_or_no_tones,quality_mrc_single_variable_reference,,,0,,,,,nan,cs_091339,4a,False,local_amplitudes,,0,
16.17,nan,segment_too_short_or_no_tones,quality_mrc_single_variable_reference,,,0,,,,,nan,cs_091339,4b,False,local_amplitudes,,0,
8.675,14.48530828437561,,quality_mrc_single_variable_reference,72,72,,0.0,1.6130697066799589,5.120613648867731,0.41457035760042954,66.97761711095802,cs_091339,1a,True,remote_amplitudes,36,0,0
8.675,14.247761902405967,,quality_mrc_single_variable_reference,72,72,,0.0,1.593203847440184,5.48010976849098,0.42532441109063335,64.23933028710047,cs_091339,1a,True,remote_amplitudes,38,1,2
8.675,14.027800874272327,,quality_mrc_single_variable_reference,72,72,,0.0,1.6377335536511535,4.850342347772241,0.4282354658079274,61.70375647576167,cs_091339,1a,True,remote_amplitudes,40,2,4
8.675,13.905841634210397,,quality_mrc_single_variable_reference,72,72,,0.0,1.6665611718179782,5.251916740604372,0.44117458476630955,60.29788627331868,cs_091339,1a,True,remote_amplitudes,42,3,6
8.675,13.755144201664107,,quality_mrc_single_variable_reference,72,72,,0.0,1.7046070435993834,4.895342931900175,0.44764871880389245,58.56074007681966,cs_091339,1a,True,remote_amplitudes,44,4,8
8.675,13.228478337677977,,quality_mrc_single_variable_reference,72,72,,0.0,1.8725334703024314,3.7961161329826245,0.438339597423416,52.48966383490462,cs_091339,1a,True,remote_amplitudes,46,5,10
8.675,12.323124848261271,,quality_mrc_single_variable_reference,72,72,,0.0,1.9418267557527917,2.807131636436821,0.44264414420892095,42.053312371887834,cs_091339,1a,True,remote_amplitudes,48,6,12
8.675,11.382505543847682,,quality_mrc_single_variable_reference,72,72,,0.013888888888888888,1.9831551878263072,4.593830598185058,0.43687924224097585,31.210438545794588,cs_091339,1a,True,remote_amplitudes,50,7,14
8.675,10.827837663009648,,quality_mrc_single_variable_reference,72,72,,0.013888888888888888,2.0071781200859355,6.863881503727474,0.4236515418146407,24.81657248426106,cs_091339,1a,True,remote_amplitudes,52,8,16
8.675,10.509875158474955,,quality_mrc_single_variable_reference,72,72,,0.013888888888888888,1.9947610128069906,9.675203469354074,0.4381572449353687,21.151298656771804,cs_091339,1a,True,remote_amplitudes,54,9,18
8.675,10.327425808287462,,quality_mrc_single_variable_reference,72,72,,0.0,2.022112552451741,9.850078558052049,0.4562857266050363,19.048136118587443,cs_091339,1a,True,remote_amplitudes,56,10,20
8.675,10.2299747677724,,quality_mrc_single_variable_reference,72,72,,0.0,2.007602965869582,5.58540311108527,0.4675892264869994,17.92478118469625,cs_091339,1a,True,remote_amplitudes,58,11,22
8.675,10.146934520749705,,quality_mrc_single_variable_reference,72,72,,0.0,2.0317178442163124,4.113725382845821,0.46882475569374005,16.967544907777565,cs_091339,1a,True,remote_amplitudes,60,12,24
8.675,10.042510092585298,,quality_mrc_single_variable_reference,72,72,,0.0,2.0106138219623486,3.4891636240933237,0.44684060613420007,15.763805101847803,cs_091339,1a,True,remote_amplitudes,62,13,26
8.675,9.874501871262723,,quality_mrc_single_variable_reference,72,72,,0.0,2.001301407790336,3.3795447570496653,0.44422438024650396,13.827110907927631,cs_091339,1a,True,remote_amplitudes,64,14,28
8.675,10.223076582176539,,quality_mrc_single_variable_reference,72,72,,0.0,1.3543931896957369,2.822357243201373,0.4824783034866491,17.845263195118594,cs_091339,1b,True,remote_amplitudes,36,0,0
8.675,10.014188176961373,,quality_mrc_single_variable_reference,72,72,,0.0,1.3743900292729971,2.773300883134044,0.4967449526598817,15.437327688315525,cs_091339,1b,True,remote_amplitudes,38,1,2
8.675,9.822492469285113,,quality_mrc_single_variable_reference,72,72,,0.0,1.4047863036691188,2.8387081757388763,0.4966989781898475,13.227578896658349,cs_091339,1b,True,remote_amplitudes,40,2,4
8.675,9.622017444901664,,quality_mrc_single_variable_reference,72,72,,0.0,1.3181374100139507,3.1096054186179374,0.49402667404836564,10.916627606935595,cs_091339,1b,True,remote_amplitudes,42,3,6
8.675,9.370092058455816,,quality_mrc_single_variable_reference,72,72,,0.0,1.3234667040434114,3.600455796183006,0.4787967787882577,8.01258857009585,cs_091339,1b,True,remote_amplitudes,44,4,8
8.675,9.103272632229944,,quality_mrc_single_variable_reference,72,72,,0.0,1.3579986034586762,4.2509748984985976,0.44935983437132887,4.936860313889831,cs_091339,1b,True,remote_amplitudes,46,5,10
8.675,8.784528147145027,,quality_mrc_single_variable_reference,72,72,,0.0,1.3932876779249672,5.171499201776731,0.43219660611935085,1.262572301383585,cs_091339,1b,True,remote_amplitudes,48,6,12
8.675,8.567204243997798,,quality_mrc_single_variable_reference,72,72,,0.0,1.464423526932921,7.073543089473163,0.4240726868849238,1.2426023746651582,cs_091339,1b,True,remote_amplitudes,50,7,14
8.675,8.498294742976638,,quality_mrc_single_variable_reference,72,72,,0.0,1.43544261878635,9.727463476269445,0.4164616142118579,2.036948207762106,cs_091339,1b,True,remote_amplitudes,52,8,16
8.675,8.614316256437055,,quality_mrc_single_variable_reference,72,72,,0.013888888888888888,1.3981464344419965,13.49130119372908,0.4085423799976581,0.6995244214748758,cs_091339,1b,True,remote_amplitudes,54,9,18
8.675,8.730938343217634,,quality_mrc_single_variable_reference,72,72,,0.027777777777777776,1.4191372480585187,11.673266257590214,0.40333528157723875,0.6448224002032651,cs_091339,1b,True,remote_amplitudes,56,10,20
8.675,8.882659954039307,,quality_mrc_single_variable_reference,72,72,,0.013888888888888888,1.6227509748238487,7.883415117990257,0.40232527298136206,2.3937746863320553,cs_091339,1b,True,remote_amplitudes,58,11,22
8.675,9.189034381812524,,quality_mrc_single_variable_reference,72,72,,0.013888888888888888,1.826371483432017,6.309016244561779,0.41348752923305965,5.9254683782423445,cs_091339,1b,True,remote_amplitudes,60,12,24
8.675,9.397623188499335,,quality_mrc_single_variable_reference,72,72,,0.013888888888888888,2.059000920528675,5.063863908143679,0.4258893853457036,8.329950299704137,cs_091339,1b,True,remote_amplitudes,62,13,26
11.49,nan,segment_too_short_or_no_tones,quality_mrc_single_variable_reference,,,0,,,,,nan,cs_091339,2a,False,remote_amplitudes,,0,
11.49,nan,segment_too_short_or_no_tones,quality_mrc_single_variable_reference,,,0,,,,,nan,cs_091339,2b,False,remote_amplitudes,,0,
14.04,14.84355082103854,,quality_mrc_single_variable_reference,72,72,,0.041666666666666664,1.71500425059383,10.377703353621486,0.42795919827371365,5.723296446143459,cs_091339,3,True,remote_amplitudes,36,0,0
14.04,14.86013546165763,,quality_mrc_single_variable_reference,72,72,,0.0,1.985623558544282,10.758377215972535,0.43476909035821154,5.841420667077149,cs_091339,3,True,remote_amplitudes,38,1,2
14.04,14.787640954277904,,quality_mrc_single_variable_reference,72,72,,0.0,2.2189633993341493,8.477858837034091,0.4470864202036822,5.325078021922403,cs_091339,3,True,remote_amplitudes,40,2,4
14.04,14.640547379440632,,quality_mrc_single_variable_reference,72,72,,0.027777777777777776,2.178459097169511,7.669427225505351,0.45505820374361533,4.277402987468893,cs_091339,3,True,remote_amplitudes,42,3,6
14.04,14.483501601008216,,quality_mrc_single_variable_reference,72,72,,0.013888888888888888,2.09795523438869,7.705377240032599,0.4537121347495496,3.158843312024337,cs_091339,3,True,remote_amplitudes,44,4,8
14.04,14.320770978898953,,quality_mrc_single_variable_reference,72,72,,0.013888888888888888,2.1403466318838267,7.98352689260142,0.46669035831125577,1.999793297001093,cs_091339,3,True,remote_amplitudes,46,5,10
14.04,14.115178336860753,,quality_mrc_single_variable_reference,72,72,,0.027777777777777776,2.3237072507616756,7.425170108186292,0.4600076472397596,0.535458239748958,cs_091339,3,True,remote_amplitudes,48,6,12
14.04,13.867128758595264,,quality_mrc_single_variable_reference,72,72,,0.05555555555555555,2.445873336211951,6.491966605504364,0.4578730009296127,1.2312766481818738,cs_091339,3,True,remote_amplitudes,50,7,14
14.04,13.600945370363947,,quality_mrc_single_variable_reference,72,72,,0.027777777777777776,2.488464644614434,5.927001642245132,0.4860981487716262,3.127169726752509,cs_091339,3,True,remote_amplitudes,52,8,16
14.04,13.341641045338937,,quality_mrc_single_variable_reference,72,72,,0.027777777777777776,2.3674978801021127,5.394170418720634,0.4809345007733375,4.974066628640044,cs_091339,3,True,remote_amplitudes,54,9,18
14.04,13.189341530598037,,quality_mrc_single_variable_reference,72,72,,0.027777777777777776,2.151731188629504,5.426654389915718,0.45759007039704674,6.058821007136482,cs_091339,3,True,remote_amplitudes,56,10,20
14.04,13.110830314623621,,quality_mrc_single_variable_reference,72,72,,0.027777777777777776,2.095376145540242,4.882536282156279,0.4464196548338125,6.618017702110953,cs_091339,3,True,remote_amplitudes,58,11,22
14.04,13.13006516810115,,quality_mrc_single_variable_reference,72,72,,0.0,2.0445387428006874,4.4208442954487275,0.4296300084175682,6.481017321216869,cs_091339,3,True,remote_amplitudes,60,12,24
16.17,nan,segment_too_short_or_no_tones,quality_mrc_single_variable_reference,,,0,,,,,nan,cs_091339,4a,False,remote_amplitudes,,0,
16.17,nan,segment_too_short_or_no_tones,quality_mrc_single_variable_reference,,,0,,,,,nan,cs_091339,4b,False,remote_amplitudes,,0,
8.675,11.851675026623077,,quality_mrc_single_variable_reference,72,72,,0.0,1.3580301099178325,3.1541079618117513,0.4288602043383132,36.618732295366875,cs_091339,1a,True,phases,36,0,0
8.675,12.31762847339777,,quality_mrc_single_variable_reference,72,72,,0.0,1.3095507411769356,2.485659099507688,0.42764478519791055,41.989953583835955,cs_091339,1a,True,phases,38,1,2
8.675,12.324874552048527,,quality_mrc_single_variable_reference,72,72,,0.0,1.36040822377296,1.7645395507520036,0.42548908089793885,42.07348186799454,cs_091339,1a,True,phases,40,2,4
8.675,11.880975410963314,,quality_mrc_single_variable_reference,72,72,,0.0,1.4303257105891356,1.2697714690339248,0.4241967940161279,36.95648888718517,cs_091339,1a,True,phases,42,3,6
8.675,8.865648380622153,,quality_mrc_single_variable_reference,72,72,,0.0,1.496704664635475,1.4920635723183262,0.43040974306853685,2.1976758573158723,cs_091339,1a,True,phases,44,4,8
8.675,8.477765881006295,,quality_mrc_single_variable_reference,72,72,,0.027777777777777776,1.5381946196161236,2.5899702484279326,0.4361035119290389,2.2735921497833482,cs_091339,1a,True,phases,46,5,10
8.675,7.9988116992966285,,quality_mrc_single_variable_reference,72,72,,0.027777777777777776,1.532456778634029,4.064207550529739,0.4502014499745192,7.794677817906308,cs_091339,1a,True,phases,48,6,12
8.675,7.309419670563679,,quality_mrc_single_variable_reference,72,72,,0.013888888888888888,1.5756033242989762,6.0255828459997876,0.4745676051883457,15.741559993502264,cs_091339,1a,True,phases,50,7,14
8.675,6.674069249254109,,quality_mrc_single_variable_reference,72,72,,0.027777777777777776,1.639998734066263,10.735168278476749,0.4477257099172603,23.06548415845408,cs_091339,1a,True,phases,52,8,16
8.675,6.328124999999999,,quality_mrc_single_variable_reference,72,72,,0.041666666666666664,1.697748488645328,13.79899719339214,0.4230516885556604,27.05331412103748,cs_091339,1a,True,phases,54,9,18
8.675,6.328124999999999,,quality_mrc_single_variable_reference,72,72,,0.1111111111111111,1.613086439722061,38.908051606762804,0.3623591618750617,27.05331412103748,cs_091339,1a,True,phases,56,10,20
8.675,6.328124999999999,,quality_mrc_single_variable_reference,72,72,,0.1388888888888889,1.60258754089688,7.829806489947785,0.3572848382812701,27.05331412103748,cs_091339,1a,True,phases,58,11,22
8.675,6.935834504102608,,quality_mrc_single_variable_reference,72,72,,0.16666666666666666,1.531919443951867,4.70040660801112,0.35953912479343664,20.048017243773973,cs_091339,1a,True,phases,60,12,24
8.675,7.605098115005287,,quality_mrc_single_variable_reference,72,72,,0.19444444444444445,1.5084390609248555,4.359016784566475,0.35698173381417353,12.333162939420331,cs_091339,1a,True,phases,62,13,26
8.675,8.163908634663757,,quality_mrc_single_variable_reference,72,72,,0.09722222222222222,1.5138139447560626,4.3810790720567505,0.35841006894319716,5.891543116267935,cs_091339,1a,True,phases,64,14,28
8.675,12.586899425259215,,quality_mrc_single_variable_reference,72,72,,0.0,1.3451833458611961,7.212789466115633,0.42914962696439246,45.093941501547135,cs_091339,1b,True,phases,36,0,0
8.675,12.603789499425693,,quality_mrc_single_variable_reference,72,72,,0.0,1.2376823990870056,5.507051998338965,0.40890206610932184,45.288639762832176,cs_091339,1b,True,phases,38,1,2
8.675,12.637558868394773,,quality_mrc_single_variable_reference,72,72,,0.013888888888888888,1.2889667587334508,3.142741850468915,0.39271307435485087,45.677912027605444,cs_091339,1b,True,phases,40,2,4
8.675,12.646545455121975,,quality_mrc_single_variable_reference,72,72,,0.013888888888888888,1.3156608552105062,1.805270042474711,0.3841514472991317,45.78150380544063,cs_091339,1b,True,phases,42,3,6
8.675,7.493323541532048,,quality_mrc_single_variable_reference,72,72,,0.013888888888888888,1.335790914594904,1.1160596967707848,0.3871992509633915,13.621630645163721,cs_091339,1b,True,phases,44,4,8
8.675,8.789128534201287,,quality_mrc_single_variable_reference,72,72,,0.0,1.3554759687257392,1.4143629009234493,0.3842056994706917,1.3156026997266486,cs_091339,1b,True,phases,46,5,10
8.675,8.913081738145928,,quality_mrc_single_variable_reference,72,72,,0.0,1.3746401778536905,1.6935543869360206,0.39369799998797467,2.7444580766101176,cs_091339,1b,True,phases,48,6,12
8.675,8.411689791714384,,quality_mrc_single_variable_reference,72,72,,0.0,1.3752714641493549,1.5069124541159848,0.4056644725958184,3.035276176203076,cs_091339,1b,True,phases,50,7,14
8.675,8.537910012977148,,quality_mrc_single_variable_reference,72,72,,0.0,1.3798143301278623,1.3343469675805697,0.40441935446120625,1.5802880348455604,cs_091339,1b,True,phases,52,8,16
8.675,12.791936922896676,,quality_mrc_single_variable_reference,72,72,,0.0,1.4435522461050345,1.313928292213349,0.4095947745380238,47.45748614290115,cs_091339,1b,True,phases,54,9,18
8.675,13.492403277183806,,quality_mrc_single_variable_reference,72,72,,0.0,1.4976775979975974,1.9591221554569453,0.3960110574821108,55.5320262499574,cs_091339,1b,True,phases,56,10,20
8.675,9.39147678326666,,quality_mrc_single_variable_reference,72,72,,0.0,1.4983976470907718,1.859160698059677,0.37317893290505505,8.259098366186267,cs_091339,1b,True,phases,58,11,22
8.675,9.10970050226815,,quality_mrc_single_variable_reference,72,72,,0.0,1.4983685339010573,2.3244851929547736,0.3683287292206512,5.010956798480115,cs_091339,1b,True,phases,60,12,24
8.675,15.499975418800535,,quality_mrc_single_variable_reference,72,72,,0.0,1.4395247884045017,1.883798520161983,0.35691819135286595,78.67406822824823,cs_091339,1b,True,phases,62,13,26
11.49,nan,segment_too_short_or_no_tones,quality_mrc_single_variable_reference,,,0,,,,,nan,cs_091339,2a,False,phases,,0,
11.49,nan,segment_too_short_or_no_tones,quality_mrc_single_variable_reference,,,0,,,,,nan,cs_091339,2b,False,phases,,0,
14.04,8.268316943404509,,quality_mrc_single_variable_reference,72,72,,0.0,1.4568115962400616,2.7485893946950024,0.36526824261524615,41.108853679455066,cs_091339,3,True,phases,36,0,0
14.04,8.106705360773871,,quality_mrc_single_variable_reference,72,72,,0.0,1.523045026630525,1.83880508521047,0.39386566027045333,42.25993332782142,cs_091339,3,True,phases,38,1,2
14.04,8.244936917551044,,quality_mrc_single_variable_reference,72,72,,0.0,1.5175818087328699,1.4173911317725791,0.42265216638782716,41.27537808012077,cs_091339,3,True,phases,40,2,4
14.04,8.913812339410443,,quality_mrc_single_variable_reference,72,72,,0.0,1.4398126089230767,1.4294731908089473,0.44085379337538994,36.51130812385724,cs_091339,3,True,phases,42,3,6
14.04,9.927855494712109,,quality_mrc_single_variable_reference,72,72,,0.0,1.5032810136526862,1.8182673700238186,0.4464113029120154,29.288778527691527,cs_091339,3,True,phases,44,4,8
14.04,10.314425636094814,,quality_mrc_single_variable_reference,72,72,,0.0,1.61278148648534,2.403778706828736,0.43559948303674934,26.535429942344624,cs_091339,3,True,phases,46,5,10
14.04,10.43849988474108,,quality_mrc_single_variable_reference,72,72,,0.013888888888888888,1.687840436093253,3.1287197178445103,0.4285633301020955,25.65171022264187,cs_091339,3,True,phases,48,6,12
14.04,10.547416072103283,,quality_mrc_single_variable_reference,72,72,,0.041666666666666664,1.7457032884342236,3.970812261500562,0.42012831421862346,24.875953902398262,cs_091339,3,True,phases,50,7,14
14.04,10.601018001681528,,quality_mrc_single_variable_reference,72,72,,0.041666666666666664,1.6950967052832304,4.73691816193014,0.42383641094970087,24.49417377719709,cs_091339,3,True,phases,52,8,16
14.04,10.61286877494769,,quality_mrc_single_variable_reference,72,72,,0.1111111111111111,1.6432548623934906,4.480818461846764,0.41419057447909,24.40976656020163,cs_091339,3,True,phases,54,9,18
14.04,10.55525099359785,,quality_mrc_single_variable_reference,72,72,,0.08333333333333333,1.5989592595821103,4.0018131659695575,0.41244197625012496,24.820149618248927,cs_091339,3,True,phases,56,10,20
14.04,10.418244461915597,,quality_mrc_single_variable_reference,72,72,,0.06944444444444445,1.5021548537328706,3.395414465046011,0.3979066769579838,25.79597961598577,cs_091339,3,True,phases,58,11,22
14.04,10.04932622245849,,quality_mrc_single_variable_reference,72,72,,0.013888888888888888,1.3764741553527662,2.6325977264199825,0.39547533996914547,28.423602404141807,cs_091339,3,True,phases,60,12,24
16.17,nan,segment_too_short_or_no_tones,quality_mrc_single_variable_reference,,,0,,,,,nan,cs_091339,4a,False,phases,,0,
16.17,nan,segment_too_short_or_no_tones,quality_mrc_single_variable_reference,,,0,,,,,nan,cs_091339,4b,False,phases,,0,
8.675,10.786601114868159,,quality_mrc_single_variable_reference,72,72,,0.041666666666666664,4.065361358942402,6.918819600935167,0.5241188550571815,24.34122322614591,cs_095806,1a,True,local_amplitudes,36,0,0
8.675,10.846333921186378,,quality_mrc_single_variable_reference,72,72,,0.06944444444444445,4.472744323271479,7.074404241926113,0.5157033883911032,25.029785835001466,cs_095806,1a,True,local_amplitudes,38,1,2
8.675,10.911064345858687,,quality_mrc_single_variable_reference,72,72,,0.06944444444444445,4.479224406766676,7.35654705946879,0.4956768194354815,25.77595787733356,cs_095806,1a,True,local_amplitudes,40,2,4
8.675,10.955062089789218,,quality_mrc_single_variable_reference,72,72,,0.06944444444444445,4.738672083285122,7.44189461728731,0.496261991251022,26.283136481720078,cs_095806,1a,True,local_amplitudes,42,3,6
8.675,10.994549922773434,,quality_mrc_single_variable_reference,72,72,,0.06944444444444445,4.798029567848548,7.477327559694363,0.48799691600482864,26.73832764003957,cs_095806,1a,True,local_amplitudes,44,4,8
8.675,11.042543086869498,,quality_mrc_single_variable_reference,72,72,,0.08333333333333333,4.730717818151142,7.763409578237838,0.4623544423989699,27.291562961031673,cs_095806,1a,True,local_amplitudes,46,5,10
8.675,11.078218414369642,,quality_mrc_single_variable_reference,72,72,,0.08333333333333333,4.754467541025427,8.160664083332794,0.4563469065684648,27.702805929333042,cs_095806,1a,True,local_amplitudes,48,6,12
8.675,11.111288694645046,,quality_mrc_single_variable_reference,72,72,,0.08333333333333333,4.878265736516877,9.749443933235796,0.452229601729238,28.084019534813194,cs_095806,1a,True,local_amplitudes,50,7,14
8.675,11.136716020183401,,quality_mrc_single_variable_reference,72,72,,0.09722222222222222,5.035012618503692,11.63249820869527,0.44129590534467866,28.377129915658795,cs_095806,1a,True,local_amplitudes,52,8,16
8.675,11.147078178547842,,quality_mrc_single_variable_reference,72,72,,0.09722222222222222,5.028335548810856,13.69321017208656,0.4368390588288853,28.49657842706445,cs_095806,1a,True,local_amplitudes,54,9,18
8.675,11.148838935583088,,quality_mrc_single_variable_reference,72,72,,0.08333333333333333,4.96514243015664,14.61374005242441,0.44855600781693694,28.51687533813357,cs_095806,1a,True,local_amplitudes,56,10,20
8.675,11.11069524757392,,quality_mrc_single_variable_reference,72,72,,0.05555555555555555,4.9299700331003855,12.482569604821855,0.4837884050331712,28.077178646385235,cs_095806,1a,True,local_amplitudes,58,11,22
8.675,11.071929364988291,,quality_mrc_single_variable_reference,72,72,,0.041666666666666664,4.897891684898497,10.551000094135809,0.5300877358084879,27.630309682862137,cs_095806,1a,True,local_amplitudes,60,12,24
8.675,10.984517881523374,,quality_mrc_single_variable_reference,72,72,,0.05555555555555555,5.027945773978395,9.123960458323575,0.4759547136663928,26.622684513237726,cs_095806,1a,True,local_amplitudes,62,13,26
8.675,10.899311288474564,,quality_mrc_single_variable_reference,72,72,,0.06944444444444445,4.924687088669312,8.849576567570175,0.4528057633968672,25.640475947833586,cs_095806,1a,True,local_amplitudes,64,14,28
8.675,10.798010523267825,,quality_mrc_single_variable_reference,72,72,,0.06944444444444445,4.921104435474279,8.961700351766545,0.45612710098856124,24.472743784067138,cs_095806,1a,True,local_amplitudes,66,15,30
8.675,10.687469991011909,,quality_mrc_single_variable_reference,72,72,,0.06944444444444445,4.769760874803613,8.84167670139388,0.4613369364832677,23.19850133731306,cs_095806,1a,True,local_amplitudes,68,16,32
8.675,10.572765226959197,,quality_mrc_single_variable_reference,72,72,,0.06944444444444445,4.7082502439456375,8.959707550564808,0.46699835516883986,21.87625621854981,cs_095806,1a,True,local_amplitudes,70,17,34
8.675,10.469047444076079,,quality_mrc_single_variable_reference,72,72,,0.06944444444444445,4.7166213668538015,8.827102288885229,0.4735228947446395,20.68066217955133,cs_095806,1a,True,local_amplitudes,72,18,36
8.675,10.343957690342458,,quality_mrc_single_variable_reference,72,72,,0.06944444444444445,4.938618570933373,8.552685883049008,0.48114720365570673,19.238705364178184,cs_095806,1a,True,local_amplitudes,74,19,38
8.675,10.221738601489646,,quality_mrc_single_variable_reference,72,72,,0.06944444444444445,5.193327025966354,8.138959058761197,0.4883010279454183,17.82983978662415,cs_095806,1a,True,local_amplitudes,76,20,40
8.675,10.095656581842206,,quality_mrc_single_variable_reference,72,72,,0.08333333333333333,5.240939654954107,8.314269484943232,0.4763376478382066,16.37644474746058,cs_095806,1a,True,local_amplitudes,78,21,42
8.675,10.019279321439916,,quality_mrc_single_variable_reference,72,72,,0.08333333333333333,5.3086990929280695,8.335242232696867,0.47727599700287787,15.49601523273677,cs_095806,1a,True,local_amplitudes,80,22,44
8.675,9.966503061161948,,quality_mrc_single_variable_reference,72,72,,0.05555555555555555,5.258486226020233,8.1438282282251,0.5109481591132187,14.887643356333683,cs_095806,1a,True,local_amplitudes,82,23,46
8.675,9.9476662430639,,quality_mrc_single_variable_reference,72,72,,0.05555555555555555,5.266224446805953,7.698725061199156,0.5060098466622238,14.670504242811514,cs_095806,1a,True,local_amplitudes,84,24,48
8.675,9.962301873965632,,quality_mrc_single_variable_reference,72,72,,0.05555555555555555,5.228314291307374,7.164998091702066,0.4970436945631566,14.839214685482785,cs_095806,1a,True,local_amplitudes,86,25,50
8.675,9.97094116798668,,quality_mrc_single_variable_reference,72,72,,0.041666666666666664,4.950170187695719,6.717876051914233,0.5672586902412015,14.938803089183628,cs_095806,1a,True,local_amplitudes,88,26,52
8.675,8.97306660874699,,quality_mrc_single_variable_reference,72,72,,0.06944444444444445,3.797279081604995,15.498229630811512,0.48563469197165354,3.435926325613708,cs_095806,1b,True,local_amplitudes,36,0,0
8.675,9.058556195628478,,quality_mrc_single_variable_reference,72,72,,0.06944444444444445,4.618199298013172,18.666741315161303,0.4893129287435883,4.4213970677634284,cs_095806,1b,True,local_amplitudes,38,1,2
8.675,9.092778690927535,,quality_mrc_single_variable_reference,72,72,,0.06944444444444445,4.8479788075989365,24.973755428750408,0.49130524254965685,4.815892690807309,cs_095806,1b,True,local_amplitudes,40,2,4
8.675,9.122498560076501,,quality_mrc_single_variable_reference,72,72,,0.06944444444444445,4.588823523054423,30.21577558763397,0.4913396272893657,5.158484842380406,cs_095806,1b,True,local_amplitudes,42,3,6
8.675,9.17326681984187,,quality_mrc_single_variable_reference,72,72,,0.05555555555555555,4.575920978832499,24.452927451246353,0.50890118459936,5.743709738811181,cs_095806,1b,True,local_amplitudes,44,4,8
8.675,9.193941947881278,,quality_mrc_single_variable_reference,72,72,,0.05555555555555555,4.468932856593434,16.11498831801462,0.5080241373143408,5.982039745029133,cs_095806,1b,True,local_amplitudes,46,5,10
8.675,9.209106572443016,,quality_mrc_single_variable_reference,72,72,,0.06944444444444445,4.32719925994161,12.595515947997407,0.4849438158052371,6.156848097325822,cs_095806,1b,True,local_amplitudes,48,6,12
8.675,9.285310817720239,,quality_mrc_single_variable_reference,72,72,,0.08333333333333333,4.204913857939433,11.136589833953503,0.4738534689483643,7.035283201386032,cs_095806,1b,True,local_amplitudes,50,7,14
8.675,9.283310719570663,,quality_mrc_single_variable_reference,72,72,,0.08333333333333333,4.3561199185026505,11.442477898831859,0.4798384022064706,7.0122273149355845,cs_095806,1b,True,local_amplitudes,52,8,16
8.675,9.259003926207024,,quality_mrc_single_variable_reference,72,72,,0.08333333333333333,4.580258593834738,12.821992054774615,0.4858782365986235,6.732033731493062,cs_095806,1b,True,local_amplitudes,54,9,18
8.675,9.252715540729604,,quality_mrc_single_variable_reference,72,72,,0.08333333333333333,4.769523050123793,12.615890048972778,0.4887964899580951,6.659545138093403,cs_095806,1b,True,local_amplitudes,56,10,20
8.675,9.109407685696532,,quality_mrc_single_variable_reference,72,72,,0.08333333333333333,4.794610632292422,9.312424573439968,0.4899194182766432,5.007581391314477,cs_095806,1b,True,local_amplitudes,58,11,22
8.675,8.91716632083324,,quality_mrc_single_variable_reference,72,72,,0.06944444444444445,4.742467535752419,6.190191287996696,0.5128091747819453,2.791542603265015,cs_095806,1b,True,local_amplitudes,60,12,24
8.675,8.648059485307046,,quality_mrc_single_variable_reference,72,72,,0.06944444444444445,4.76240885907357,4.135684761388804,0.5141641380330393,0.3105534834922728,cs_095806,1b,True,local_amplitudes,62,13,26
8.675,7.930221710262327,,quality_mrc_single_variable_reference,72,72,,0.06944444444444445,4.8297920165868815,3.144401083702163,0.5178222515194986,8.585340515708056,cs_095806,1b,True,local_amplitudes,64,14,28
8.675,7.117369129802999,,quality_mrc_single_variable_reference,72,72,,0.05555555555555555,4.754107186551735,3.2184438355879768,0.5221930032461071,17.955399080080714,cs_095806,1b,True,local_amplitudes,66,15,30
8.675,6.532152802532157,,quality_mrc_single_variable_reference,72,72,,0.05555555555555555,4.541576980120644,4.284888033743376,0.5248725720543599,24.70140861634402,cs_095806,1b,True,local_amplitudes,68,16,32
8.675,6.265470297029703,,quality_mrc_single_variable_reference,72,72,,0.05555555555555555,4.329522654683297,7.848599038795991,0.5252698397149559,27.775558535680666,cs_095806,1b,True,local_amplitudes,70,17,34
8.675,6.265470297029703,,quality_mrc_single_variable_reference,72,72,,0.05555555555555555,4.222374717411802,7.580536094643371,0.5219874047505899,27.775558535680666,cs_095806,1b,True,local_amplitudes,72,18,36
8.675,6.706926509250398,,quality_mrc_single_variable_reference,72,72,,0.05555555555555555,4.119871513264316,7.6654503024343095,0.514782359117197,22.686726118151043,cs_095806,1b,True,local_amplitudes,74,19,38
8.675,7.092096779919917,,quality_mrc_single_variable_reference,72,72,,0.05555555555555555,4.141810927147288,5.366284209206413,0.507455501761152,18.246722998041314,cs_095806,1b,True,local_amplitudes,76,20,40
8.675,7.88541054477939,,quality_mrc_single_variable_reference,72,72,,0.05555555555555555,4.16378841012151,4.339709454409187,0.5028768458397621,9.10189573741338,cs_095806,1b,True,local_amplitudes,78,21,42
8.675,8.316928737369167,,quality_mrc_single_variable_reference,72,72,,0.06944444444444445,4.24254855262804,4.163983867741512,0.479181465219994,4.127622623986551,cs_095806,1b,True,local_amplitudes,80,22,44
8.675,8.539718514267348,,quality_mrc_single_variable_reference,72,72,,0.06944444444444445,4.397352250582781,5.715612885663262,0.48055530477267205,1.5594407577251088,cs_095806,1b,True,local_amplitudes,82,23,46
8.675,8.65354954920548,,quality_mrc_single_variable_reference,72,72,,0.05555555555555555,4.433153249431829,8.19881429578482,0.5085106870689009,0.24726744431725023,cs_095806,1b,True,local_amplitudes,84,24,48
8.675,8.660063583161389,,quality_mrc_single_variable_reference,72,72,,0.05555555555555555,4.434484292956933,13.870751138394855,0.5114366909417865,0.17217771571887183,cs_095806,1b,True,local_amplitudes,86,25,50
8.675,8.606510017658168,,quality_mrc_single_variable_reference,72,72,,0.05555555555555555,4.363330121335478,29.9108604741375,0.5147651027496345,0.7895098829029664,cs_095806,1b,True,local_amplitudes,88,26,52
8.675,8.546063623307274,,quality_mrc_single_variable_reference,72,72,,0.041666666666666664,4.398224982935519,39.154130445105075,0.5475828025748671,1.4862982904060664,cs_095806,1b,True,local_amplitudes,90,27,54
11.49,13.541219527776814,,quality_mrc_single_variable_reference,72,72,,0.0,2.468923408512684,9.963446332779446,0.6319379844753213,17.852215211286456,cs_095806,2a,True,local_amplitudes,36,0,0
11.49,13.512930667154652,,quality_mrc_single_variable_reference,72,72,,0.0,3.1518703688058767,10.26700626318309,0.6328542731720646,17.606011028325955,cs_095806,2a,True,local_amplitudes,38,1,2
11.49,13.382769709882057,,quality_mrc_single_variable_reference,72,72,,0.013888888888888888,3.7497712517791815,7.043027741036005,0.588349014378013,16.473191556849926,cs_095806,2a,True,local_amplitudes,40,2,4
11.49,nan,segment_too_short_or_no_tones,quality_mrc_single_variable_reference,,,0,,,,,nan,cs_095806,2b,False,local_amplitudes,,0,
14.04,15.705538162953797,,quality_mrc_single_variable_reference,72,72,,0.0,2.669303348922455,6.5012177936944235,0.6426149282460094,11.862807428445855,cs_095806,3,True,local_amplitudes,36,0,0
14.04,15.694666016321863,,quality_mrc_single_variable_reference,72,72,,0.0,3.4015160489850085,5.3366692820202974,0.6271493208473933,11.785370486622961,cs_095806,3,True,local_amplitudes,38,1,2
14.04,15.616040653863019,,quality_mrc_single_variable_reference,72,72,,0.0,3.809210237537024,4.619413728971912,0.6094776616316476,11.225360782500141,cs_095806,3,True,local_amplitudes,40,2,4
14.04,15.528414006553778,,quality_mrc_single_variable_reference,72,72,,0.0,3.9227354458168073,4.160291693619595,0.5951835215851581,10.601239362918651,cs_095806,3,True,local_amplitudes,42,3,6
14.04,15.429097069634114,,quality_mrc_single_variable_reference,72,72,,0.0,3.971581082368498,3.6605519564941305,0.5874445709056001,9.893853772322757,cs_095806,3,True,local_amplitudes,44,4,8
14.04,15.292267421813754,,quality_mrc_single_variable_reference,72,72,,0.0,4.0982946105467875,3.0781043450112398,0.5873951034178307,8.919283631152105,cs_095806,3,True,local_amplitudes,46,5,10
14.04,15.030394807876608,,quality_mrc_single_variable_reference,72,72,,0.0,4.090541355643788,2.6237661750040746,0.596072705143389,7.054094073195218,cs_095806,3,True,local_amplitudes,48,6,12
14.04,14.547351860739532,,quality_mrc_single_variable_reference,72,72,,0.0,4.163217367557564,2.323339086157926,0.6164995156323394,3.6136172417345644,cs_095806,3,True,local_amplitudes,50,7,14
14.04,14.204611665628937,,quality_mrc_single_variable_reference,72,72,,0.0,4.117601032970979,2.0616083471790976,0.6331036907015258,1.172447760889869,cs_095806,3,True,local_amplitudes,52,8,16
14.04,14.095776588250079,,quality_mrc_single_variable_reference,72,72,,0.0,4.046424102717386,2.317739462546142,0.6483340087873662,0.397269147080339,cs_095806,3,True,local_amplitudes,54,9,18
14.04,14.036103666889328,,quality_mrc_single_variable_reference,72,72,,0.0,3.8961779135186307,3.153280953901843,0.6630403757238909,0.027751660332412567,cs_095806,3,True,local_amplitudes,56,10,20
14.04,13.960228104823695,,quality_mrc_single_variable_reference,72,72,,0.0,3.7845685829629474,3.248985220680236,0.6733479453422188,0.5681758915691153,cs_095806,3,True,local_amplitudes,58,11,22
14.04,13.823334018595437,,quality_mrc_single_variable_reference,72,72,,0.0,3.721465004960909,2.786938678226462,0.6774903254098164,1.5432049957589884,cs_095806,3,True,local_amplitudes,60,12,24
14.04,13.786852273491418,,quality_mrc_single_variable_reference,72,72,,0.0,3.753916712630639,1.9775824732213243,0.657082961464633,1.8030464851038572,cs_095806,3,True,local_amplitudes,62,13,26
14.04,8.458541089781399,,quality_mrc_single_variable_reference,72,72,,0.0,3.721329847548966,1.389342883986971,0.6521174110491565,39.75398084201282,cs_095806,3,True,local_amplitudes,64,14,28
14.04,13.187020853996438,,quality_mrc_single_variable_reference,72,72,,0.013888888888888888,3.559858609061043,1.301682785426962,0.5855397151576827,6.075350042760404,cs_095806,3,True,local_amplitudes,66,15,30
14.04,12.835615818526533,,quality_mrc_single_variable_reference,72,72,,0.013888888888888888,3.3028055023925447,1.4793253503539725,0.5694029659183922,8.578234910779676,cs_095806,3,True,local_amplitudes,68,16,32
14.04,12.62707769452619,,quality_mrc_single_variable_reference,72,72,,0.0,3.0477394166174303,1.6546639453348602,0.5655375574015485,10.063549184286396,cs_095806,3,True,local_amplitudes,70,17,34
14.04,12.885770544228794,,quality_mrc_single_variable_reference,72,72,,0.0,2.8424501920773233,1.8402004242960208,0.5298902747493467,8.221007519737926,cs_095806,3,True,local_amplitudes,72,18,36
14.04,13.596022383068519,,quality_mrc_single_variable_reference,72,72,,0.0,2.742833704089994,1.8647923299441898,0.5162141831321033,3.162233738828208,cs_095806,3,True,local_amplitudes,74,19,38
14.04,14.085967924155435,,quality_mrc_single_variable_reference,72,72,,0.0,2.703638486956317,1.7770606494533843,0.5064868572616807,0.32740686720395884,cs_095806,3,True,local_amplitudes,76,20,40
14.04,14.67239511624194,,quality_mrc_single_variable_reference,72,72,,0.0,2.7417472542482266,2.1523780344171377,0.5063931470551514,4.504238719671946,cs_095806,3,True,local_amplitudes,78,21,42
14.04,15.186324972921396,,quality_mrc_single_variable_reference,72,72,,0.0,2.7751966827548555,2.6061093756353113,0.5187240791079892,8.164707784340433,cs_095806,3,True,local_amplitudes,80,22,44
14.04,15.789803104290579,,quality_mrc_single_variable_reference,72,72,,0.0,2.837227515487242,2.8638364332232156,0.5347184599915314,12.462985073294728,cs_095806,3,True,local_amplitudes,82,23,46
14.04,16.340672406238188,,quality_mrc_single_variable_reference,72,72,,0.0,2.87992724286641,4.129248516007405,0.5501761916735087,16.386555599987098,cs_095806,3,True,local_amplitudes,84,24,48
16.17,15.229394785573154,,quality_mrc_single_variable_reference,72,72,,0.027777777777777776,1.5271342535616428,4.766994196878663,0.4358072237690046,5.816977207339811,cs_095806,4a,True,local_amplitudes,36,0,0
16.17,15.179050875351875,,quality_mrc_single_variable_reference,72,72,,0.013888888888888888,1.680953575489415,6.1677021437388335,0.42786480493240453,6.128318643463988,cs_095806,4a,True,local_amplitudes,38,1,2
16.17,15.131072529291405,,quality_mrc_single_variable_reference,72,72,,0.027777777777777776,2.0398845884305854,8.320486526619117,0.41458743943577814,6.425030740312904,cs_095806,4a,True,local_amplitudes,40,2,4
16.17,15.206677673018918,,quality_mrc_single_variable_reference,72,72,,0.013888888888888888,2.0064816990288126,8.878390180980922,0.44576444369550405,5.95746646246805,cs_095806,4a,True,local_amplitudes,42,3,6
16.17,15.507933871871305,,quality_mrc_single_variable_reference,72,72,,0.0,2.0478826192842283,6.8150597049391095,0.4534131398775824,4.094410192508945,cs_095806,4a,True,local_amplitudes,44,4,8
16.17,nan,segment_too_short_or_no_tones,quality_mrc_single_variable_reference,,,0,,,,,nan,cs_095806,4b,False,local_amplitudes,,0,
8.675,10.802872924841115,,quality_mrc_single_variable_reference,72,72,,0.06944444444444445,3.293397476470425,6.092587311200663,0.5293986607631466,24.528794522664136,cs_095806,1a,True,remote_amplitudes,36,0,0
8.675,10.869300272301292,,quality_mrc_single_variable_reference,72,72,,0.05555555555555555,3.590779026521591,6.341254284501063,0.49649593251594726,25.294527634597014,cs_095806,1a,True,remote_amplitudes,38,1,2
8.675,10.95646533025826,,quality_mrc_single_variable_reference,72,72,,0.05555555555555555,3.7256213060173846,6.730857259258089,0.500366263512108,26.299312164360327,cs_095806,1a,True,remote_amplitudes,40,2,4
8.675,11.021706726830262,,quality_mrc_single_variable_reference,72,72,,0.05555555555555555,3.9459128162492396,6.99445403050991,0.5043914128940493,27.051374372683124,cs_095806,1a,True,remote_amplitudes,42,3,6
8.675,11.070627227642003,,quality_mrc_single_variable_reference,72,72,,0.05555555555555555,3.8728705333613203,7.075192287028264,0.5063354960941203,27.61529945408648,cs_095806,1a,True,remote_amplitudes,44,4,8
8.675,11.124780249831723,,quality_mrc_single_variable_reference,72,72,,0.05555555555555555,3.876402771778547,7.274151101231261,0.5111779491383467,28.239541784803713,cs_095806,1a,True,remote_amplitudes,46,5,10
8.675,11.194081235057766,,quality_mrc_single_variable_reference,72,72,,0.05555555555555555,3.952903706320533,7.528371939214161,0.5163156299798497,29.038400404124094,cs_095806,1a,True,remote_amplitudes,48,6,12
8.675,11.232488163912295,,quality_mrc_single_variable_reference,72,72,,0.05555555555555555,4.088760072662118,9.027858032868634,0.5137484011468156,29.481131572476016,cs_095806,1a,True,remote_amplitudes,50,7,14
8.675,11.212168510285082,,quality_mrc_single_variable_reference,72,72,,0.09722222222222222,4.184588875451224,11.530648849451666,0.5313118209772363,29.2468992540067,cs_095806,1a,True,remote_amplitudes,52,8,16
8.675,11.106100632458443,,quality_mrc_single_variable_reference,72,72,,0.125,4.166992580806889,13.994963001804438,0.5249868754799425,28.02421478338261,cs_095806,1a,True,remote_amplitudes,54,9,18
8.675,11.023344407902426,,quality_mrc_single_variable_reference,72,72,,0.125,4.036556327104961,15.289776366809559,0.5219240761204247,27.070252540661965,cs_095806,1a,True,remote_amplitudes,56,10,20
8.675,10.912442247837923,,quality_mrc_single_variable_reference,72,72,,0.1111111111111111,4.039516666217107,15.011398941472576,0.5163698864166388,25.79184147363599,cs_095806,1a,True,remote_amplitudes,58,11,22
8.675,10.831350931738434,,quality_mrc_single_variable_reference,72,72,,0.05555555555555555,4.027469906433442,12.615603385217048,0.5293070508635754,24.85707125923266,cs_095806,1a,True,remote_amplitudes,60,12,24
8.675,10.710115249962763,,quality_mrc_single_variable_reference,72,72,,0.027777777777777776,4.095400654852034,9.835784548472832,0.5307138876566878,23.45954178631427,cs_095806,1a,True,remote_amplitudes,62,13,26
8.675,10.653326020989104,,quality_mrc_single_variable_reference,72,72,,0.027777777777777776,3.9814133119548396,9.028209974878804,0.5324403243819392,22.804910904773518,cs_095806,1a,True,remote_amplitudes,64,14,28
8.675,10.595842634214138,,quality_mrc_single_variable_reference,72,72,,0.041666666666666664,3.960559243840046,8.861680074671165,0.5122113028311597,22.14227820419755,cs_095806,1a,True,remote_amplitudes,66,15,30
8.675,10.551541690939912,,quality_mrc_single_variable_reference,72,72,,0.05555555555555555,3.9346081018587333,8.521541154454868,0.49005571941539067,21.63160450651194,cs_095806,1a,True,remote_amplitudes,68,16,32
8.675,10.513285445611873,,quality_mrc_single_variable_reference,72,72,,0.06944444444444445,3.9184770523740706,8.292059055637912,0.4948220107623159,21.19061032405616,cs_095806,1a,True,remote_amplitudes,70,17,34
8.675,10.486317675185392,,quality_mrc_single_variable_reference,72,72,,0.06944444444444445,3.981174858552998,7.811270532844694,0.4995538880536243,20.8797426534339,cs_095806,1a,True,remote_amplitudes,72,18,36
8.675,10.412930067394159,,quality_mrc_single_variable_reference,72,72,,0.06944444444444445,4.118773210261842,7.543163987841448,0.5042514631045635,20.03377599301623,cs_095806,1a,True,remote_amplitudes,74,19,38
8.675,10.309957893192802,,quality_mrc_single_variable_reference,72,72,,0.06944444444444445,4.30837456547589,7.299734370137186,0.5078856209819215,18.84677686677581,cs_095806,1a,True,remote_amplitudes,76,20,40
8.675,10.154636626436833,,quality_mrc_single_variable_reference,72,72,,0.06944444444444445,4.376455895634288,7.7093284436376015,0.5100006587225067,17.056329987744466,cs_095806,1a,True,remote_amplitudes,78,21,42
8.675,10.048203163503594,,quality_mrc_single_variable_reference,72,72,,0.06944444444444445,4.4381353247379876,8.619635156545492,0.5116356437670616,15.829431279580323,cs_095806,1a,True,remote_amplitudes,80,22,44
8.675,9.971461931504303,,quality_mrc_single_variable_reference,72,72,,0.09722222222222222,4.50050622709628,9.4305896865011,0.4816157980745739,14.944806126850743,cs_095806,1a,True,remote_amplitudes,82,23,46
8.675,9.935093929046461,,quality_mrc_single_variable_reference,72,72,,0.09722222222222222,4.533420286376169,9.641743734105495,0.48218214451815716,14.525578432812225,cs_095806,1a,True,remote_amplitudes,84,24,48
8.675,9.936143979479336,,quality_mrc_single_variable_reference,72,72,,0.09722222222222222,4.611433366081787,8.933196727915604,0.48417784798132807,14.537682760568707,cs_095806,1a,True,remote_amplitudes,86,25,50
8.675,9.931892906331596,,quality_mrc_single_variable_reference,72,72,,0.08333333333333333,4.3886504885807796,7.736101796790847,0.506952483770769,14.488679035522711,cs_095806,1a,True,remote_amplitudes,88,26,52
8.675,8.949092768506466,,quality_mrc_single_variable_reference,72,72,,0.08333333333333333,3.5847733647895432,18.86320126503685,0.472166690988544,3.15957081851833,cs_095806,1b,True,remote_amplitudes,36,0,0
8.675,9.026717184507318,,quality_mrc_single_variable_reference,72,72,,0.08333333333333333,4.161326838801372,23.21534060783291,0.4794089517578591,4.054376766654948,cs_095806,1b,True,remote_amplitudes,38,1,2
8.675,9.069080488388785,,quality_mrc_single_variable_reference,72,72,,0.08333333333333333,4.288599944690331,29.351004409615634,0.4845401895889117,4.542714563559472,cs_095806,1b,True,remote_amplitudes,40,2,4
8.675,9.118473257013838,,quality_mrc_single_variable_reference,72,72,,0.08333333333333333,4.071843549341982,30.44436758723686,0.4861878241906652,5.112083654338177,cs_095806,1b,True,remote_amplitudes,42,3,6
8.675,9.197639888715381,,quality_mrc_single_variable_reference,72,72,,0.08333333333333333,4.0186772764149055,22.101839595500156,0.48527951421971405,6.024667305076429,cs_095806,1b,True,remote_amplitudes,44,4,8
8.675,9.251056043090806,,quality_mrc_single_variable_reference,72,72,,0.08333333333333333,4.0745892460404765,14.233442252190425,0.4867484050460171,6.640415482314756,cs_095806,1b,True,remote_amplitudes,46,5,10
8.675,9.294992964302239,,quality_mrc_single_variable_reference,72,72,,0.08333333333333333,3.94167832373436,11.150752881594192,0.4782133896837773,7.146892960256344,cs_095806,1b,True,remote_amplitudes,48,6,12
8.675,9.394461501717538,,quality_mrc_single_variable_reference,72,72,,0.08333333333333333,3.8696696700534625,9.772527016535038,0.4715160798127178,8.293504342565274,cs_095806,1b,True,remote_amplitudes,50,7,14
8.675,9.399398773519039,,quality_mrc_single_variable_reference,72,72,,0.08333333333333333,3.9890168943006987,9.665193596806635,0.46864364347806875,8.350418138547989,cs_095806,1b,True,remote_amplitudes,52,8,16
8.675,9.372924861661298,,quality_mrc_single_variable_reference,72,72,,0.06944444444444445,4.134301230186119,10.346500329377244,0.48227646358515136,8.045243362089884,cs_095806,1b,True,remote_amplitudes,54,9,18
8.675,9.334721508127636,,quality_mrc_single_variable_reference,72,72,,0.06944444444444445,4.250637644608872,10.145068683329464,0.48524854697096514,7.604858883315681,cs_095806,1b,True,remote_amplitudes,56,10,20
8.675,9.170359027607912,,quality_mrc_single_variable_reference,72,72,,0.05555555555555555,4.24325405351746,8.680379447816334,0.5139939618945856,5.710190519975921,cs_095806,1b,True,remote_amplitudes,58,11,22
8.675,8.991654685377,,quality_mrc_single_variable_reference,72,72,,0.05555555555555555,4.246891814448335,7.286078828821246,0.5150444696961246,3.650198102328522,cs_095806,1b,True,remote_amplitudes,60,12,24
8.675,8.874664676086761,,quality_mrc_single_variable_reference,72,72,,0.05555555555555555,4.214616331345857,6.778244968424887,0.515781629245739,2.301610098982826,cs_095806,1b,True,remote_amplitudes,62,13,26
8.675,8.708962246651424,,quality_mrc_single_variable_reference,72,72,,0.05555555555555555,4.268856221935089,7.687697320318588,0.5168244030029683,0.39149563863312453,cs_095806,1b,True,remote_amplitudes,64,14,28
8.675,8.517850326227155,,quality_mrc_single_variable_reference,72,72,,0.06944444444444445,4.176488302273327,7.959096023899291,0.4935668460545162,1.8115236169780513,cs_095806,1b,True,remote_amplitudes,66,15,30
8.675,7.523647542762657,,quality_mrc_single_variable_reference,72,72,,0.06944444444444445,3.9443540472838228,4.520637315544739,0.5123447438946803,13.272074435012613,cs_095806,1b,True,remote_amplitudes,68,16,32
8.675,6.265470297029703,,quality_mrc_single_variable_reference,72,72,,0.05555555555555555,3.755264604719304,2.8944613431542483,0.5149349460207755,27.775558535680666,cs_095806,1b,True,remote_amplitudes,70,17,34
8.675,6.265470297029703,,quality_mrc_single_variable_reference,72,72,,0.06944444444444445,3.642704020702791,3.175182156466129,0.5161750764409814,27.775558535680666,cs_095806,1b,True,remote_amplitudes,72,18,36
8.675,6.265470297029703,,quality_mrc_single_variable_reference,72,72,,0.05555555555555555,3.605006549391886,2.21289239418562,0.5253910555253525,27.775558535680666,cs_095806,1b,True,remote_amplitudes,74,19,38
8.675,6.265470297029703,,quality_mrc_single_variable_reference,72,72,,0.05555555555555555,3.604402236670358,2.0439291801113497,0.5213071703273137,27.775558535680666,cs_095806,1b,True,remote_amplitudes,76,20,40
8.675,12.358117550097548,,quality_mrc_single_variable_reference,72,72,,0.05555555555555555,3.638108244649457,1.5730852123057955,0.5181573853271004,42.45668645645587,cs_095806,1b,True,remote_amplitudes,78,21,42
8.675,11.7721378796284,,quality_mrc_single_variable_reference,72,72,,0.05555555555555555,3.6517870158344516,1.5804716800842817,0.5166729759930577,35.70187757496713,cs_095806,1b,True,remote_amplitudes,80,22,44
8.675,10.526175848932757,,quality_mrc_single_variable_reference,72,72,,0.05555555555555555,3.719303793674178,1.824568526092917,0.5155399682934648,21.33920286954186,cs_095806,1b,True,remote_amplitudes,82,23,46
8.675,9.628977120440982,,quality_mrc_single_variable_reference,72,72,,0.05555555555555555,3.6907692569199844,2.9188340698883213,0.5139919299442555,10.996854414305265,cs_095806,1b,True,remote_amplitudes,84,24,48
8.675,9.239010189660364,,quality_mrc_single_variable_reference,72,72,,0.05555555555555555,3.6538336655666814,5.415933221859398,0.5108860367904063,6.501558382252029,cs_095806,1b,True,remote_amplitudes,86,25,50
8.675,8.966903572459866,,quality_mrc_single_variable_reference,72,72,,0.05555555555555555,3.632492354494943,12.048065711277776,0.5051678488290063,3.3648826796526308,cs_095806,1b,True,remote_amplitudes,88,26,52
8.675,8.787649680016262,,quality_mrc_single_variable_reference,72,72,,0.027777777777777776,3.6651431083622947,26.143950966080386,0.5946704518802388,1.2985553892364414,cs_095806,1b,True,remote_amplitudes,90,27,54
11.49,13.754543173042471,,quality_mrc_single_variable_reference,72,72,,0.013888888888888888,2.3010077386200614,9.11470179227466,0.5769973014739421,19.708817868080686,cs_095806,2a,True,remote_amplitudes,36,0,0
11.49,13.776518423840077,,quality_mrc_single_variable_reference,72,72,,0.013888888888888888,2.787704732211307,8.96978069084911,0.5911667846562473,19.900073314535046,cs_095806,2a,True,remote_amplitudes,38,1,2
11.49,13.719137523281605,,quality_mrc_single_variable_reference,72,72,,0.0,3.2117953012232436,7.038991458661322,0.5998064182138261,19.400674702189768,cs_095806,2a,True,remote_amplitudes,40,2,4
11.49,nan,segment_too_short_or_no_tones,quality_mrc_single_variable_reference,,,0,,,,,nan,cs_095806,2b,False,remote_amplitudes,,0,
14.04,15.642969502881762,,quality_mrc_single_variable_reference,72,72,,0.0,2.5759681304510225,5.843074977384974,0.6482065334650909,11.417161701437058,cs_095806,3,True,remote_amplitudes,36,0,0
14.04,15.647910035399908,,quality_mrc_single_variable_reference,72,72,,0.0,3.1513306704237554,4.539611002965399,0.6342599282584546,11.452350679486534,cs_095806,3,True,remote_amplitudes,38,1,2
14.04,15.641693381101012,,quality_mrc_single_variable_reference,72,72,,0.0,3.5009119048024835,3.7370449226620264,0.6073102312572318,11.40807251496448,cs_095806,3,True,remote_amplitudes,40,2,4
14.04,15.760858062362558,,quality_mrc_single_variable_reference,72,72,,0.0,3.614352645184951,3.1810582916486165,0.5925741815376349,12.256823806001135,cs_095806,3,True,remote_amplitudes,42,3,6
14.04,15.928564196826692,,quality_mrc_single_variable_reference,72,72,,0.0,3.6962736823151587,2.7423088381470477,0.5932040905203712,13.451311943210062,cs_095806,3,True,remote_amplitudes,44,4,8
14.04,16.600287498955318,,quality_mrc_single_variable_reference,72,72,,0.0,3.7883020094904563,2.0897055627918104,0.5853559116308026,18.235665946975203,cs_095806,3,True,remote_amplitudes,46,5,10
14.04,17.009465556333936,,quality_mrc_single_variable_reference,72,72,,0.0,3.7702227256508443,1.68963140574395,0.5860989117927045,21.15003957502804,cs_095806,3,True,remote_amplitudes,48,6,12
14.04,17.68457206984575,,quality_mrc_single_variable_reference,72,72,,0.0,3.7803615543090703,1.5050044370501816,0.5949979587817065,25.958490525966887,cs_095806,3,True,remote_amplitudes,50,7,14
14.04,18.038382365032678,,quality_mrc_single_variable_reference,72,72,,0.0,3.736886818093418,1.8925240696206194,0.6052119948875927,28.47850687345213,cs_095806,3,True,remote_amplitudes,52,8,16
14.04,18.200793052258856,,quality_mrc_single_variable_reference,72,72,,0.013888888888888888,3.6309513297008515,2.0206256482646463,0.616853117902277,29.635278149991862,cs_095806,3,True,remote_amplitudes,54,9,18
14.04,18.325385808246885,,quality_mrc_single_variable_reference,72,72,,0.013888888888888888,3.5212738200263374,2.289901961223933,0.6267250039623151,30.522690941929394,cs_095806,3,True,remote_amplitudes,56,10,20
14.04,18.270101234807893,,quality_mrc_single_variable_reference,72,72,,0.013888888888888888,3.433353284761303,1.6010843006177198,0.6321606974360084,30.1289261738454,cs_095806,3,True,remote_amplitudes,58,11,22
14.04,14.70842293581833,,quality_mrc_single_variable_reference,72,72,,0.013888888888888888,3.363597623037384,1.8560861740884207,0.6317549125185218,4.7608471212131835,cs_095806,3,True,remote_amplitudes,60,12,24
14.04,15.127403007823279,,quality_mrc_single_variable_reference,72,72,,0.013888888888888888,3.343335224651332,2.381726811789097,0.6248745114782629,7.74503566825698,cs_095806,3,True,remote_amplitudes,62,13,26
14.04,15.06019368320538,,quality_mrc_single_variable_reference,72,72,,0.013888888888888888,3.3120844167372074,2.2862467465360825,0.5979283320881228,7.266336774967103,cs_095806,3,True,remote_amplitudes,64,14,28
14.04,14.521221196636361,,quality_mrc_single_variable_reference,72,72,,0.027777777777777776,3.181403723407049,1.8370777973681156,0.5648524087822031,3.427501400543889,cs_095806,3,True,remote_amplitudes,66,15,30
14.04,14.106339239194366,,quality_mrc_single_variable_reference,72,72,,0.013888888888888888,3.021406078627775,1.8745601997207317,0.5520285494291864,0.47250170366358046,cs_095806,3,True,remote_amplitudes,68,16,32
14.04,13.758548423706788,,quality_mrc_single_variable_reference,72,72,,0.013888888888888888,2.8548093095943594,2.0624681127311213,0.5317840096371129,2.0046408567892526,cs_095806,3,True,remote_amplitudes,70,17,34
14.04,13.659293977290021,,quality_mrc_single_variable_reference,72,72,,0.0,2.7129882853440725,2.222621456932766,0.5560398872588376,2.7115813583331763,cs_095806,3,True,remote_amplitudes,72,18,36
14.04,13.95582560776409,,quality_mrc_single_variable_reference,72,72,,0.0,2.621246786990882,2.3352525319687887,0.545352085513953,0.5995327082329673,cs_095806,3,True,remote_amplitudes,74,19,38
14.04,14.230800188232758,,quality_mrc_single_variable_reference,72,72,,0.0,2.575783438359236,2.248326252405573,0.5265653179328786,1.3589756996635227,cs_095806,3,True,remote_amplitudes,76,20,40
14.04,14.701061395470132,,quality_mrc_single_variable_reference,72,72,,0.0,2.553243570967982,2.137119810316511,0.5211577208160288,4.708414497650522,cs_095806,3,True,remote_amplitudes,78,21,42
14.04,15.047003131189868,,quality_mrc_single_variable_reference,72,72,,0.0,2.5502469736258395,2.7346943341000065,0.5293549093855437,7.172386974286815,cs_095806,3,True,remote_amplitudes,80,22,44
14.04,15.466527880445847,,quality_mrc_single_variable_reference,72,72,,0.0,2.622533241033413,3.511547151541282,0.5421862837170162,10.16045498893054,cs_095806,3,True,remote_amplitudes,82,23,46
14.04,15.890046769869949,,quality_mrc_single_variable_reference,72,72,,0.0,2.63442445103497,3.948735335766228,0.5344075831046854,13.176971295370013,cs_095806,3,True,remote_amplitudes,84,24,48
16.17,14.992282471982277,,quality_mrc_single_variable_reference,72,72,,0.013888888888888888,1.468371718628556,3.9967281687097604,0.43460042651085024,7.283348967332868,cs_095806,4a,True,remote_amplitudes,36,0,0
16.17,14.828713864330483,,quality_mrc_single_variable_reference,72,72,,0.013888888888888888,1.6961596551930376,5.029464304183741,0.43414012626040205,8.294904982495476,cs_095806,4a,True,remote_amplitudes,38,1,2
16.17,14.825368565086803,,quality_mrc_single_variable_reference,72,72,,0.013888888888888888,2.0516847039018873,7.21897337849438,0.4269906894167924,8.315593289506483,cs_095806,4a,True,remote_amplitudes,40,2,4
16.17,14.913974880798836,,quality_mrc_single_variable_reference,72,72,,0.013888888888888888,1.982037686262286,6.699417091356638,0.42426069053302523,7.767625969085748,cs_095806,4a,True,remote_amplitudes,42,3,6
16.17,15.222829979548328,,quality_mrc_single_variable_reference,72,72,,0.013888888888888888,1.910471679832612,5.1239104480557796,0.4225016293201983,5.857575884054879,cs_095806,4a,True,remote_amplitudes,44,4,8
16.17,nan,segment_too_short_or_no_tones,quality_mrc_single_variable_reference,,,0,,,,,nan,cs_095806,4b,False,remote_amplitudes,,0,
8.675,9.9492824198364,,quality_mrc_single_variable_reference,72,72,,0.013888888888888888,2.9172737293240547,6.350162386345526,0.5794368739093607,14.689134522609795,cs_095806,1a,True,phases,36,0,0
8.675,9.963678350137268,,quality_mrc_single_variable_reference,72,72,,0.027777777777777776,3.041421363987485,6.705836582882158,0.5807147348020503,14.855081845962737,cs_095806,1a,True,phases,38,1,2
8.675,9.946708284050446,,quality_mrc_single_variable_reference,72,72,,0.0,3.0535345809885794,7.309514012283784,0.6316379667107959,14.659461487613203,cs_095806,1a,True,phases,40,2,4
8.675,9.91770099382502,,quality_mrc_single_variable_reference,72,72,,0.0,3.3610256136790624,7.827622128790332,0.6332821783910629,14.325083502305702,cs_095806,1a,True,phases,42,3,6
8.675,9.842611759228287,,quality_mrc_single_variable_reference,72,72,,0.0,3.4362874577814324,8.283743810408044,0.6398581444518588,13.459501547300132,cs_095806,1a,True,phases,44,4,8
8.675,9.76671902756841,,quality_mrc_single_variable_reference,72,72,,0.027777777777777776,3.5655012319660297,8.710511037982007,0.6031883278352372,12.58465737831019,cs_095806,1a,True,phases,46,5,10
8.675,9.648698801527129,,quality_mrc_single_variable_reference,72,72,,0.041666666666666664,3.480300981977559,9.47830709718041,0.5454184206844973,11.224193677546143,cs_095806,1a,True,phases,48,6,12
8.675,9.496066021319109,,quality_mrc_single_variable_reference,72,72,,0.09722222222222222,3.4177361385401315,10.76027768144229,0.500010965015276,9.464737997914794,cs_095806,1a,True,phases,50,7,14
8.675,9.307467924834901,,quality_mrc_single_variable_reference,72,72,,0.08333333333333333,3.430584735652528,11.404655675447373,0.5051035657772804,7.290696539883576,cs_095806,1a,True,phases,52,8,16
8.675,8.93328349940898,,quality_mrc_single_variable_reference,72,72,,0.1111111111111111,3.506173444901398,10.132376329281108,0.4942010767141588,2.97733140529082,cs_095806,1a,True,phases,54,9,18
8.675,8.451109469128896,,quality_mrc_single_variable_reference,72,72,,0.09722222222222222,3.7530602966718942,8.222042484106485,0.50973411738978,2.580870672865756,cs_095806,1a,True,phases,56,10,20
8.675,8.038698082836834,,quality_mrc_single_variable_reference,72,72,,0.09722222222222222,3.763811192926933,6.637492752944728,0.4792936554697124,7.33489241686647,cs_095806,1a,True,phases,58,11,22
8.675,7.81323948793264,,quality_mrc_single_variable_reference,72,72,,0.06944444444444445,3.8967649317685993,8.665085130208585,0.47222721641341875,9.933838755819716,cs_095806,1a,True,phases,60,12,24
8.675,7.773038930764798,,quality_mrc_single_variable_reference,72,72,,0.09722222222222222,3.792302052350512,8.186997779906445,0.48189041333972416,10.39724575487265,cs_095806,1a,True,phases,62,13,26
8.675,7.848548565501439,,quality_mrc_single_variable_reference,72,72,,0.09722222222222222,3.8195402272974652,6.938726403504343,0.47260091221628736,9.52681768874423,cs_095806,1a,True,phases,64,14,28
8.675,8.021995638705231,,quality_mrc_single_variable_reference,72,72,,0.1111111111111111,3.8235307234237643,5.348426250418885,0.47032708405322765,7.527427795905122,cs_095806,1a,True,phases,66,15,30
8.675,8.288755253234013,,quality_mrc_single_variable_reference,72,72,,0.09722222222222222,3.7122007553924568,4.489167876151608,0.4645191548444949,4.452389011711669,cs_095806,1a,True,phases,68,16,32
8.675,8.660348478371537,,quality_mrc_single_variable_reference,72,72,,0.125,3.690224803447476,5.034707079323902,0.4332661938030443,0.16889362107739164,cs_095806,1a,True,phases,70,17,34
8.675,8.938954337955593,,quality_mrc_single_variable_reference,72,72,,0.1388888888888889,3.764354102394165,6.93995529752664,0.416069163295625,3.042701302081757,cs_095806,1a,True,phases,72,18,36
8.675,9.086331647048894,,quality_mrc_single_variable_reference,72,72,,0.1527777777777778,3.7665109070902596,10.475710606739836,0.40754061338386144,4.741575182119806,cs_095806,1a,True,phases,74,19,38
8.675,9.155698583376761,,quality_mrc_single_variable_reference,72,72,,0.125,3.8945838302038425,17.72427228387512,0.4144377368302725,5.541194044688882,cs_095806,1a,True,phases,76,20,40
8.675,9.09901582790727,,quality_mrc_single_variable_reference,72,72,,0.1111111111111111,3.9079446494072445,28.322181819551062,0.4206388630638258,4.887790523426729,cs_095806,1a,True,phases,78,21,42
8.675,9.042148475447119,,quality_mrc_single_variable_reference,72,72,,0.06944444444444445,4.040392526649787,33.405502903754744,0.44464750267720615,4.232259082963901,cs_095806,1a,True,phases,80,22,44
8.675,9.011196008657768,,quality_mrc_single_variable_reference,72,72,,0.041666666666666664,4.256592575365749,34.789908869020024,0.44921348248336385,3.8754583130578335,cs_095806,1a,True,phases,82,23,46
8.675,8.98009508145722,,quality_mrc_single_variable_reference,72,72,,0.05555555555555555,4.32459134350492,34.60875754612974,0.45708935998326544,3.5169461839448903,cs_095806,1a,True,phases,84,24,48
8.675,8.98600855980385,,quality_mrc_single_variable_reference,72,72,,0.08333333333333333,4.368680383655472,30.886549706660997,0.45969201675842997,3.585113081312378,cs_095806,1a,True,phases,86,25,50
8.675,9.022219030542336,,quality_mrc_single_variable_reference,72,72,,0.05555555555555555,4.376238000526062,26.539080090383273,0.4667107907272491,4.0025248477502675,cs_095806,1a,True,phases,88,26,52
8.675,8.666500177356049,,quality_mrc_single_variable_reference,72,72,,0.027777777777777776,3.0162683486820665,7.610806987030956,0.5728893308221833,0.09798066448359262,cs_095806,1b,True,phases,36,0,0
8.675,8.645269731233729,,quality_mrc_single_variable_reference,72,72,,0.041666666666666664,3.347693668734686,5.28028898967109,0.5565264890689269,0.3427120318878635,cs_095806,1b,True,phases,38,1,2
8.675,8.537360934334808,,quality_mrc_single_variable_reference,72,72,,0.041666666666666664,3.551625016743276,4.504808353417676,0.538190759396565,1.5866174716448695,cs_095806,1b,True,phases,40,2,4
8.675,8.260836051329814,,quality_mrc_single_variable_reference,72,72,,0.027777777777777776,3.5236440811926673,4.973270372491006,0.5176564833012164,4.77422419216353,cs_095806,1b,True,phases,42,3,6
8.675,7.560313952143526,,quality_mrc_single_variable_reference,72,72,,0.0,3.40272494410117,6.236055085456907,0.49943878735995834,12.84940689171729,cs_095806,1b,True,phases,44,4,8
8.675,6.7610818196890285,,quality_mrc_single_variable_reference,72,72,,0.0,3.3649434610898075,4.833253741537374,0.4884796599989911,22.06245740992475,cs_095806,1b,True,phases,46,5,10
8.675,6.265470297029703,,quality_mrc_single_variable_reference,72,72,,0.0,3.230177323313386,3.9801668992470867,0.4832476167807909,27.775558535680666,cs_095806,1b,True,phases,48,6,12
8.675,6.265470297029703,,quality_mrc_single_variable_reference,72,72,,0.041666666666666664,3.368729607419779,4.537791599862954,0.48421380951017545,27.775558535680666,cs_095806,1b,True,phases,50,7,14
8.675,6.265470297029703,,quality_mrc_single_variable_reference,72,72,,0.1111111111111111,3.4374768665419593,3.6913936424614398,0.4753744885098262,27.775558535680666,cs_095806,1b,True,phases,52,8,16
8.675,6.516595162459113,,quality_mrc_single_variable_reference,72,72,,0.125,3.5015384530448763,2.568525931660481,0.48121208626222794,24.88074740681138,cs_095806,1b,True,phases,54,9,18
8.675,7.183410834285895,,quality_mrc_single_variable_reference,72,72,,0.16666666666666666,3.3460679278878547,2.9429649831472102,0.4754072950573362,17.19411142033551,cs_095806,1b,True,phases,56,10,20
8.675,7.912095073826037,,quality_mrc_single_variable_reference,72,72,,0.1527777777777778,3.3323439832525064,5.839260805495334,0.47870298746490997,8.794293097106213,cs_095806,1b,True,phases,58,11,22
8.675,8.358298782617858,,quality_mrc_single_variable_reference,72,72,,0.125,3.4222773314324044,7.363184232544498,0.4740767693403343,3.6507344943186473,cs_095806,1b,True,phases,60,12,24
8.675,8.540866418221244,,quality_mrc_single_variable_reference,72,72,,0.08333333333333333,3.445563888109321,10.367947897914055,0.459720938160359,1.546208435489994,cs_095806,1b,True,phases,62,13,26
8.675,8.668370359808982,,quality_mrc_single_variable_reference,72,72,,0.06944444444444445,3.3970344552301963,12.86084526043862,0.47473619266268774,0.07642236531433587,cs_095806,1b,True,phases,64,14,28
8.675,8.778808078641,,quality_mrc_single_variable_reference,72,72,,0.06944444444444445,3.364248597290628,13.565808331691665,0.46730985651147944,1.1966349122881672,cs_095806,1b,True,phases,66,15,30
8.675,8.856673962583173,,quality_mrc_single_variable_reference,72,72,,0.08333333333333333,3.300238896845976,8.991101098988025,0.460603882784611,2.0942243525437725,cs_095806,1b,True,phases,68,16,32
8.675,8.922501965219888,,quality_mrc_single_variable_reference,72,72,,0.05555555555555555,3.190117192390872,7.620421586635574,0.45827867255101734,2.8530485904309826,cs_095806,1b,True,phases,70,17,34
8.675,9.011080051718338,,quality_mrc_single_variable_reference,72,72,,0.06944444444444445,3.2639389505831886,7.7623059334240265,0.4613635979753199,3.874121633640773,cs_095806,1b,True,phases,72,18,36
8.675,9.05407484373565,,quality_mrc_single_variable_reference,72,72,,0.05555555555555555,3.297012948852028,9.43522928092087,0.49236724051637554,4.369738832687601,cs_095806,1b,True,phases,74,19,38
8.675,9.007645923132133,,quality_mrc_single_variable_reference,72,72,,0.041666666666666664,3.2899988359958283,13.150530795680506,0.492356951039116,3.83453513696982,cs_095806,1b,True,phases,76,20,40
8.675,8.944427651523,,quality_mrc_single_variable_reference,72,72,,0.041666666666666664,3.3564457203129296,20.724948320223515,0.4990342784322586,3.105794253867428,cs_095806,1b,True,phases,78,21,42
8.675,8.837044704052817,,quality_mrc_single_variable_reference,72,72,,0.041666666666666664,3.4016242616399364,35.74210475896619,0.5135564420161582,1.8679504789949959,cs_095806,1b,True,phases,80,22,44
8.675,8.716007868720812,,quality_mrc_single_variable_reference,72,72,,0.027777777777777776,3.4054509517473943,54.444910233338625,0.5194953798216506,0.4727131841015712,cs_095806,1b,True,phases,82,23,46
8.675,8.628879619555226,,quality_mrc_single_variable_reference,72,72,,0.027777777777777776,3.49192856024883,65.87563935461054,0.5222197618452699,0.5316470368273718,cs_095806,1b,True,phases,84,24,48
8.675,8.556297014479888,,quality_mrc_single_variable_reference,72,72,,0.027777777777777776,3.408478050807194,76.51517819270065,0.5229355387474373,1.368334127032997,cs_095806,1b,True,phases,86,25,50
8.675,8.495529502409209,,quality_mrc_single_variable_reference,72,72,,0.013888888888888888,3.36946944181203,102.46784778746903,0.5612682368734694,2.068824179720944,cs_095806,1b,True,phases,88,26,52
8.675,8.465904774874563,,quality_mrc_single_variable_reference,72,72,,0.013888888888888888,3.3878280712674513,127.68785063970653,0.5909001717349892,2.410319597987756,cs_095806,1b,True,phases,90,27,54
11.49,12.570016031178167,,quality_mrc_single_variable_reference,72,72,,0.09722222222222222,1.8873219597202942,10.84537832006031,0.4814867744176989,9.399617329662021,cs_095806,2a,True,phases,36,0,0
11.49,12.58618405466049,,quality_mrc_single_variable_reference,72,72,,0.09722222222222222,2.32480542312505,13.648104440377486,0.48283911226764326,9.540331198089559,cs_095806,2a,True,phases,38,1,2
11.49,12.48384615192931,,quality_mrc_single_variable_reference,72,72,,0.05555555555555555,2.616592819820477,12.790186391498667,0.4825187830819628,8.649661896686766,cs_095806,2a,True,phases,40,2,4
11.49,nan,segment_too_short_or_no_tones,quality_mrc_single_variable_reference,,,0,,,,,nan,cs_095806,2b,False,phases,,0,
14.04,15.263226744323818,,quality_mrc_single_variable_reference,72,72,,0.08333333333333333,2.5806117496732246,9.529280843597371,0.48885317314279886,8.7124411988876,cs_095806,3,True,phases,36,0,0
14.04,15.231432464630881,,quality_mrc_single_variable_reference,72,72,,0.08333333333333333,3.377527932847832,7.306405315675186,0.488753813047897,8.485986215319672,cs_095806,3,True,phases,38,1,2
14.04,15.171275095582375,,quality_mrc_single_variable_reference,72,72,,0.06944444444444445,3.689406804741711,5.553952501445291,0.4750589564551536,8.057514925800401,cs_095806,3,True,phases,40,2,4
14.04,15.16075755421219,,quality_mrc_single_variable_reference,72,72,,0.08333333333333333,3.8139626742868007,4.274114522176238,0.47178247723016803,7.9826036624799865,cs_095806,3,True,phases,42,3,6
14.04,15.131380884187116,,quality_mrc_single_variable_reference,72,72,,0.09722222222222222,3.7927025250302555,3.4977399834822185,0.4586080149577481,7.773368120990865,cs_095806,3,True,phases,44,4,8
14.04,15.14628494008608,,quality_mrc_single_variable_reference,72,72,,0.06944444444444445,4.006980810467482,2.9318959471330377,0.4640927138075354,7.879522365285475,cs_095806,3,True,phases,46,5,10
14.04,15.144850189605988,,quality_mrc_single_variable_reference,72,72,,0.06944444444444445,4.078712005500179,2.386742960461954,0.4583758761179025,7.869303344772,cs_095806,3,True,phases,48,6,12
14.04,14.73069417588461,,quality_mrc_single_variable_reference,72,72,,0.08333333333333333,4.07057759212924,1.9196204567440447,0.4604932507966111,4.919474187212327,cs_095806,3,True,phases,50,7,14
14.04,13.244534530086991,,quality_mrc_single_variable_reference,72,72,,0.09722222222222222,4.0671776495297,1.543439049571239,0.46598124691407206,5.665708475163876,cs_095806,3,True,phases,52,8,16
14.04,12.703802113634273,,quality_mrc_single_variable_reference,72,72,,0.09722222222222222,4.047627365132468,2.0037336716382645,0.48465866060967566,9.517078962718847,cs_095806,3,True,phases,54,9,18
14.04,12.498523439925243,,quality_mrc_single_variable_reference,72,72,,0.06944444444444445,3.80660850959895,2.7637341181296136,0.49643323801282224,10.979177778310227,cs_095806,3,True,phases,56,10,20
14.04,12.429626784934669,,quality_mrc_single_variable_reference,72,72,,0.08333333333333333,3.6474745714444885,2.9241324918017226,0.508255973233472,11.469894694197508,cs_095806,3,True,phases,58,11,22
14.04,12.582093779444458,,quality_mrc_single_variable_reference,72,72,,0.06944444444444445,3.5975596292805303,2.201290366729302,0.5164523801302805,10.383947439854284,cs_095806,3,True,phases,60,12,24
14.04,13.167628618358295,,quality_mrc_single_variable_reference,72,72,,0.041666666666666664,3.747927805738779,1.9061532424585133,0.5179980476291113,6.213471379214417,cs_095806,3,True,phases,62,13,26
14.04,14.60887366726675,,quality_mrc_single_variable_reference,72,72,,0.027777777777777776,3.7030149496627995,2.682799590785884,0.5299859570941338,4.051806746914176,cs_095806,3,True,phases,64,14,28
14.04,14.95900780706381,,quality_mrc_single_variable_reference,72,72,,0.041666666666666664,3.6029550870508893,3.5525395741800603,0.5112283069383367,6.545639651451641,cs_095806,3,True,phases,66,15,30
14.04,14.981337028392177,,quality_mrc_single_variable_reference,72,72,,0.05555555555555555,3.3942919392804844,4.073247083436433,0.4968070410814607,6.70467968940298,cs_095806,3,True,phases,68,16,32
14.04,14.979517939595544,,quality_mrc_single_variable_reference,72,72,,0.027777777777777776,3.222814388373499,4.383694088029935,0.47757513024202075,6.691723216492484,cs_095806,3,True,phases,70,17,34
14.04,14.988477122547108,,quality_mrc_single_variable_reference,72,72,,0.041666666666666664,3.049033907688975,4.528683080664485,0.4860422657874565,6.755535060876845,cs_095806,3,True,phases,72,18,36
14.04,15.083145180571762,,quality_mrc_single_variable_reference,72,72,,0.027777777777777776,2.968883414875441,4.659476924997158,0.46818067434441785,7.4298089784313595,cs_095806,3,True,phases,74,19,38
14.04,15.163915931121473,,quality_mrc_single_variable_reference,72,72,,0.041666666666666664,2.8529022921369287,4.740559038355535,0.47676298098417486,8.00509922451192,cs_095806,3,True,phases,76,20,40
14.04,15.267971591011783,,quality_mrc_single_variable_reference,72,72,,0.05555555555555555,2.7861980433757867,4.9791776127737855,0.4652668347286585,8.746236403217832,cs_095806,3,True,phases,78,21,42
14.04,15.330006754367233,,quality_mrc_single_variable_reference,72,72,,0.05555555555555555,2.79546280688224,5.361415771815486,0.4541692918704424,9.188082296062918,cs_095806,3,True,phases,80,22,44
14.04,15.388137296223597,,quality_mrc_single_variable_reference,72,72,,0.08333333333333333,2.859248715636923,6.211458102756148,0.4402974729910672,9.602117494470072,cs_095806,3,True,phases,82,23,46
14.04,15.425676212034178,,quality_mrc_single_variable_reference,72,72,,0.08333333333333333,2.9413413321276387,7.374516294618188,0.4488503998062788,9.869488689702129,cs_095806,3,True,phases,84,24,48
16.17,14.797262262833135,,quality_mrc_single_variable_reference,72,72,,0.0,1.463625853693686,7.13202259858755,0.3401580183099869,8.48941086683282,cs_095806,4a,True,phases,36,0,0
16.17,14.973210755939139,,quality_mrc_single_variable_reference,72,72,,0.0,1.557225545177979,6.9444167159533565,0.34189815598211853,7.401294026350419,cs_095806,4a,True,phases,38,1,2
16.17,15.189443187532122,,quality_mrc_single_variable_reference,72,72,,0.0,1.7585442398440463,6.571295932264122,0.34614971732146604,6.064049551440195,cs_095806,4a,True,phases,40,2,4
16.17,15.532100270530057,,quality_mrc_single_variable_reference,72,72,,0.0,1.7157169516406643,6.744380004849014,0.3561526263113397,3.9449581290658307,cs_095806,4a,True,phases,42,3,6
16.17,16.0219105748583,,quality_mrc_single_variable_reference,72,72,,0.0,1.6970608400371774,6.372456117586159,0.3597254274811438,0.9158282321688433,cs_095806,4a,True,phases,44,4,8
16.17,nan,segment_too_short_or_no_tones,quality_mrc_single_variable_reference,,,0,,,,,nan,cs_095806,4b,False,phases,,0,
8.675,10.219800656230024,,quality_mrc_single_variable_reference,72,72,,0.027777777777777776,2.094267744588306,4.0470072610695675,0.5697625713175123,17.80750036000027,cs_102621,1a,True,local_amplitudes,36,0,0
8.675,10.136115554603737,,quality_mrc_single_variable_reference,72,72,,0.013888888888888888,2.2335863891334435,4.660618154938226,0.56075227834844,16.84283060061944,cs_102621,1a,True,local_amplitudes,38,1,2
8.675,9.992427652010472,,quality_mrc_single_variable_reference,72,72,,0.013888888888888888,2.54570756755149,4.7090809230418245,0.5504530668410758,15.186485902137992,cs_102621,1a,True,local_amplitudes,40,2,4
8.675,9.85424181938614,,quality_mrc_single_variable_reference,72,72,,0.027777777777777776,2.6376257097816627,4.964028447889924,0.521777628586841,13.593565641338772,cs_102621,1a,True,local_amplitudes,42,3,6
8.675,9.712590642611655,,quality_mrc_single_variable_reference,72,72,,0.027777777777777776,2.7965028916607926,5.386933535328013,0.5277885339177928,11.960699050278436,cs_102621,1a,True,local_amplitudes,44,4,8
8.675,9.543603359325266,,quality_mrc_single_variable_reference,72,72,,0.041666666666666664,2.921829604459491,6.003880177174395,0.5149268099917959,10.01271883948432,cs_102621,1a,True,local_amplitudes,46,5,10
8.675,9.343898993420513,,quality_mrc_single_variable_reference,72,72,,0.041666666666666664,2.783878413231155,8.38202282100237,0.513784846975764,7.710651220985734,cs_102621,1a,True,local_amplitudes,48,6,12
8.675,9.255686758514948,,quality_mrc_single_variable_reference,72,72,,0.0,2.7799755411991303,13.824332148326139,0.6014476959995749,6.693795487203998,cs_102621,1a,True,local_amplitudes,50,7,14
8.675,9.196203599355755,,quality_mrc_single_variable_reference,72,72,,0.0,2.807188633018975,11.005167911573709,0.6158482610164021,6.008110655397743,cs_102621,1a,True,local_amplitudes,52,8,16
8.675,9.113898272606683,,quality_mrc_single_variable_reference,72,72,,0.0,2.919870198001641,10.508902315751358,0.6192749956815327,5.059346081921407,cs_102621,1a,True,local_amplitudes,54,9,18
8.675,9.082549305705097,,quality_mrc_single_variable_reference,72,72,,0.027777777777777776,2.94238592505727,11.798653126425773,0.622610384696324,4.697974705534251,cs_102621,1a,True,local_amplitudes,56,10,20
8.675,9.012432888520685,,quality_mrc_single_variable_reference,72,72,,0.027777777777777776,2.923510813342462,11.97564291958187,0.6190295607691415,3.8897162941865626,cs_102621,1a,True,local_amplitudes,58,11,22
8.675,8.888101394542602,,quality_mrc_single_variable_reference,72,72,,0.027777777777777776,2.829097576983639,7.601480881806937,0.6119488278396521,2.456500225274942,cs_102621,1a,True,local_amplitudes,60,12,24
8.675,8.764586465742182,,quality_mrc_single_variable_reference,72,72,,0.027777777777777776,2.8040227798369073,7.8393202769440515,0.5910795003337525,1.0326970114372498,cs_102621,1a,True,local_amplitudes,62,13,26
8.675,8.675855013016285,,quality_mrc_single_variable_reference,72,72,,0.041666666666666664,2.875356221802825,7.932664211786605,0.5619906741150034,0.009856057824605705,cs_102621,1a,True,local_amplitudes,64,14,28
8.675,8.556363461638353,,quality_mrc_single_variable_reference,72,72,,0.027777777777777776,2.952137174747459,8.565376989695183,0.5628173894016315,1.3675681655521292,cs_102621,1a,True,local_amplitudes,66,15,30
8.675,8.50624809770265,,quality_mrc_single_variable_reference,72,72,,0.0,3.0890696303924052,12.236914328144882,0.6398509355067638,1.9452668852720463,cs_102621,1a,True,local_amplitudes,68,16,32
8.675,8.393628368887333,,quality_mrc_single_variable_reference,72,72,,0.0,2.973125653107253,21.25547279554001,0.6301585428386355,3.2434770157079877,cs_102621,1a,True,local_amplitudes,70,17,34
8.675,8.309727330415987,,quality_mrc_single_variable_reference,72,72,,0.0,2.9888796062744563,21.321926962558358,0.6294306808596106,4.21063596062264,cs_102621,1a,True,local_amplitudes,72,18,36
8.675,8.27240406904334,,quality_mrc_single_variable_reference,72,72,,0.0,2.9901174767374954,12.283087853358527,0.6335132842994978,4.640875284803007,cs_102621,1a,True,local_amplitudes,74,19,38
8.675,8.482404484694431,,quality_mrc_single_variable_reference,72,72,,0.0,3.1151610705184343,11.014091419694415,0.6329319504046551,2.220121213897056,cs_102621,1a,True,local_amplitudes,76,20,40
8.675,8.619640676239865,,quality_mrc_single_variable_reference,72,72,,0.0,3.1503502686026525,11.298564660422866,0.6314105907375446,0.6381478243243364,cs_102621,1a,True,local_amplitudes,78,21,42
8.675,8.7822977155062,,quality_mrc_single_variable_reference,72,72,,0.0,3.220172197575329,10.212598117769287,0.6284342564951569,1.2368612738466762,cs_102621,1a,True,local_amplitudes,80,22,44
8.675,8.897350414337584,,quality_mrc_single_variable_reference,72,72,,0.0,3.2308935053440915,6.283807139408122,0.623860884184568,2.5631171681565807,cs_102621,1a,True,local_amplitudes,82,23,46
8.675,8.920353442968171,,quality_mrc_single_variable_reference,72,72,,0.0,3.2393433874874344,5.32908750692973,0.6176317547191431,2.8282817633218476,cs_102621,1a,True,local_amplitudes,84,24,48
8.675,9.272896071413824,,quality_mrc_single_variable_reference,72,72,,0.013888888888888888,2.6470860110984527,13.850109334083736,0.5896381352388355,6.892173733876921,cs_102621,1b,True,local_amplitudes,36,0,0
8.675,9.349705515484287,,quality_mrc_single_variable_reference,72,72,,0.027777777777777776,3.258047754232733,12.22153383980415,0.5552673280603244,7.777585192902429,cs_102621,1b,True,local_amplitudes,38,1,2
8.675,9.502292383957913,,quality_mrc_single_variable_reference,72,72,,0.041666666666666664,3.453493401530694,9.242800611774012,0.5345246275208763,9.53651163063876,cs_102621,1b,True,local_amplitudes,40,2,4
8.675,9.564850322639508,,quality_mrc_single_variable_reference,72,72,,0.041666666666666664,3.4957714783930025,7.711532854526185,0.5360331062917789,10.257640606795471,cs_102621,1b,True,local_amplitudes,42,3,6
8.675,9.56550369756814,,quality_mrc_single_variable_reference,72,72,,0.041666666666666664,3.517677271360414,7.176024106999166,0.5548584488035412,10.265172306260968,cs_102621,1b,True,local_amplitudes,44,4,8
8.675,9.547364173711545,,quality_mrc_single_variable_reference,72,72,,0.041666666666666664,3.5721881562881226,7.299823868791705,0.5599194790861389,10.056071166703676,cs_102621,1b,True,local_amplitudes,46,5,10
8.675,9.47446843178003,,quality_mrc_single_variable_reference,72,72,,0.041666666666666664,3.573710022365608,8.030746813310348,0.5621113994614316,9.215774429740973,cs_102621,1b,True,local_amplitudes,48,6,12
8.675,9.392066580956618,,quality_mrc_single_variable_reference,72,72,,0.041666666666666664,3.5685212209954766,9.249786897105873,0.5537321846518148,8.26589718681979,cs_102621,1b,True,local_amplitudes,50,7,14
8.675,9.318067025778463,,quality_mrc_single_variable_reference,72,72,,0.027777777777777776,3.5833144866630295,11.268668673345086,0.528745311354304,7.412876377849709,cs_102621,1b,True,local_amplitudes,52,8,16
8.675,9.245716549379313,,quality_mrc_single_variable_reference,72,72,,0.027777777777777776,3.6580752254360505,13.81244072914703,0.5380757454402796,6.578865122528099,cs_102621,1b,True,local_amplitudes,54,9,18
8.675,9.193592721774413,,quality_mrc_single_variable_reference,72,72,,0.05555555555555555,3.4604599667873037,16.223729320317837,0.5357653901683328,5.978014083854901,cs_102621,1b,True,local_amplitudes,56,10,20
8.675,9.200767933445798,,quality_mrc_single_variable_reference,72,72,,0.041666666666666664,3.3537083310798645,16.830094764973715,0.5077670103269832,6.06072545758844,cs_102621,1b,True,local_amplitudes,58,11,22
8.675,9.203547311152558,,quality_mrc_single_variable_reference,72,72,,0.041666666666666664,3.385601368930267,14.064532108343052,0.5022175580288233,6.092764393689424,cs_102621,1b,True,local_amplitudes,60,12,24
8.675,9.221572312815997,,quality_mrc_single_variable_reference,72,72,,0.05555555555555555,3.3188775308400653,9.686601000236035,0.5069465178934989,6.3005453926916015,cs_102621,1b,True,local_amplitudes,62,13,26
8.675,9.29627503609908,,quality_mrc_single_variable_reference,72,72,,0.041666666666666664,3.395753289170986,6.466858453335904,0.5582386092564386,7.161671885868357,cs_102621,1b,True,local_amplitudes,64,14,28
8.675,9.523905633680481,,quality_mrc_single_variable_reference,72,72,,0.041666666666666664,3.4296139647384436,4.208075267071009,0.5697886076765944,9.785655719659719,cs_102621,1b,True,local_amplitudes,66,15,30
8.675,10.001176854834203,,quality_mrc_single_variable_reference,72,72,,0.027777777777777776,3.4939394000799195,2.942987472427576,0.571117470902999,15.28734126610031,cs_102621,1b,True,local_amplitudes,68,16,32
8.675,10.995069607963986,,quality_mrc_single_variable_reference,72,72,,0.027777777777777776,3.6225828680971555,2.3614938464094086,0.5611329909923582,26.74431824742346,cs_102621,1b,True,local_amplitudes,70,17,34
8.675,11.537581261321616,,quality_mrc_single_variable_reference,72,72,,0.05555555555555555,3.7356297573710435,2.818514030614498,0.5365121118573145,32.99805488555176,cs_102621,1b,True,local_amplitudes,72,18,36
8.675,11.763905383705453,,quality_mrc_single_variable_reference,72,72,,0.08333333333333333,3.8572635836051714,9.049663107162838,0.5199755973215013,35.60697848651817,cs_102621,1b,True,local_amplitudes,74,19,38
8.675,11.886953986065606,,quality_mrc_single_variable_reference,72,72,,0.09722222222222222,3.8287610248217123,8.530543914634052,0.5165583213912261,37.02540617943061,cs_102621,1b,True,local_amplitudes,76,20,40
8.675,11.986080336103015,,quality_mrc_single_variable_reference,72,72,,0.041666666666666664,3.8095190179456173,5.137249551410893,0.5173580346124238,38.16807303865146,cs_102621,1b,True,local_amplitudes,78,21,42
8.675,11.910554231766925,,quality_mrc_single_variable_reference,72,72,,0.041666666666666664,3.8513608749232864,2.7100021070512095,0.5244363456313771,37.29745512123255,cs_102621,1b,True,local_amplitudes,80,22,44
8.675,11.492995141262293,,quality_mrc_single_variable_reference,72,72,,0.027777777777777776,3.764617012793854,2.1378774160970377,0.5332382848618245,32.48409384740395,cs_102621,1b,True,local_amplitudes,82,23,46
8.675,10.688047178978557,,quality_mrc_single_variable_reference,72,72,,0.027777777777777776,3.5590855547062983,2.3170627037459544,0.5519288039786913,23.20515480090555,cs_102621,1b,True,local_amplitudes,84,24,48
8.675,10.187896932548073,,quality_mrc_single_variable_reference,72,72,,0.027777777777777776,3.4533805338530934,2.699632266811303,0.5307011360188122,17.439734092773165,cs_102621,1b,True,local_amplitudes,86,25,50
8.675,9.935995069924369,,quality_mrc_single_variable_reference,72,72,,0.027777777777777776,3.2022523755161267,3.724717124030849,0.5401495133507639,14.535966223912023,cs_102621,1b,True,local_amplitudes,88,26,52
11.49,13.033397115531193,,quality_mrc_single_variable_reference,72,72,,0.013888888888888888,1.6881703116379436,3.7898193420319304,0.5048055641502243,13.432524939348934,cs_102621,2a,True,local_amplitudes,36,0,0
11.49,12.996854231001286,,quality_mrc_single_variable_reference,72,72,,0.027777777777777776,1.6745243801269265,3.424357199599259,0.5197420994087909,13.114484168853666,cs_102621,2a,True,local_amplitudes,38,1,2
11.49,12.62096809437802,,quality_mrc_single_variable_reference,72,72,,0.027777777777777776,1.8487356086231017,3.523208247130955,0.5504551939561984,9.843064354900081,cs_102621,2a,True,local_amplitudes,40,2,4
11.49,nan,segment_too_short_or_no_tones,quality_mrc_single_variable_reference,,,0,,,,,nan,cs_102621,2b,False,local_amplitudes,,0,
14.04,14.57971377705256,,quality_mrc_single_variable_reference,72,72,,0.0,2.3265216229356955,4.375446049683882,0.5342365914593331,3.8441152211720926,cs_102621,3,True,local_amplitudes,36,0,0
14.04,14.584992415530824,,quality_mrc_single_variable_reference,72,72,,0.0,2.5671831845195734,4.303590930326998,0.5329172543843755,3.8817123613306594,cs_102621,3,True,local_amplitudes,38,1,2
14.04,14.512786333937106,,quality_mrc_single_variable_reference,72,72,,0.0,2.628282933568416,4.656232787007597,0.5333446420090745,3.3674240308910726,cs_102621,3,True,local_amplitudes,40,2,4
14.04,14.467298521242618,,quality_mrc_single_variable_reference,72,72,,0.0,2.6980289511926383,5.058070935843026,0.5294067789124173,3.0434367609873165,cs_102621,3,True,local_amplitudes,42,3,6
14.04,14.439630453705151,,quality_mrc_single_variable_reference,72,72,,0.013888888888888888,2.7783622845243516,5.570922746342548,0.5250749530804962,2.846370752885697,cs_102621,3,True,local_amplitudes,44,4,8
14.04,14.386519558568997,,quality_mrc_single_variable_reference,72,72,,0.013888888888888888,2.8062154162780146,6.183260578073301,0.521798714119466,2.4680880239957124,cs_102621,3,True,local_amplitudes,46,5,10
14.04,14.242465719780784,,quality_mrc_single_variable_reference,72,72,,0.027777777777777776,2.8513809708085365,7.298302515035236,0.5006039355639123,1.4420635312021683,cs_102621,3,True,local_amplitudes,48,6,12
14.04,13.946929101676048,,quality_mrc_single_variable_reference,72,72,,0.041666666666666664,2.766236065028997,10.18486168620306,0.5012708999954016,0.6628981362104788,cs_102621,3,True,local_amplitudes,50,7,14
14.04,13.587375853523495,,quality_mrc_single_variable_reference,72,72,,0.041666666666666664,2.7649235351236516,9.433349172039557,0.49946814575208603,3.2238187070976068,cs_102621,3,True,local_amplitudes,52,8,16
14.04,13.152642196903795,,quality_mrc_single_variable_reference,72,72,,0.041666666666666664,2.8048159419577203,8.133632849647341,0.48840627611323456,6.320212272764988,cs_102621,3,True,local_amplitudes,54,9,18
14.04,12.736998249518523,,quality_mrc_single_variable_reference,72,72,,0.05555555555555555,2.8560671156677646,7.339787799887994,0.4989590553226274,9.280639248443563,cs_102621,3,True,local_amplitudes,56,10,20
14.04,12.385575964404866,,quality_mrc_single_variable_reference,72,72,,0.041666666666666664,2.926503736292677,5.817187865412293,0.4857833680532305,11.78364697717331,cs_102621,3,True,local_amplitudes,58,11,22
14.04,12.160998638156753,,quality_mrc_single_variable_reference,72,72,,0.041666666666666664,3.00323529325835,4.921754982753348,0.48071308224178594,13.3832005829291,cs_102621,3,True,local_amplitudes,60,12,24
14.04,12.09560938258197,,quality_mrc_single_variable_reference,72,72,,0.027777777777777776,2.984121893175358,4.308859454999273,0.4814983444337044,13.84893602149594,cs_102621,3,True,local_amplitudes,62,13,26
14.04,12.254801009182884,,quality_mrc_single_variable_reference,72,72,,0.027777777777777776,2.876634441386075,3.9610813093897326,0.4795778464485084,12.71509252718743,cs_102621,3,True,local_amplitudes,64,14,28
14.04,12.64240086939089,,quality_mrc_single_variable_reference,72,72,,0.027777777777777776,2.8014562622377905,4.054821076547053,0.48010643484338916,9.95440976217314,cs_102621,3,True,local_amplitudes,66,15,30
14.04,13.041312272736013,,quality_mrc_single_variable_reference,72,72,,0.041666666666666664,2.779796152623096,4.63935497973821,0.4973603845496918,7.113160450598192,cs_102621,3,True,local_amplitudes,68,16,32
14.04,13.447454575932436,,quality_mrc_single_variable_reference,72,72,,0.027777777777777776,2.6935469463142536,5.412170075901897,0.5186308916791756,4.22040900333022,cs_102621,3,True,local_amplitudes,70,17,34
14.04,13.765088770316549,,quality_mrc_single_variable_reference,72,72,,0.027777777777777776,2.5423731167652575,7.1159494905218175,0.5293317180742103,1.958057191477567,cs_102621,3,True,local_amplitudes,72,18,36
14.04,13.997035215346369,,quality_mrc_single_variable_reference,72,72,,0.041666666666666664,2.370971180759966,7.0622053113711525,0.5325016803991187,0.3060169847124681,cs_102621,3,True,local_amplitudes,74,19,38
14.04,14.179805087651205,,quality_mrc_single_variable_reference,72,72,,0.041666666666666664,2.30468791100653,7.033135702067441,0.5217534666413544,0.9957627325584492,cs_102621,3,True,local_amplitudes,76,20,40
14.04,14.264431625058853,,quality_mrc_single_variable_reference,72,72,,0.027777777777777776,2.3727875573697697,5.5531647491286105,0.4959642457995753,1.598515847997533,cs_102621,3,True,local_amplitudes,78,21,42
14.04,14.25519862138136,,quality_mrc_single_variable_reference,72,72,,0.027777777777777776,2.481614307794599,4.615431401846202,0.46273352110975025,1.5327537135424607,cs_102621,3,True,local_amplitudes,80,22,44
14.04,14.091494533279873,,quality_mrc_single_variable_reference,72,72,,0.0,2.364002633639094,3.356038841132623,0.45963410771814733,0.36677018005607925,cs_102621,3,True,local_amplitudes,82,23,46
14.04,14.001758793166807,,quality_mrc_single_variable_reference,72,72,,0.0,2.343096099945077,2.702448013911087,0.44058059773438213,0.2723732680426756,cs_102621,3,True,local_amplitudes,84,24,48
14.04,14.28320459451046,,quality_mrc_single_variable_reference,72,72,,0.0,2.24900708633111,2.312201139750824,0.42874091586934954,1.732226456627214,cs_102621,3,True,local_amplitudes,86,25,50
16.17,17.058456157045082,,quality_mrc_single_variable_reference,72,72,,0.0,1.341834845131575,4.29837584380166,0.376246464267182,5.494472214255291,cs_102621,4a,True,local_amplitudes,36,0,0
16.17,16.793881903506552,,quality_mrc_single_variable_reference,72,72,,0.0,1.3487277649259475,5.698430999692581,0.37844388931473916,3.8582678015247387,cs_102621,4a,True,local_amplitudes,38,1,2
16.17,16.404464710433274,,quality_mrc_single_variable_reference,72,72,,0.0,1.3134504264884392,5.047398541840273,0.38408936801190197,1.4499982092348311,cs_102621,4a,True,local_amplitudes,40,2,4
16.17,15.980311012600579,,quality_mrc_single_variable_reference,72,72,,0.0,1.3555363015520068,5.046594417571729,0.38804021718097365,1.173092068023642,cs_102621,4a,True,local_amplitudes,42,3,6
16.17,15.534802508031522,,quality_mrc_single_variable_reference,72,72,,0.0,1.389637497791546,5.321387367570512,0.3829506900089038,3.9282467035774884,cs_102621,4a,True,local_amplitudes,44,4,8
16.17,15.353715826114412,,quality_mrc_single_variable_reference,72,72,,0.0,1.504620715334843,4.803227989798722,0.38255056420193456,5.048139603497773,cs_102621,4a,True,local_amplitudes,46,5,10
16.17,nan,segment_too_short_or_no_tones,quality_mrc_single_variable_reference,,,0,,,,,nan,cs_102621,4b,False,local_amplitudes,,0,
8.675,9.798628903618452,,quality_mrc_single_variable_reference,72,72,,0.0,1.7833786076208185,4.69647501807547,0.3923335875285653,12.95249456620693,cs_102621,1a,True,remote_amplitudes,36,0,0
8.675,10.09127907838146,,quality_mrc_single_variable_reference,72,72,,0.0,1.8525073528511176,5.265136026755548,0.39624836633684857,16.325983612466384,cs_102621,1a,True,remote_amplitudes,38,1,2
8.675,10.24417352711008,,quality_mrc_single_variable_reference,72,72,,0.0,1.8302614168659557,4.916794937676157,0.4001588740106351,18.08845564392022,cs_102621,1a,True,remote_amplitudes,40,2,4
8.675,10.333507894576226,,quality_mrc_single_variable_reference,72,72,,0.0,1.7561720095765916,4.064539214420153,0.4021617216504237,19.118246623357056,cs_102621,1a,True,remote_amplitudes,42,3,6
8.675,10.357586494026936,,quality_mrc_single_variable_reference,72,72,,0.0,1.6832959456927985,4.0025138927387305,0.40043098584601894,19.39580972941712,cs_102621,1a,True,remote_amplitudes,44,4,8
8.675,10.271706462914223,,quality_mrc_single_variable_reference,72,72,,0.027777777777777776,1.6964046952198604,3.6384668913643186,0.39664371631439765,18.40583818921293,cs_102621,1a,True,remote_amplitudes,46,5,10
8.675,10.11659481767191,,quality_mrc_single_variable_reference,72,72,,0.05555555555555555,1.7964471599438268,3.3151235333796514,0.40225350990428,16.617807696506155,cs_102621,1a,True,remote_amplitudes,48,6,12
8.675,9.981585029807459,,quality_mrc_single_variable_reference,72,72,,0.013888888888888888,1.8345871756315093,3.2794293343853087,0.41290413193117453,15.061498902679629,cs_102621,1a,True,remote_amplitudes,50,7,14
8.675,9.872434748307205,,quality_mrc_single_variable_reference,72,72,,0.0,1.8732372963002706,3.903746023451616,0.4191564487581477,13.80328240123578,cs_102621,1a,True,remote_amplitudes,52,8,16
8.675,9.703027388725543,,quality_mrc_single_variable_reference,72,72,,0.0,1.8926119398672023,4.6122040309401235,0.41744222027409367,11.85045981239818,cs_102621,1a,True,remote_amplitudes,54,9,18
8.675,9.460752896802195,,quality_mrc_single_variable_reference,72,72,,0.0,1.9077067114883886,7.3998206359323255,0.42662587981990496,9.057670280140561,cs_102621,1a,True,remote_amplitudes,56,10,20
8.675,9.18509679169508,,quality_mrc_single_variable_reference,72,72,,0.0,1.8685826826186687,11.229645678369351,0.42608602867096323,5.8800782904331985,cs_102621,1a,True,remote_amplitudes,58,11,22
8.675,9.016233519277224,,quality_mrc_single_variable_reference,72,72,,0.0,1.84032127731935,11.506508593926847,0.43255183365367617,3.9335275997374395,cs_102621,1a,True,remote_amplitudes,60,12,24
8.675,9.000472905906637,,quality_mrc_single_variable_reference,72,72,,0.0,1.7335472292835048,12.027485160838529,0.4352837725000139,3.7518490594424936,cs_102621,1a,True,remote_amplitudes,62,13,26
8.675,9.30074337406594,,quality_mrc_single_variable_reference,72,72,,0.027777777777777776,1.7550560665404886,9.111268238814064,0.4319188950622306,7.213180104506502,cs_102621,1a,True,remote_amplitudes,64,14,28
8.675,9.87062030315188,,quality_mrc_single_variable_reference,72,72,,0.0,1.7270497232744053,8.626413673576364,0.4343486563557939,13.782366606938082,cs_102621,1a,True,remote_amplitudes,66,15,30
8.675,10.651575701099906,,quality_mrc_single_variable_reference,72,72,,0.013888888888888888,1.8536995827087412,4.4417990548770065,0.4283804275013016,22.78473430662715,cs_102621,1a,True,remote_amplitudes,68,16,32
8.675,11.415531838970628,,quality_mrc_single_variable_reference,72,72,,0.041666666666666664,1.9425649674679448,3.022266207477021,0.4325874480856543,31.59114511781702,cs_102621,1a,True,remote_amplitudes,70,17,34
8.675,12.36667791735133,,quality_mrc_single_variable_reference,72,72,,0.027777777777777776,1.963816693883407,2.9033284881336954,0.4321039394838185,42.55536504151388,cs_102621,1a,True,remote_amplitudes,72,18,36
8.675,13.065504712436772,,quality_mrc_single_variable_reference,72,72,,0.0,1.9507329181705846,4.751283579780219,0.42107205001226045,50.611005330683234,cs_102621,1a,True,remote_amplitudes,74,19,38
8.675,13.453364162702512,,quality_mrc_single_variable_reference,72,72,,0.013888888888888888,1.9819642360292964,5.2858934843322185,0.4265167668031932,55.08200763922202,cs_102621,1a,True,remote_amplitudes,76,20,40
8.675,13.590697912263074,,quality_mrc_single_variable_reference,72,72,,0.0,2.0235900423034883,4.433848498910331,0.4563503515314806,56.6651056168654,cs_102621,1a,True,remote_amplitudes,78,21,42
8.675,13.436215402648779,,quality_mrc_single_variable_reference,72,72,,0.0,2.0743890315452354,3.633146087816334,0.47095932428607146,54.88432740805508,cs_102621,1a,True,remote_amplitudes,80,22,44
8.675,12.854502326018672,,quality_mrc_single_variable_reference,72,72,,0.0,2.0673444117493194,2.2532008908986545,0.49296506408720503,48.17870116448035,cs_102621,1a,True,remote_amplitudes,82,23,46
8.675,11.689532619233944,,quality_mrc_single_variable_reference,72,72,,0.0,2.022307937023581,2.141653704056305,0.5248628299170466,34.749655553129024,cs_102621,1a,True,remote_amplitudes,84,24,48
8.675,10.03013441320071,,quality_mrc_single_variable_reference,72,72,,0.027777777777777776,2.049980088939974,2.2629800240394213,0.4230613170835462,15.621145973495201,cs_102621,1b,True,remote_amplitudes,36,0,0
8.675,9.899840840842518,,quality_mrc_single_variable_reference,72,72,,0.125,2.2377943271388676,3.1394822795571744,0.4270901642506276,14.119202776282624,cs_102621,1b,True,remote_amplitudes,38,1,2
8.675,9.8772409979429,,quality_mrc_single_variable_reference,72,72,,0.09722222222222222,2.461687002998413,4.974866738602564,0.4219260428103539,13.858685855249561,cs_102621,1b,True,remote_amplitudes,40,2,4
8.675,9.749113851899892,,quality_mrc_single_variable_reference,72,72,,0.09722222222222222,2.5578881057641345,8.007863467227033,0.42058997815748467,12.38171587204486,cs_102621,1b,True,remote_amplitudes,42,3,6
8.675,9.644351811450663,,quality_mrc_single_variable_reference,72,72,,0.1111111111111111,2.6152076329812752,11.934667210463452,0.40508966873193974,11.17408428185202,cs_102621,1b,True,remote_amplitudes,44,4,8
8.675,9.583373027347667,,quality_mrc_single_variable_reference,72,72,,0.06944444444444445,2.8715462997143018,13.92681584495871,0.4059304694297848,10.471158816687796,cs_102621,1b,True,remote_amplitudes,46,5,10
8.675,9.512351416166206,,quality_mrc_single_variable_reference,72,72,,0.06944444444444445,2.8570364147650724,14.180445603943046,0.4099658548367968,9.652465892405825,cs_102621,1b,True,remote_amplitudes,48,6,12
8.675,9.453592425268527,,quality_mrc_single_variable_reference,72,72,,0.05555555555555555,2.8452570234152463,14.345546494016896,0.41437308961344915,8.975128821539203,cs_102621,1b,True,remote_amplitudes,50,7,14
8.675,9.444001217580555,,quality_mrc_single_variable_reference,72,72,,0.08333333333333333,2.7748340232264135,13.217475802120195,0.419188994236358,8.864567349631743,cs_102621,1b,True,remote_amplitudes,52,8,16
8.675,9.481306660271809,,quality_mrc_single_variable_reference,72,72,,0.1111111111111111,2.863438579392616,10.784582662812259,0.44065717738506355,9.29460127114476,cs_102621,1b,True,remote_amplitudes,54,9,18
8.675,9.519733725574934,,quality_mrc_single_variable_reference,72,72,,0.1388888888888889,2.8372837544822422,9.069711727236431,0.44665883007037793,9.737564559941593,cs_102621,1b,True,remote_amplitudes,56,10,20
8.675,9.5878455233317,,quality_mrc_single_variable_reference,72,72,,0.1388888888888889,2.852724251160272,7.633255256631328,0.4595083330724332,10.52271496635964,cs_102621,1b,True,remote_amplitudes,58,11,22
8.675,9.623180198935751,,quality_mrc_single_variable_reference,72,72,,0.041666666666666664,2.72580561258034,6.130713039614149,0.48169874526405926,10.930031111651301,cs_102621,1b,True,remote_amplitudes,60,12,24
8.675,9.665480882976947,,quality_mrc_single_variable_reference,72,72,,0.013888888888888888,2.656390491968596,4.611877253499462,0.5254458496590815,11.417647066016674,cs_102621,1b,True,remote_amplitudes,62,13,26
8.675,9.72232447064506,,quality_mrc_single_variable_reference,72,72,,0.027777777777777776,2.581133870386169,3.6463048737425825,0.5523832907974264,12.072904560749954,cs_102621,1b,True,remote_amplitudes,64,14,28
8.675,9.814163639231882,,quality_mrc_single_variable_reference,72,72,,0.027777777777777776,2.4819400513138925,2.9529963435444024,0.5580475642004841,13.1315693283214,cs_102621,1b,True,remote_amplitudes,66,15,30
8.675,10.024194209783904,,quality_mrc_single_variable_reference,72,72,,0.041666666666666664,2.4435501565470954,2.338720915656972,0.5303568178174894,15.552671006154501,cs_102621,1b,True,remote_amplitudes,68,16,32
8.675,10.747831657853805,,quality_mrc_single_variable_reference,72,72,,0.041666666666666664,2.440578666149589,1.9709873697236857,0.5281785030752965,23.894313058833475,cs_102621,1b,True,remote_amplitudes,70,17,34
8.675,11.328061795420108,,quality_mrc_single_variable_reference,72,72,,0.041666666666666664,2.420949795563976,2.9740113219210556,0.5211375091750273,30.582844903978184,cs_102621,1b,True,remote_amplitudes,72,18,36
8.675,11.344012052769317,,quality_mrc_single_variable_reference,72,72,,0.06944444444444445,2.3754284267272703,4.235787092174682,0.47896445969153806,30.76670954200941,cs_102621,1b,True,remote_amplitudes,74,19,38
8.675,11.215461023503353,,quality_mrc_single_variable_reference,72,72,,0.0,2.3742484669678907,4.880990992943577,0.47589762127068946,29.28485329686862,cs_102621,1b,True,remote_amplitudes,76,20,40
8.675,11.131825952402638,,quality_mrc_single_variable_reference,72,72,,0.027777777777777776,2.3936802059574926,4.745531124363102,0.4495619276596899,28.320760258243656,cs_102621,1b,True,remote_amplitudes,78,21,42
8.675,11.183143324735333,,quality_mrc_single_variable_reference,72,72,,0.027777777777777776,2.4403832402936465,3.452887637579817,0.44522901703612955,28.912314982539854,cs_102621,1b,True,remote_amplitudes,80,22,44
8.675,11.141520819699103,,quality_mrc_single_variable_reference,72,72,,0.013888888888888888,2.4063767059825247,2.5419873595288047,0.454928368854855,28.432516653591954,cs_102621,1b,True,remote_amplitudes,82,23,46
8.675,11.188482411749936,,quality_mrc_single_variable_reference,72,72,,0.0,2.3172610449955093,2.206039209254912,0.44630460747725115,28.973860654177923,cs_102621,1b,True,remote_amplitudes,84,24,48
8.675,11.132086083148277,,quality_mrc_single_variable_reference,72,72,,0.0,2.183785140589948,2.567680446978136,0.4585978946549733,28.323758883553612,cs_102621,1b,True,remote_amplitudes,86,25,50
8.675,11.006380777274723,,quality_mrc_single_variable_reference,72,72,,0.0,2.1020591862930424,3.0036471958322624,0.4642069907360886,26.874706366279216,cs_102621,1b,True,remote_amplitudes,88,26,52
11.49,16.932081778831638,,quality_mrc_single_variable_reference,72,72,,0.0,1.5901702593824574,1.4122935355385697,0.43604029489201435,47.363636021163074,cs_102621,2a,True,remote_amplitudes,36,0,0
11.49,10.065088429584401,,quality_mrc_single_variable_reference,72,72,,0.0,1.5411410536158954,1.294623500594026,0.44743362633149353,12.40131915070147,cs_102621,2a,True,remote_amplitudes,38,1,2
11.49,10.263845583184828,,quality_mrc_single_variable_reference,72,72,,0.0,1.6124550934863828,1.837566463696001,0.46617778284579453,10.671491878286961,cs_102621,2a,True,remote_amplitudes,40,2,4
11.49,nan,segment_too_short_or_no_tones,quality_mrc_single_variable_reference,,,0,,,,,nan,cs_102621,2b,False,remote_amplitudes,,0,
14.04,15.149246447534141,,quality_mrc_single_variable_reference,72,72,,0.0,1.9238640532976332,3.665340890084718,0.4514077530268505,7.9006157231776495,cs_102621,3,True,remote_amplitudes,36,0,0
14.04,15.125872404810789,,quality_mrc_single_variable_reference,72,72,,0.0,2.053972535921926,2.9809058891132367,0.4491381510859177,7.734133937398786,cs_102621,3,True,remote_amplitudes,38,1,2
14.04,15.151986704351865,,quality_mrc_single_variable_reference,72,72,,0.0,2.035077753335166,2.920805637157444,0.4598508850497158,7.920133221879386,cs_102621,3,True,remote_amplitudes,40,2,4
14.04,15.167825467040043,,quality_mrc_single_variable_reference,72,72,,0.0,2.0473806587526746,2.7067668135562015,0.45552723979619053,8.032944921937633,cs_102621,3,True,remote_amplitudes,42,3,6
14.04,15.291018528037132,,quality_mrc_single_variable_reference,72,72,,0.013888888888888888,2.1297412811371723,2.560197821818466,0.47003357149555625,8.910388376332852,cs_102621,3,True,remote_amplitudes,44,4,8
14.04,15.396460615900248,,quality_mrc_single_variable_reference,72,72,,0.027777777777777776,2.149542069584604,2.7263762342950986,0.4611435279466379,9.661400398149917,cs_102621,3,True,remote_amplitudes,46,5,10
14.04,14.865002962906514,,quality_mrc_single_variable_reference,72,72,,0.041666666666666664,2.1722011052553967,2.6420686369923643,0.4593852386275789,5.8760894793911325,cs_102621,3,True,remote_amplitudes,48,6,12
14.04,17.962914373625157,,quality_mrc_single_variable_reference,72,72,,0.041666666666666664,2.129466347299935,1.8912054718682536,0.4649811376811874,27.940985567130756,cs_102621,3,True,remote_amplitudes,50,7,14
14.04,18.457291371709033,,quality_mrc_single_variable_reference,72,72,,0.05555555555555555,2.1834689428452503,2.015534030151578,0.4493486150110411,31.46218925718685,cs_102621,3,True,remote_amplitudes,52,8,16
14.04,12.687234282834797,,quality_mrc_single_variable_reference,72,72,,0.041666666666666664,2.23004057986084,1.8317524990739997,0.46305044483764196,9.635083455592605,cs_102621,3,True,remote_amplitudes,54,9,18
14.04,12.051774191388576,,quality_mrc_single_variable_reference,72,72,,0.041666666666666664,2.3574963505017337,1.9777024047324785,0.47010842721841634,14.161152482987344,cs_102621,3,True,remote_amplitudes,56,10,20
14.04,11.50535700176079,,quality_mrc_single_variable_reference,72,72,,0.027777777777777776,2.432597265608999,2.062063536734926,0.4732666912887556,18.053012807971573,cs_102621,3,True,remote_amplitudes,58,11,22
14.04,11.687538208508432,,quality_mrc_single_variable_reference,72,72,,0.013888888888888888,2.506313417078244,1.8725123722694872,0.5165097628323897,16.755425865324554,cs_102621,3,True,remote_amplitudes,60,12,24
14.04,12.050635606662501,,quality_mrc_single_variable_reference,72,72,,0.013888888888888888,2.5182144896686136,1.8952668468632876,0.5127500990345536,14.169262060808391,cs_102621,3,True,remote_amplitudes,62,13,26
14.04,12.901250191438447,,quality_mrc_single_variable_reference,72,72,,0.013888888888888888,2.4931427851431094,2.1292241304795785,0.4977161815379758,8.11075362223328,cs_102621,3,True,remote_amplitudes,64,14,28
14.04,13.373400677912223,,quality_mrc_single_variable_reference,72,72,,0.013888888888888888,2.4721181614293735,2.8237580054773788,0.5003304990663081,4.747858419428608,cs_102621,3,True,remote_amplitudes,66,15,30
14.04,13.677381554865951,,quality_mrc_single_variable_reference,72,72,,0.013888888888888888,2.4468035428587798,3.8043629331094584,0.5166386118218982,2.5827524582197166,cs_102621,3,True,remote_amplitudes,68,16,32
14.04,13.84810081110708,,quality_mrc_single_variable_reference,72,72,,0.013888888888888888,2.345988301760732,5.10965607608579,0.5168599950628543,1.3668033396931516,cs_102621,3,True,remote_amplitudes,70,17,34
14.04,13.999131554712786,,quality_mrc_single_variable_reference,72,72,,0.027777777777777776,2.222880248022418,6.220283566111114,0.5199135656609973,0.2910857926439673,cs_102621,3,True,remote_amplitudes,72,18,36
14.04,14.096007731251364,,quality_mrc_single_variable_reference,72,72,,0.013888888888888888,2.114094093534801,7.453526655576954,0.5192243209612222,0.39891546475330836,cs_102621,3,True,remote_amplitudes,74,19,38
14.04,14.09645218213428,,quality_mrc_single_variable_reference,72,72,,0.013888888888888888,2.105624795461173,7.09052466560189,0.5049684271144875,0.40208106933248694,cs_102621,3,True,remote_amplitudes,76,20,40
14.04,14.02675229699228,,quality_mrc_single_variable_reference,72,72,,0.013888888888888888,2.1510165863448028,6.347467971390482,0.48042905018286175,0.09435685902934032,cs_102621,3,True,remote_amplitudes,78,21,42
14.04,13.874454778803145,,quality_mrc_single_variable_reference,72,72,,0.0,2.1815716114739407,6.737965531556217,0.4557392635909242,1.1790970170716129,cs_102621,3,True,remote_amplitudes,80,22,44
14.04,13.68088799941165,,quality_mrc_single_variable_reference,72,72,,0.0,2.043603959701142,5.607411508327989,0.43927757728692945,2.5577777819682948,cs_102621,3,True,remote_amplitudes,82,23,46
14.04,13.501237440755123,,quality_mrc_single_variable_reference,72,72,,0.0,1.9677472457644996,4.993158670497947,0.43162716532554335,3.837340165561798,cs_102621,3,True,remote_amplitudes,84,24,48
14.04,13.494965433924577,,quality_mrc_single_variable_reference,72,72,,0.0,1.955425207012902,4.276563020562602,0.4312204646094172,3.882012578884775,cs_102621,3,True,remote_amplitudes,86,25,50
16.17,14.929645110141514,,quality_mrc_single_variable_reference,72,72,,0.0,1.208582422127114,2.612536219200311,0.36702655765031716,7.670716696712969,cs_102621,4a,True,remote_amplitudes,36,0,0
16.17,14.437024937287601,,quality_mrc_single_variable_reference,72,72,,0.0,1.2807882998951807,2.8514127979263324,0.36407603640444997,10.717223640769328,cs_102621,4a,True,remote_amplitudes,38,1,2
16.17,13.686467233480247,,quality_mrc_single_variable_reference,72,72,,0.0,1.4164009537192592,3.683708539042152,0.369008933887078,15.358891567840164,cs_102621,4a,True,remote_amplitudes,40,2,4
16.17,13.022105708746768,,quality_mrc_single_variable_reference,72,72,,0.0,1.371083547589653,3.986066341503389,0.3720971373477437,19.467497162976088,cs_102621,4a,True,remote_amplitudes,42,3,6
16.17,13.111187336861876,,quality_mrc_single_variable_reference,72,72,,0.0,1.346832375217037,4.334910644406237,0.3930259185030723,18.91659037191172,cs_102621,4a,True,remote_amplitudes,44,4,8
16.17,13.253447817592678,,quality_mrc_single_variable_reference,72,72,,0.0,1.3434189406641357,4.757100146691672,0.4069226443166424,18.03681003344047,cs_102621,4a,True,remote_amplitudes,46,5,10
16.17,nan,segment_too_short_or_no_tones,quality_mrc_single_variable_reference,,,0,,,,,nan,cs_102621,4b,False,remote_amplitudes,,0,
8.675,9.543621245343326,,quality_mrc_single_variable_reference,72,72,,0.027777777777777776,1.773826487215862,5.2552272432431995,0.43814394924023126,10.012925018366861,cs_102621,1a,True,phases,36,0,0
8.675,9.31287111218533,,quality_mrc_single_variable_reference,72,72,,0.041666666666666664,1.8885237278993938,9.396833809679597,0.4528070417004388,7.352981120291988,cs_102621,1a,True,phases,38,1,2
8.675,9.047977229137002,,quality_mrc_single_variable_reference,72,72,,0.027777777777777776,2.0041808902907934,13.347248582432155,0.4605611143335178,4.299449327227682,cs_102621,1a,True,phases,40,2,4
8.675,8.55301397459378,,quality_mrc_single_variable_reference,72,72,,0.013888888888888888,2.0145886915870204,10.046636398935549,0.46915520237092445,1.406178967218684,cs_102621,1a,True,phases,42,3,6
8.675,7.783430306011735,,quality_mrc_single_variable_reference,72,72,,0.027777777777777776,1.9882211001872092,5.788105302011927,0.4596006067982374,10.277460449432455,cs_102621,1a,True,phases,44,4,8
8.675,7.317632257072181,,quality_mrc_single_variable_reference,72,72,,0.013888888888888888,1.973531056968166,2.6929742247520103,0.46427791681241654,15.646890408389853,cs_102621,1a,True,phases,46,5,10
8.675,7.152642923115458,,quality_mrc_single_variable_reference,72,72,,0.0,1.9542728610981461,2.875365362812021,0.4927524582230192,17.548784747948616,cs_102621,1a,True,phases,48,6,12
8.675,7.120171550617141,,quality_mrc_single_variable_reference,72,72,,0.0,2.0159802291407,2.2523621360451687,0.508521414990618,17.923094517381664,cs_102621,1a,True,phases,50,7,14
8.675,14.284540702595898,,quality_mrc_single_variable_reference,72,72,,0.013888888888888888,2.1293644771454012,2.0408240517376344,0.5170395952946008,64.66329340168181,cs_102621,1a,True,phases,52,8,16
8.675,14.167251084558352,,quality_mrc_single_variable_reference,72,72,,0.027777777777777776,2.056906732560659,1.5823075630786982,0.5130272174548979,63.31125169519712,cs_102621,1a,True,phases,54,9,18
8.675,13.704685271932266,,quality_mrc_single_variable_reference,72,72,,0.027777777777777776,2.129039362177215,1.3604151796737174,0.5198028799772407,57.97908094446416,cs_102621,1a,True,phases,56,10,20
8.675,9.955894115425792,,quality_mrc_single_variable_reference,72,72,,0.041666666666666664,2.1510651464062187,1.8741311603877393,0.5308443422485011,14.765350033726705,cs_102621,1a,True,phases,58,11,22
8.675,10.274507197893747,,quality_mrc_single_variable_reference,72,72,,0.041666666666666664,2.122176077830604,3.310833801404467,0.5517015169897194,18.4381233186599,cs_102621,1a,True,phases,60,12,24
8.675,10.198945609084172,,quality_mrc_single_variable_reference,72,72,,0.05555555555555555,2.062957475778043,5.568189439467396,0.5359360975123899,17.567096358318974,cs_102621,1a,True,phases,62,13,26
8.675,10.058417609490446,,quality_mrc_single_variable_reference,72,72,,0.08333333333333333,2.019109670354992,11.447048749303827,0.4715149183334603,15.9471770546449,cs_102621,1a,True,phases,64,14,28
8.675,9.80948764144711,,quality_mrc_single_variable_reference,72,72,,0.09722222222222222,2.096838367677334,13.646024363111074,0.45279564872010886,13.077667336566096,cs_102621,1a,True,phases,66,15,30
8.675,9.617828131036816,,quality_mrc_single_variable_reference,72,72,,0.1111111111111111,2.1802522199307526,22.56798125425703,0.4360128887829091,10.868335804458969,cs_102621,1a,True,phases,68,16,32
8.675,9.43785296107346,,quality_mrc_single_variable_reference,72,72,,0.1111111111111111,2.2741043204954683,18.076816906724815,0.4300850599442149,8.793694075774749,cs_102621,1a,True,phases,70,17,34
8.675,9.310880739229702,,quality_mrc_single_variable_reference,72,72,,0.1111111111111111,2.3285298222905157,15.124572952797548,0.42223584389073204,7.33003733982365,cs_102621,1a,True,phases,72,18,36
8.675,9.260009574295374,,quality_mrc_single_variable_reference,72,72,,0.09722222222222222,2.329774732001899,14.489213527056206,0.45500265360056286,6.743626216661363,cs_102621,1a,True,phases,74,19,38
8.675,9.301197353639955,,quality_mrc_single_variable_reference,72,72,,0.08333333333333333,2.3767081336492026,12.76104732340254,0.46035404820345216,7.2184132984432745,cs_102621,1a,True,phases,76,20,40
8.675,9.366433466907425,,quality_mrc_single_variable_reference,72,72,,0.08333333333333333,2.325012980984702,10.617510641873553,0.4653468706025286,7.970414604120169,cs_102621,1a,True,phases,78,21,42
8.675,9.487787747917992,,quality_mrc_single_variable_reference,72,72,,0.06944444444444445,2.298350355716469,8.128554211382985,0.47646338679967415,9.369311215192976,cs_102621,1a,True,phases,80,22,44
8.675,9.521229995969115,,quality_mrc_single_variable_reference,72,72,,0.05555555555555555,2.332184117347984,7.08838029089048,0.477216365694235,9.754812633649733,cs_102621,1a,True,phases,82,23,46
8.675,9.528968002831698,,quality_mrc_single_variable_reference,72,72,,0.041666666666666664,2.3191268734981834,6.498130171670443,0.4729345207864796,9.844011560019569,cs_102621,1a,True,phases,84,24,48
8.675,9.613663447971723,,quality_mrc_single_variable_reference,72,72,,0.041666666666666664,2.1163297929572176,6.026560828243884,0.46515539870732747,10.820327930509762,cs_102621,1b,True,phases,36,0,0
8.675,9.84145181440503,,quality_mrc_single_variable_reference,72,72,,0.05555555555555555,2.452452691765419,5.326385321784674,0.46962445407857123,13.4461304254182,cs_102621,1b,True,phases,38,1,2
8.675,9.980462640279873,,quality_mrc_single_variable_reference,72,72,,0.05555555555555555,2.7136980628090686,5.038194242589122,0.4668121847651991,15.048560694868844,cs_102621,1b,True,phases,40,2,4
8.675,9.95636185742125,,quality_mrc_single_variable_reference,72,72,,0.041666666666666664,2.625910328160296,5.814651362588479,0.45574962201623415,14.770741872291055,cs_102621,1b,True,phases,42,3,6
8.675,9.842576578456681,,quality_mrc_single_variable_reference,72,72,,0.08333333333333333,2.4921404879733604,4.886905576776957,0.4615203454601201,13.459096005264326,cs_102621,1b,True,phases,44,4,8
8.675,9.488366940810089,,quality_mrc_single_variable_reference,72,72,,0.06944444444444445,2.384550113315026,4.557767065011393,0.46878769304913726,9.375987790318014,cs_102621,1b,True,phases,46,5,10
8.675,9.013432982441573,,quality_mrc_single_variable_reference,72,72,,0.027777777777777776,2.308393823435937,4.64294211125515,0.48128865216301736,3.9012447543697126,cs_102621,1b,True,phases,48,6,12
8.675,8.590329864968586,,quality_mrc_single_variable_reference,72,72,,0.013888888888888888,2.1813996989019437,5.639525711068272,0.4893085155797718,0.9760246113131356,cs_102621,1b,True,phases,50,7,14
8.675,8.133694645634106,,quality_mrc_single_variable_reference,72,72,,0.0,2.1203019533520284,7.094775325109695,0.4993838103537449,6.2398311742466195,cs_102621,1b,True,phases,52,8,16
8.675,7.774246537971221,,quality_mrc_single_variable_reference,72,72,,0.0,2.057853256567585,9.661506287419336,0.49675769520638946,10.383325210706392,cs_102621,1b,True,phases,54,9,18
8.675,7.534489856768057,,quality_mrc_single_variable_reference,72,72,,0.0,2.066053385604116,15.592368698940895,0.5022408361065256,13.147090988264479,cs_102621,1b,True,phases,56,10,20
8.675,7.41443700668273,,quality_mrc_single_variable_reference,72,72,,0.013888888888888888,2.0669923880253327,29.065136707182074,0.507584508977877,14.53098551374375,cs_102621,1b,True,phases,58,11,22
8.675,7.475655922567734,,quality_mrc_single_variable_reference,72,72,,0.013888888888888888,2.080163896418089,37.86740166315722,0.5129909486623301,13.825291958873393,cs_102621,1b,True,phases,60,12,24
8.675,7.581666135777248,,quality_mrc_single_variable_reference,72,72,,0.013888888888888888,2.087978517945929,30.501815480614816,0.5133925856513109,12.603272210060545,cs_102621,1b,True,phases,62,13,26
8.675,7.757887308072028,,quality_mrc_single_variable_reference,72,72,,0.027777777777777776,2.038908316475962,24.188330479869567,0.5292527550589844,10.571904229717267,cs_102621,1b,True,phases,64,14,28
8.675,7.9181772312700325,,quality_mrc_single_variable_reference,72,72,,0.06944444444444445,1.9754330813697125,19.69378772075034,0.5255496562585861,8.72418177210338,cs_102621,1b,True,phases,66,15,30
8.675,8.018053020403721,,quality_mrc_single_variable_reference,72,72,,0.06944444444444445,1.969527413430457,21.36875170587422,0.5104956481356898,7.57287584549025,cs_102621,1b,True,phases,68,16,32
8.675,8.142587110096386,,quality_mrc_single_variable_reference,72,72,,0.05555555555555555,1.9852363704804101,26.9104066472726,0.5144272780762686,6.137324379292388,cs_102621,1b,True,phases,70,17,34
8.675,8.329862006947968,,quality_mrc_single_variable_reference,72,72,,0.05555555555555555,2.047300333607628,22.903945555775618,0.4956852609648394,3.9785359429629144,cs_102621,1b,True,phases,72,18,36
8.675,8.497769593242579,,quality_mrc_single_variable_reference,72,72,,0.05555555555555555,2.032536326917384,22.989249475381108,0.5057088808770616,2.043001807001985,cs_102621,1b,True,phases,74,19,38
8.675,8.662738368325993,,quality_mrc_single_variable_reference,72,72,,0.06944444444444445,2.005476221907211,21.46865025530822,0.5167935577866312,0.14134445733726622,cs_102621,1b,True,phases,76,20,40
8.675,8.789620465920455,,quality_mrc_single_variable_reference,72,72,,0.08333333333333333,2.028694299474677,23.691118235298394,0.5116898294437316,1.3212733823683527,cs_102621,1b,True,phases,78,21,42
8.675,8.842565773443994,,quality_mrc_single_variable_reference,72,72,,0.09722222222222222,2.120954585896072,23.251593778387388,0.5053443377874376,1.9315939301901213,cs_102621,1b,True,phases,80,22,44
8.675,8.893613825368892,,quality_mrc_single_variable_reference,72,72,,0.09722222222222222,2.1502909408201876,14.261062809009239,0.4775050197696194,2.5200440964713655,cs_102621,1b,True,phases,82,23,46
8.675,8.89670170072686,,quality_mrc_single_variable_reference,72,72,,0.1111111111111111,2.189996348219513,9.39572379823252,0.4605676463700532,2.555639201462353,cs_102621,1b,True,phases,84,24,48
8.675,8.867190372546744,,quality_mrc_single_variable_reference,72,72,,0.08333333333333333,2.143814535869234,8.319172651077892,0.4855566218748441,2.2154509803659224,cs_102621,1b,True,phases,86,25,50
8.675,8.861930437497547,,quality_mrc_single_variable_reference,72,72,,0.08333333333333333,2.0103584721305428,11.165313281641959,0.4522476869965253,2.1548177233146513,cs_102621,1b,True,phases,88,26,52
11.49,13.826675143910055,,quality_mrc_single_variable_reference,72,72,,0.0,1.6789881200484305,6.990228785111636,0.4882317065971354,20.336598293386032,cs_102621,2a,True,phases,36,0,0
11.49,13.674679700001393,,quality_mrc_single_variable_reference,72,72,,0.0,1.6899094785263777,4.819429036326756,0.5002605945009923,19.01374847694859,cs_102621,2a,True,phases,38,1,2
11.49,13.149148344405091,,quality_mrc_single_variable_reference,72,72,,0.0,1.7654123176957208,3.3474710882335907,0.5185423593635027,14.439933371671811,cs_102621,2a,True,phases,40,2,4
11.49,nan,segment_too_short_or_no_tones,quality_mrc_single_variable_reference,,,0,,,,,nan,cs_102621,2b,False,phases,,0,
14.04,13.394756580004067,,quality_mrc_single_variable_reference,72,72,,0.0,2.0173988231410487,4.194174139578418,0.4484504667541991,4.595750854671881,cs_102621,3,True,phases,36,0,0
14.04,12.997777922171007,,quality_mrc_single_variable_reference,72,72,,0.0,2.21027139405029,4.942800219864707,0.43883538994547344,7.423234172571168,cs_102621,3,True,phases,38,1,2
14.04,12.640547671073165,,quality_mrc_single_variable_reference,72,72,,0.0,2.287617611361796,5.434692424914506,0.42671727914339025,9.967609180390559,cs_102621,3,True,phases,40,2,4
14.04,12.471572674146309,,quality_mrc_single_variable_reference,72,72,,0.0,2.235866414794811,5.426597342669908,0.4190828426817646,11.171134799527712,cs_102621,3,True,phases,42,3,6
14.04,12.510473307241067,,quality_mrc_single_variable_reference,72,72,,0.0,2.175397267084168,5.044311276760524,0.4013028033015318,10.894064763240255,cs_102621,3,True,phases,44,4,8
14.04,12.8412134726015,,quality_mrc_single_variable_reference,72,72,,0.0,2.1418469165111986,4.072784454733817,0.3920395930528379,8.538365579761384,cs_102621,3,True,phases,46,5,10
14.04,13.36410871308162,,quality_mrc_single_variable_reference,72,72,,0.0,2.150599005091393,4.5098892143962885,0.3827486471127629,4.814040505116659,cs_102621,3,True,phases,48,6,12
14.04,13.920914317970647,,quality_mrc_single_variable_reference,72,72,,0.0,2.069500418763005,7.036472346896018,0.3856644339751007,0.8481886184426796,cs_102621,3,True,phases,50,7,14
14.04,14.288612820980052,,quality_mrc_single_variable_reference,72,72,,0.0,2.0640224055527696,11.531398480838064,0.3938207889742844,1.770746588177018,cs_102621,3,True,phases,52,8,16
14.04,14.517568994200024,,quality_mrc_single_variable_reference,72,72,,0.013888888888888888,2.011038430967439,9.060963525540926,0.4076464468985362,3.4014885626782427,cs_102621,3,True,phases,54,9,18
14.04,14.582638279390483,,quality_mrc_single_variable_reference,72,72,,0.0,2.002608372473499,6.904319255508616,0.4124735996760272,3.8649450099037344,cs_102621,3,True,phases,56,10,20
14.04,14.657677357987051,,quality_mrc_single_variable_reference,72,72,,0.0,1.9896742149340458,4.883775357797081,0.4264718462201793,4.39941138167416,cs_102621,3,True,phases,58,11,22
14.04,14.707582756886673,,quality_mrc_single_variable_reference,72,72,,0.013888888888888888,1.9395036481830503,3.7300263610349815,0.4261027339794088,4.754862940788274,cs_102621,3,True,phases,60,12,24
14.04,14.882807108558893,,quality_mrc_single_variable_reference,72,72,,0.013888888888888888,1.9455170810146096,3.4179274334107106,0.4336437354719441,6.002899633610356,cs_102621,3,True,phases,62,13,26
14.04,15.182855263696617,,quality_mrc_single_variable_reference,72,72,,0.027777777777777776,1.9415668247361322,3.3445910736028606,0.45070351122793917,8.139994755673914,cs_102621,3,True,phases,64,14,28
14.04,15.132706839301365,,quality_mrc_single_variable_reference,72,72,,0.05555555555555555,1.8964145984718845,4.634684041063283,0.46915384508279606,7.782812245736224,cs_102621,3,True,phases,66,15,30
14.04,14.84102824468171,,quality_mrc_single_variable_reference,72,72,,0.06944444444444445,1.7217935621360623,5.3611477983049305,0.4752579655877225,5.705329378074858,cs_102621,3,True,phases,68,16,32
14.04,14.422782297846217,,quality_mrc_single_variable_reference,72,72,,0.041666666666666664,1.6950045290665716,7.306358566223086,0.4913176249780822,2.726369642779328,cs_102621,3,True,phases,70,17,34
14.04,14.025243273520356,,quality_mrc_single_variable_reference,72,72,,0.041666666666666664,1.5274388063434294,4.753446646871531,0.49561422165677094,0.10510488945614588,cs_102621,3,True,phases,72,18,36
14.04,13.463858794996723,,quality_mrc_single_variable_reference,72,72,,0.06944444444444445,1.5132191276821956,3.6137055213368474,0.46343047841190615,4.103569836205673,cs_102621,3,True,phases,74,19,38
14.04,12.745393888447412,,quality_mrc_single_variable_reference,72,72,,0.027777777777777776,1.5525671639699,3.2196008871632835,0.442746346395353,9.220841250374557,cs_102621,3,True,phases,76,20,40
14.04,12.042777436562254,,quality_mrc_single_variable_reference,72,72,,0.0,1.5013950769381732,4.1304734574199,0.4262901660738712,14.225231933317275,cs_102621,3,True,phases,78,21,42
14.04,11.69232668348625,,quality_mrc_single_variable_reference,72,72,,0.0,1.4322814392523397,4.699146827450588,0.4154227511751667,16.721319918189096,cs_102621,3,True,phases,80,22,44
14.04,11.73748249422446,,quality_mrc_single_variable_reference,72,72,,0.0,1.4057487813115712,3.9250836797588433,0.40250628080856277,16.39969733458361,cs_102621,3,True,phases,82,23,46
14.04,11.85653460695682,,quality_mrc_single_variable_reference,72,72,,0.0,1.3325464207163629,2.4302882912450654,0.3868046726998541,15.551747813697853,cs_102621,3,True,phases,84,24,48
14.04,12.215946775846177,,quality_mrc_single_variable_reference,72,72,,0.0,1.319978880931409,1.7562934643150305,0.38840242779017464,12.991832080867677,cs_102621,3,True,phases,86,25,50
16.17,7.088606109462656,,quality_mrc_single_variable_reference,72,72,,0.0,1.3674180903511723,3.7832877099877154,0.411132768721259,56.161990665042325,cs_102621,4a,True,phases,36,0,0
16.17,6.735844511320882,,quality_mrc_single_variable_reference,72,72,,0.0,1.345370365045292,4.996188480219206,0.429420312272007,58.3435713585598,cs_102621,4a,True,phases,38,1,2
16.17,6.357020547945206,,quality_mrc_single_variable_reference,72,72,,0.0,1.346679598273048,4.0968916627213305,0.43928101727918006,60.686329326251055,cs_102621,4a,True,phases,40,2,4
16.17,6.357020547945206,,quality_mrc_single_variable_reference,72,72,,0.0,1.327290664079457,3.2738948350490573,0.43415345596358157,60.686329326251055,cs_102621,4a,True,phases,42,3,6
16.17,6.357020547945206,,quality_mrc_single_variable_reference,72,72,,0.0,1.2622875840525576,2.4500863620170183,0.42639477766726286,60.686329326251055,cs_102621,4a,True,phases,44,4,8
16.17,6.357020547945206,,quality_mrc_single_variable_reference,72,72,,0.0,1.2315162991280983,1.8320456290299862,0.4157568397065716,60.686329326251055,cs_102621,4a,True,phases,46,5,10
16.17,nan,segment_too_short_or_no_tones,quality_mrc_single_variable_reference,,,0,,,,,nan,cs_102621,4b,False,phases,,0,
